-- phpMyAdmin SQL Dump
-- version 3.5.8.2
-- http://www.phpmyadmin.net
--
-- Host: localhost
-- Generation Time: Mar 19, 2014 at 11:37 PM
-- Server version: 5.5.36-MariaDB
-- PHP Version: 5.5.10

SET SQL_MODE="NO_AUTO_VALUE_ON_ZERO";
SET time_zone = "+00:00";


/*!40101 SET @OLD_CHARACTER_SET_CLIENT=@@CHARACTER_SET_CLIENT */;
/*!40101 SET @OLD_CHARACTER_SET_RESULTS=@@CHARACTER_SET_RESULTS */;
/*!40101 SET @OLD_COLLATION_CONNECTION=@@COLLATION_CONNECTION */;
/*!40101 SET NAMES utf8 */;

--
-- Database: `coachcenter`
--

-- --------------------------------------------------------

--
-- Table structure for table `competition`
--

CREATE TABLE IF NOT EXISTS `competition` (
  `id` int(11) NOT NULL AUTO_INCREMENT,
  `name` varchar(60) DEFAULT NULL,
  PRIMARY KEY (`id`)
) ENGINE=InnoDB  DEFAULT CHARSET=latin1 AUTO_INCREMENT=2 ;

--
-- Dumping data for table `competition`
--

INSERT INTO `competition` (`id`, `name`) VALUES
(1, 'World Cup');

-- --------------------------------------------------------

--
-- Table structure for table `country`
--

CREATE TABLE IF NOT EXISTS `country` (
  `id` int(11) NOT NULL AUTO_INCREMENT,
  `name` varchar(60) DEFAULT NULL,
  `continent_id` int(11) DEFAULT NULL,
  `abbreviation` char(4) DEFAULT NULL,
  PRIMARY KEY (`id`),
  KEY `continent` (`continent_id`)
) ENGINE=InnoDB  DEFAULT CHARSET=latin1 AUTO_INCREMENT=331 ;

--
-- Dumping data for table `country`
--

INSERT INTO `country` (`id`, `name`, `continent_id`, `abbreviation`) VALUES
(1, 'Belgium', 1, 'be'),
(2, 'Russia', 1, 'ru'),
(4, 'Angola', 2, 'an'),
(5, 'Bantu', 2, 'ba'),
(6, 'Benin', 2, 'be'),
(7, 'Botswana', 2, 'bt'),
(8, 'Burkina Faso (Upper Volta)', 2, 'bf'),
(9, 'Burundi', 2, 'br'),
(10, 'Bushman', 2, 'bu'),
(11, 'Bushongo', 2, 'bh'),
(12, 'Cameroon', 2, 'cr'),
(13, 'Canary Is.', 2, 'ci'),
(14, 'Cape Verde', 2, 'cv'),
(15, 'Central African Republic', 2, 'ca'),
(16, 'Dahomean', 2, 'dh'),
(17, 'Egypt', 2, 'eg'),
(18, 'Eritrea', 2, 'er'),
(19, 'Ethiopia', 2, 'et'),
(20, 'Gabon', 2, 'gb'),
(21, 'Gambia', 2, 'ga'),
(22, 'Ghana', 2, 'gh'),
(23, 'Gold Coast', 2, 'gc'),
(24, 'Guinea', 2, 'gu'),
(25, 'Hottentot', 2, 'ho'),
(26, 'Ivory Coast', 2, 'ic'),
(27, 'Kenya', 2, 'ky'),
(28, 'Lesotho', 2, 'le'),
(29, 'Liberia', 2, 'li'),
(30, 'Libya', 2, 'lb'),
(31, 'Madagascar', 2, 'md'),
(32, 'Malawi', 2, 'mw'),
(33, 'Mali', 2, 'ml'),
(34, 'Mande', 2, 'mn'),
(35, 'Mauritania', 2, 'mu'),
(36, 'Mauritius', 2, 'ma'),
(37, 'Mbundu', 2, 'mb'),
(38, 'Mende', 2, 'me'),
(39, 'Morocco', 2, 'mr'),
(40, 'Mozambique', 2, 'mz'),
(41, 'Namibia', 2, 'nm'),
(42, 'Niger', 2, 'ng'),
(43, 'Nigeria', 2, 'ni'),
(44, 'Pygmy', 2, 'py'),
(45, 'Republic of Chad', 2, 'ch'),
(46, 'Republic of Djibouti', 2, 'rd'),
(47, 'Republic of Equatorial Guinea', 2, 're'),
(48, 'Republic of Guinea-Bissau', 2, 'rg'),
(49, 'Republic of Sao Tome and Principe', 2, 'rs'),
(50, 'Republic of Seychelles', 2, 'sy'),
(51, 'Rwanda', 2, 'rw'),
(52, 'Semitic', 2, 'se'),
(53, 'Senegal', 2, 'sn'),
(54, 'Sierra Leone', 2, 'sl'),
(55, 'Somalia', 2, 'so'),
(56, 'South Africa', 2, 'sa'),
(57, 'South Sudan', 2, 'ss'),
(58, 'Sudan', 2, 'su'),
(59, 'Swaziland', 2, 'sw'),
(60, 'Tanzania', 2, 'ta'),
(61, 'Togo', 2, 'to'),
(62, 'Tunisia', 2, 'tn'),
(63, 'Uganda', 2, 'ug'),
(64, 'Union of the Comoros', 2, 'uc'),
(65, 'Yao', 2, 'ya'),
(66, 'Zaire', 2, 'za'),
(67, 'Zambia', 2, 'zm'),
(68, 'Zimbabwe', 2, 'zi'),
(69, 'Zulu', 2, 'zu'),
(70, 'America (Antarctica)', 7, 'am'),
(71, 'France (Antarctica)', 7, 'fr'),
(72, 'Afghanistan', 3, 'af'),
(73, 'Akkadian (Accadian)', 3, 'ak'),
(74, 'Altai', 3, 'al'),
(75, 'Arabian', 3, 'ar'),
(76, 'Armenian', 3, 'am'),
(77, 'Assyrian', 3, 'ay'),
(78, 'Assyro-Babylonian', 3, 'ab'),
(79, 'Azerbaijan', 3, 'az'),
(80, 'Babylon', 3, 'by'),
(81, 'Bahrain', 3, 'bi'),
(82, 'Bangladesh', 3, 'ba'),
(83, 'Bhutan', 3, 'bh'),
(84, 'Brunei', 3, 'bn'),
(85, 'Buriat', 3, 'br'),
(86, 'Burma', 3, 'bu'),
(87, 'Cambodia', 3, 'cm'),
(88, 'China', 3, 'ch'),
(89, 'Chukchi', 3, 'cu'),
(90, 'Democratic People''s Republic of Korea', 3, 'dk'),
(91, 'Elamite', 3, 'el'),
(92, 'Evenki', 3, 'ev'),
(93, 'Georgia', 3, 'ge'),
(94, 'Hebrew', 3, 'he'),
(95, 'Hindu', 3, 'hi'),
(96, 'India', 3, 'in'),
(97, 'Indonesia', 3, 'id'),
(98, 'Iran', 3, 'ir'),
(99, 'Iraq', 3, 'iq'),
(100, 'Israel', 3, 'is'),
(101, 'Itelmen', 3, 'it'),
(102, 'Japan', 3, 'ja'),
(103, 'Jewish', 3, 'jw'),
(104, 'Jordan', 3, 'jo'),
(105, 'Kashmir', 3, 'ka'),
(106, 'Kazakhstan', 3, 'kz'),
(107, 'Ket', 3, 'kt'),
(108, 'Korea', 3, 'kr'),
(109, 'Kuwait', 3, 'ku'),
(110, 'Kyrgyzstan', 3, 'ky'),
(111, 'Laos', 3, 'la'),
(112, 'Lebanon', 3, 'le'),
(113, 'Malaysia', 3, 'ma'),
(114, 'Mansi', 3, 'ms'),
(115, 'Mesopotamian', 3, 'me'),
(116, 'Minyong', 3, 'my'),
(117, 'Mongolia', 3, 'mo'),
(118, 'Monguor', 3, 'mg'),
(119, 'Nanai', 3, 'na'),
(120, 'Neghidhian', 3, 'ng'),
(121, 'Nepal', 3, 'ne'),
(122, 'Nganasan', 3, 'ns'),
(123, 'Oman', 3, 'om'),
(124, 'Ostyak', 3, 'os'),
(125, 'Pakistan', 3, 'pk'),
(126, 'Persian', 3, 'pe'),
(127, 'Philippines', 3, 'ph'),
(128, 'Phoenician', 3, 'po'),
(129, 'Qatar', 3, 'qa'),
(130, 'Republic of Korea', 3, 'rk'),
(131, 'Republic of the Maldives', 3, 'ml'),
(132, 'Sanskrit', 3, 'sa'),
(133, 'Saudi Arabia', 3, 'sb'),
(134, 'Scythian', 3, 'sc'),
(135, 'Semitic', 3, 'se'),
(136, 'Siberia', 3, 'si'),
(137, 'Sri Lanka', 3, 'sr'),
(138, 'Sumerian', 3, 'su'),
(139, 'Syria', 3, 'sy'),
(140, 'Taiwan', 3, 'tw'),
(141, 'Tajik', 3, 'tj'),
(142, 'Thailand', 3, 'th'),
(143, 'Tibet', 3, 'tb'),
(144, 'Timor-Leste', 3, 'tl'),
(145, 'Tungu', 3, 'tn'),
(146, 'Turkey', 3, 'tu'),
(147, 'Turkmenistan', 3, 'tk'),
(148, 'Tuva', 3, 'tv'),
(149, 'Ulci', 3, 'ul'),
(150, 'United Arab Emirates', 3, 'ua'),
(151, 'Urartu', 3, 'ur'),
(152, 'Uzbekistan', 3, 'uz'),
(153, 'Vietnam', 3, 'vt'),
(154, 'Yakutian', 3, 'yk'),
(155, 'Yemen', 3, 'ye'),
(156, 'Albania', 1, 'al'),
(157, 'Andorra', 1, 'an'),
(158, 'Austria', 1, 'as'),
(159, 'Bashkir', 1, 'bs'),
(160, 'Belarus', 1, 'bl'),
(161, 'Bulgaria', 1, 'bu'),
(162, 'Byzantine', 1, 'bz'),
(163, 'Caucasus', 1, 'cc'),
(164, 'Celtic', 1, 'ce'),
(165, 'Chuvash', 1, 'ch'),
(166, 'Croatia', 1, 'cr'),
(167, 'Cyprus', 1, 'cy'),
(168, 'Czechoslovakia', 1, 'cz'),
(169, 'Denmark', 1, 'de'),
(170, 'England', 1, 'en'),
(171, 'Eskimo (Greenland)', 1, 'ek'),
(172, 'Estonia', 1, 'es'),
(173, 'Finland', 1, 'fi'),
(174, 'Flemish', 1, 'fl'),
(175, 'France', 1, 'fr'),
(176, 'Germany', 1, 'ge'),
(177, 'Great Britain', 1, 'gb'),
(178, 'Greek', 1, 'gr'),
(179, 'Greenland', 1, 'gl'),
(180, 'Gypsy', 1, 'gy'),
(181, 'Hungary', 1, 'hu'),
(182, 'Iceland', 1, 'ic'),
(183, 'Ireland', 1, 'ir'),
(184, 'Italy', 1, 'it'),
(185, 'Kalmyk', 1, 'kl'),
(186, 'Karelia', 1, 'ka'),
(187, 'Komi', 1, 'ko'),
(188, 'Lapp', 1, 'lp'),
(189, 'Latin', 1, 'la'),
(190, 'Latvia', 1, 'lv'),
(191, 'Liechtenstein', 1, 'le'),
(192, 'Lithuania', 1, 'li'),
(193, 'Luxembourg', 1, 'lu'),
(194, 'Macedonian', 1, 'ma'),
(195, 'Malta', 1, 'ml'),
(196, 'Mari', 1, 'mr'),
(197, 'Moldova', 1, 'md'),
(198, 'Montenegro', 1, 'mn'),
(199, 'Mordvinian', 1, 'mo'),
(200, 'Netherlands', 1, 'nl'),
(201, 'Norse', 1, 'ns'),
(202, 'Norway', 1, 'no'),
(203, 'Oscan', 1, 'os'),
(204, 'Ostrogoth', 1, 'og'),
(205, 'Poland', 1, 'po'),
(206, 'Portugal', 1, 'pg'),
(207, 'Roman', 1, 'rm'),
(208, 'Romania (Rumania)', 1, 'ro'),
(209, 'San Marino', 1, 'sm'),
(210, 'Scandinavian', 1, 'sd'),
(211, 'Scotland', 1, 'sc'),
(212, 'Scythia', 1, 'sy'),
(213, 'Slavic', 1, 'sl'),
(214, 'Slovakia', 1, 'sv'),
(215, 'Slovenia', 1, 'si'),
(216, 'Soviet', 1, 'so'),
(217, 'Spain', 1, 'sp'),
(218, 'Sweden', 1, 'sw'),
(219, 'Switzerland', 1, 'sz'),
(220, 'Tartar', 1, 'tt'),
(221, 'Teutonic', 1, 'tu'),
(222, 'Udmurtian', 1, 'ud'),
(223, 'Ukraine', 1, 'uk'),
(224, 'Wales', 1, 'wa'),
(225, 'Yugoslavia', 1, 'yu'),
(226, 'Aleutian', 5, 'au'),
(227, 'Algonquin', 5, 'al'),
(228, 'American', 5, 'am'),
(229, 'Antigua and Barbuda', 5, 'an'),
(230, 'Arikara', 5, 'ar'),
(231, 'Aruba', 5, 'ab'),
(232, 'Bella Coola', 5, 'bc'),
(233, 'Blackfoot', 5, 'bl'),
(234, 'Canada', 5, 'ca'),
(235, 'Cherokee', 5, 'ce'),
(236, 'Cheyenne', 5, 'cy'),
(237, 'Chickasaw', 5, 'ch'),
(238, 'Chinook', 5, 'ci'),
(239, 'Choktaw', 5, 'co'),
(240, 'Chumash', 5, 'cu'),
(241, 'Commonwealth of the Bahamas', 5, 'ba'),
(242, 'Creek', 5, 'cr'),
(243, 'Dakota', 5, 'da'),
(244, 'Dominica', 5, 'do'),
(245, 'Eskimo', 5, 'es'),
(246, 'Hopi', 5, 'ho'),
(247, 'Iroquois', 5, 'ir'),
(248, 'Klamath', 5, 'kl'),
(249, 'Lakota', 5, 'la'),
(250, 'Mandan', 5, 'ma'),
(251, 'Mexico', 5, 'me'),
(252, 'Navajo', 5, 'nv'),
(253, 'Osage', 5, 'os'),
(254, 'Pawnee', 5, 'pw'),
(255, 'Pequot', 5, 'pe'),
(256, 'Potawatomi', 5, 'po'),
(257, 'Pueblo', 5, 'pu'),
(258, 'Saint Kitts and Nevis', 5, 'sk'),
(259, 'Saint Vincent and the Grenadines', 5, 'sv'),
(260, 'Salish', 5, 'sa'),
(261, 'Seneca', 5, 'se'),
(262, 'Shoshoni', 5, 'sh'),
(263, 'Sioux', 5, 'sx'),
(264, 'Tlingit', 5, 'tl'),
(265, 'United States', 5, 'us'),
(266, 'Zuni', 5, 'zu'),
(267, 'Australia', 8, 'au'),
(268, 'Caroline Is.', 8, 'ci'),
(269, 'Cook Islands', 8, 'co'),
(270, 'Fiji', 8, 'fj'),
(271, 'Guam', 8, 'gm'),
(272, 'Hawaii', 8, 'ha'),
(273, 'Kiribati', 8, 'ki'),
(274, 'Marquesas Islands', 8, 'ma'),
(275, 'Marshall Is.', 8, 'mi'),
(276, 'Melanesia', 8, 'me'),
(277, 'Micronesia', 8, 'mc'),
(278, 'Nauru', 8, 'na'),
(279, 'New Britain', 8, 'nb'),
(280, 'New Caledonia', 8, 'nc'),
(281, 'New Guinea', 8, 'gu'),
(282, 'New Zealand', 8, 'nz'),
(283, 'Papua New Guinea', 8, 'pn'),
(284, 'Polynesia', 8, 'po'),
(285, 'Republic of Palau', 8, 'pa'),
(286, 'Samoa', 8, 'sa'),
(287, 'Society Is.', 8, 'si'),
(288, 'Toamotu', 8, 'tu'),
(289, 'Tonga', 8, 'to'),
(290, 'Tuvalu', 8, 'tv'),
(291, 'Vanuatu', 8, 'va'),
(292, 'Araucanian', 6, 'ac'),
(293, 'Argentina', 6, 'ar'),
(294, 'Aztec', 6, 'az'),
(295, 'Barbados', 6, 'bb'),
(296, 'Belize', 6, 'be'),
(297, 'Bolivia', 6, 'bo'),
(298, 'Bororo', 6, 'rr'),
(299, 'Brazil', 6, 'br'),
(300, 'Chile', 6, 'ch'),
(301, 'Chimalateco', 6, 'ci'),
(302, 'Colombia', 6, 'co'),
(303, 'Costa Rica', 6, 'cr'),
(304, 'Cuba', 6, 'cu'),
(305, 'Dominican Republic', 6, 'dr'),
(306, 'Ecuador', 6, 'ec'),
(307, 'El Salvador', 6, 'es'),
(308, 'Falkland Islands', 6, 'fi'),
(309, 'French Guiana', 6, 'fg'),
(310, 'Grenada', 6, 'gr'),
(311, 'Guatemala', 6, 'gu'),
(312, 'Guyana', 6, 'gy'),
(313, 'Haiti', 6, 'ha'),
(314, 'Honduras', 6, 'ho'),
(315, 'Inca', 6, 'in'),
(316, 'Jamaica', 6, 'jm'),
(317, 'Mayan', 6, 'my'),
(318, 'Nahuatl', 6, 'na'),
(319, 'Netherland (Dutch) Antilles', 6, 'da'),
(320, 'Nicaragua', 6, 'ni'),
(321, 'Panama', 6, 'pm'),
(322, 'Paraguay', 6, 'pa'),
(323, 'Peru', 6, 'pe'),
(324, 'Puerto Rico', 6, 'pr'),
(325, 'Saint Lucia', 6, 'sl'),
(326, 'Suriname', 6, 'su'),
(327, 'Trinidad and Tobago', 6, 'tt'),
(328, 'Uruguay', 6, 'ur'),
(329, 'Venezuela', 6, 've'),
(330, 'Virgin Islands', 6, 'vi');

-- --------------------------------------------------------

--
-- Table structure for table `match`
--

CREATE TABLE IF NOT EXISTS `match` (
  `id` int(11) NOT NULL AUTO_INCREMENT,
  `hometeam_id` int(11) DEFAULT NULL,
  `awayteam_id` int(11) DEFAULT NULL,
  `competition_id` int(11) DEFAULT NULL,
  `date` date DEFAULT NULL,
  PRIMARY KEY (`id`),
  KEY `hometeam` (`hometeam_id`),
  KEY `awayteam` (`awayteam_id`),
  KEY `competition` (`competition_id`)
) ENGINE=InnoDB  DEFAULT CHARSET=latin1 AUTO_INCREMENT=12 ;

--
-- Dumping data for table `match`
--

INSERT INTO `match` (`id`, `hometeam_id`, `awayteam_id`, `competition_id`, `date`) VALUES
(1, 8, 9, 1, '0000-00-00'),
(2, 10, 11, 1, '0000-00-00'),
(3, 1, 12, 1, '0000-00-00'),
(4, 13, 14, 1, '0000-00-00'),
(5, 6, 15, 1, '0000-00-00'),
(6, 16, 17, 1, '0000-00-00'),
(7, 7, 19, 1, '0000-00-00'),
(8, 20, 21, 1, '0000-00-00'),
(9, 2, 4, 1, '0000-00-00'),
(10, 22, 23, 1, '0000-00-00'),
(11, 24, 25, 1, '0000-00-00');

-- --------------------------------------------------------

--
-- Table structure for table `player`
--

CREATE TABLE IF NOT EXISTS `player` (
  `id` int(11) NOT NULL AUTO_INCREMENT,
  `name` varchar(60) CHARACTER SET latin1 DEFAULT NULL,
  `injured` tinyint(1) DEFAULT NULL,
  PRIMARY KEY (`id`)
) ENGINE=InnoDB  DEFAULT CHARSET=utf8 AUTO_INCREMENT=144 ;

--
-- Dumping data for table `player`
--

INSERT INTO `player` (`id`, `name`, `injured`) VALUES
(1, 'Iker Casillas Fernández', 0),
(2, 'José Manuel Reina Páez', 0),
(3, 'Víctor Valdés Arribas', 0),
(4, 'Sergio Ramos García', 0),
(5, 'Juan Francisco Torres Belén', 0),
(6, 'Raúl Albiol Tortajada', 0),
(7, 'César Azpilicueta Tanco', 0),
(8, 'Jordi Alba Ramos', 0),
(9, 'Francesc Fàbregas i Soler', 0),
(10, 'Andrés Iniesta Luján', 0),
(11, 'Xabier Alonso Olana', 0),
(12, 'Xavier Hernández Creus', 0),
(13, 'David Josué Jiménez Silva', 0),
(14, 'Javier Martínez Aginaga', 0),
(15, 'Jesús Navas González', 0),
(16, 'Santiago Cazorla González', 0),
(17, 'Sergio Busquets i Burgos', 0),
(18, 'Thiago Alcântara do Nascimiento', 0),
(19, 'Jorge Resurreción Merodio', 0),
(20, 'Álvaro Negredo Sánchez', 0),
(21, 'Diego Da Silva Costa', 0),
(22, 'Pedro Eliezer Rodríguez Ledesma', 0),
(23, 'Roman Weidenfeller', 0),
(24, 'Manuel Neuer', 0),
(25, 'Marcell Jansen', 0),
(26, 'Philipp Lahm', 0),
(27, 'Per Mertesacker', 0),
(28, 'Jérôme Boateng', 0),
(29, 'Marcel Schmelzer', 0),
(30, 'Shkodran Mustafi', 0),
(31, 'Matthias Ginter', 0),
(32, 'Bastian Schweinsteiger', 0),
(33, 'Mesut Özil', 0),
(34, 'Toni Kroos', 0),
(35, 'Kevin Großkreutz', 0),
(36, 'André Hahn', 0),
(37, 'Mario Götze', 0),
(38, 'Miroslav Klose', 0),
(39, 'Lukas Podolski', 0),
(40, 'André Schürrle', 0),
(41, 'Mariano Gonzalo Andújar', 0),
(42, 'Agustín Ignacio Orión', 0),
(43, 'Sergio Germán Romero', 0),
(44, 'Pablo Javier Zabaleta Girod', 0),
(45, 'Ezequiel Marcelo Garay', 0),
(46, 'José María Basanta', 0),
(47, 'Hugo Armando Campagnaro', 0),
(48, 'Federico Fernández', 0),
(49, 'Nicolás Hernán Otamendi', 0),
(50, 'Faustino Marcos Alberto Rojo', 0),
(51, 'Lisandro Ezequiel López', 0),
(52, 'Gino Peruzzi Lucchetti', 0),
(53, 'Javier Alejandro Mascherano', 0),
(54, 'Maximiliano Rubén ''Maxi'' Rodríguez', 0),
(55, 'Lucas Rodrigo Biglia', 0),
(56, 'Fernando Rubén Gago', 0),
(57, 'Augusto Matías Fernández', 0),
(58, 'José Ernesto Sosa', 0),
(59, 'Ángel Fabián di María Hernández', 0),
(60, 'Éver Maximiliano David Banega', 0),
(61, 'Ricardo Gabriel Álvarez', 0),
(62, 'Rodrigo Sebastián Palacio', 0),
(63, 'Lionel Andrés Messi Cuccittini', 0),
(64, 'Sergio Leonel Agüero del Castillo', 0),
(65, 'Gonzalo Gerardo Higuaín', 0),
(66, 'Ezequiel Iván Lavezzi', 0),
(67, 'António Alberto Bastos Pimparel', 0),
(68, 'Eduardo dos Reis Carvalho', 0),
(69, 'Anthony Lopes', 0),
(70, 'Fábio Alexandre da Silva Coentrão', 0),
(71, 'João Pedro da Silva Pereira', 0),
(72, 'Rolando Jorge Pires da Fonseca', 0),
(73, 'Vitorino Gabriel Pacheco Antunes', 0),
(74, 'Hugo Miguel Almeida Costa Lopes', 0),
(75, 'Luis Carlos Novo Neto', 0),
(76, 'Raul José Trindade Meireles', 0),
(77, 'Miguel Luís Pinto Veloso', 0),
(78, 'João Filipe Iria Santos Moutinho', 0),
(79, 'Josue Filipe Soares Pesqueira', 0),
(80, 'William Silva Carvalho', 0),
(81, 'Rafael Alexandre Fernandes Ferreira da Silva', 0),
(82, 'Cristiano Ronaldo dos Santos Aveiro', 0),
(83, 'Arnaldo Edi Lopes da Silva', 0),
(84, 'Silvestre Manuel Gonçalves Varela', 0),
(85, 'Ivan Ricardo Neves Abreu Cavaleiro', 0),
(86, 'Faryd Camilo Mondragón Aly', 0),
(87, 'David Ospina Ramírez', 0),
(88, 'Camilo Andrés Vargas Gil', 0),
(89, 'Mario Alberto Yepes Díaz', 0),
(90, 'Luis Amaranto Perea Mosquera', 0),
(91, 'Cristian Eduardo Zapata Valencia', 0),
(92, 'Pablo Estífer Armero', 0),
(93, 'Santiago Arias Naranjo', 0),
(94, 'John Steffan Medina Ramírez', 0),
(95, 'Eder Fabián Álvarez Balanta', 0),
(96, 'Abel Enrique Aguilar Tapia', 0),
(97, 'Macnelly Torres Berrío', 0),
(98, 'Carlos Alberto Sánchez Moreno', 0),
(99, 'Edwin Armando Valencia Rodríguez', 0),
(100, 'Aldo Leao Ramírez Sierra', 0),
(101, 'Alexander Mejía Sabalsa', 0),
(102, 'Fredy Alejandro Guarín Vásquez', 0),
(103, 'Juan Guillermo Cuadrado Bello', 0),
(104, 'James David Rodríguez Rubio', 0),
(105, 'Juan Fernando Quintero Paniagua', 0),
(106, 'Teófilo Antonio Gutiérrez Roncancio', 0),
(107, 'Gustavo Adrián Ramos Vásquez', 0),
(108, 'Segundo Víctor Ibarbo Guerrero', 0),
(109, 'Carlos Arturo Bacca Ahumada', 0),
(110, 'Luis Fernando Muriel Fruto', 0),
(111, 'Néstor Fernando Muslera Micol', 0),
(112, 'Martín Andrés Silva Leites', 0),
(113, 'Diego Alfredo Lugano Morena', 0),
(114, 'Jorge Ciro Fucile Perdomo', 0),
(115, 'Victorio Maximiliano Pereira Páez', 0),
(116, 'Diego Roberto Godín Leal', 0),
(117, 'Álvaro Daniel Pereira Barragán', 0),
(118, 'José María Giménez de Vargas', 0),
(119, 'Diego Fernando Pérez Aguado', 0),
(120, 'Cristian Gabriel Rodríguez Barrotti', 0),
(121, 'Walter Alejandro Gargano Guevara', 0),
(122, 'Álvaro Rafael González Luengo', 0),
(123, 'Egídio Raúl Arévalo Ríos', 0),
(124, 'Marcelo Nicolás Lodeiro Benítez', 0),
(125, 'Gastón Exequiel Ramírez Pereyra', 0),
(126, 'Alejandro Daniel Silva González', 0),
(127, 'Luis Alberto Suárez Díaz', 0),
(128, 'Diego Forlán Corazo', 0),
(129, 'Cristhian Ricardo Stuani Curbelo', 0),
(130, 'Diego Benaglio', 0),
(131, 'Yann Sommer', 0),
(132, 'Johan Danon Djourou-Gbadjere', 0),
(133, 'Philippe Senderos', 0),
(134, 'Stephan Lichtsteiner', 0),
(135, 'Steve von Bergen', 0),
(136, 'Michael Lang', 0),
(137, 'Ricardo Rodriguez', 0),
(138, 'Tranquillo Barnetta', 0),
(139, 'Valon Behrami', 0),
(140, 'Blerim Džemaili', 0),
(141, 'Pirmin Schwegler', 0),
(142, 'Gelson Fernandes', 0),
(143, 'Gökhan ?nler', 0);

-- --------------------------------------------------------

--
-- Table structure for table `playerPerTeam`
--

CREATE TABLE IF NOT EXISTS `playerPerTeam` (
  `player_id` int(11) NOT NULL DEFAULT '0',
  `team_id` int(11) NOT NULL DEFAULT '0',
  PRIMARY KEY (`player_id`,`team_id`),
  KEY `player_per_team` (`team_id`)
) ENGINE=InnoDB DEFAULT CHARSET=latin1;

--
-- Dumping data for table `playerPerTeam`
--

INSERT INTO `playerPerTeam` (`player_id`, `team_id`) VALUES
(1, 1),
(2, 1),
(3, 1),
(4, 1),
(5, 1),
(6, 1),
(7, 1),
(8, 1),
(9, 1),
(10, 1),
(11, 1),
(12, 1),
(13, 1),
(14, 1),
(15, 1),
(16, 1),
(17, 1),
(18, 1),
(19, 1),
(20, 1),
(21, 1),
(22, 1),
(23, 2),
(24, 2),
(25, 2),
(26, 2),
(27, 2),
(28, 2),
(29, 2),
(30, 2),
(31, 2),
(32, 2),
(33, 2),
(34, 2),
(35, 2),
(36, 2),
(37, 2),
(38, 2),
(39, 2),
(40, 2),
(41, 3),
(42, 3),
(43, 3),
(44, 3),
(45, 3),
(46, 3),
(47, 3),
(48, 3),
(49, 3),
(50, 3),
(51, 3),
(52, 3),
(53, 3),
(54, 3),
(55, 3),
(56, 3),
(57, 3),
(58, 3),
(59, 3),
(60, 3),
(61, 3),
(62, 3),
(63, 3),
(64, 3),
(65, 3),
(66, 3),
(67, 4),
(68, 4),
(69, 4),
(70, 4),
(71, 4),
(72, 4),
(73, 4),
(74, 4),
(75, 4),
(76, 4),
(77, 4),
(78, 4),
(79, 4),
(80, 4),
(81, 4),
(82, 4),
(83, 4),
(84, 4),
(85, 4),
(86, 5),
(87, 5),
(88, 5),
(89, 5),
(90, 5),
(91, 5),
(92, 5),
(93, 5),
(94, 5),
(95, 5),
(96, 5),
(97, 5),
(98, 5),
(99, 5),
(100, 5),
(101, 5),
(102, 5),
(103, 5),
(104, 5),
(105, 5),
(106, 5),
(107, 5),
(108, 5),
(109, 5),
(110, 5),
(111, 6),
(112, 6),
(113, 6),
(114, 6),
(115, 6),
(116, 6),
(117, 6),
(118, 6),
(119, 6),
(120, 6),
(121, 6),
(122, 6),
(123, 6),
(124, 6),
(125, 6),
(126, 6),
(127, 6),
(128, 6),
(129, 6),
(130, 7),
(131, 7),
(132, 7),
(133, 7),
(134, 7),
(135, 7),
(136, 7),
(137, 7),
(138, 7),
(139, 7),
(140, 7),
(141, 7),
(142, 7);

-- --------------------------------------------------------

--
-- Table structure for table `team`
--

CREATE TABLE IF NOT EXISTS `team` (
  `id` int(11) NOT NULL AUTO_INCREMENT,
  `name` varchar(40) CHARACTER SET latin1 DEFAULT NULL,
  `country_id` int(11) DEFAULT NULL,
  `coach_id` int(11) DEFAULT NULL,
  `fifapoints` int(11) DEFAULT NULL,
  PRIMARY KEY (`id`),
  KEY `country` (`country_id`),
  KEY `coach` (`coach_id`)
) ENGINE=InnoDB  DEFAULT CHARSET=utf8 AUTO_INCREMENT=28 ;

--
-- Dumping data for table `team`
--

INSERT INTO `team` (`id`, `name`, `country_id`, `coach_id`, `fifapoints`) VALUES
(1, 'Spain', 217, 1, 1510),
(2, 'Germany', 176, 1, 1336),
(3, 'Argentina', 293, 1, 1234),
(4, 'Portugal', 206, 1, 1199),
(5, 'Colombia', 302, 1, 1183),
(6, 'Uruguay', 328, 1, 1126),
(7, 'Switzerland', 219, 1, 1123),
(8, 'Brazil', 299, 1, 0),
(9, 'Croatia', 166, 1, 0),
(10, 'Mexico', 251, 1, 0),
(11, 'Cameroon', 12, 1, 0),
(12, 'Netherlands', 200, 1, 0),
(13, 'Chile', 300, 1, 0),
(14, 'Australia', 267, 1, 0),
(15, 'Costa Rica', 303, 1, 0),
(16, 'England', 170, 1, 0),
(17, 'Italy', 184, 1, 0),
(18, 'Japan', 102, 1, 0),
(19, 'Ecuador', 306, 1, 0),
(20, 'France', 175, 1, 0),
(21, 'Honduras', 314, 1, 0),
(22, 'Iran', 98, 1, 0),
(23, 'Nigeria', 43, 1, 0),
(24, 'Ghana', 22, 1, 0),
(25, 'United States', 265, 1, 0),
(26, 'Belgium', 1, 1, 0),
(27, 'Russia', 2, 1, 0);

-- --------------------------------------------------------

--
-- Table structure for table `teamPerCompetition`
--

CREATE TABLE IF NOT EXISTS `teamPerCompetition` (
  `team_id` int(11) NOT NULL DEFAULT '0',
  `competition_id` int(11) NOT NULL DEFAULT '0',
  PRIMARY KEY (`team_id`,`competition_id`),
  KEY `tpc_competition` (`competition_id`)
) ENGINE=InnoDB DEFAULT CHARSET=latin1;

--
-- Dumping data for table `teamPerCompetition`
--

INSERT INTO `teamPerCompetition` (`team_id`, `competition_id`) VALUES
(1, 1),
(2, 1),
(3, 1),
(4, 1),
(5, 1),
(6, 1),
(7, 1),
(8, 1),
(9, 1),
(10, 1),
(11, 1),
(12, 1),
(13, 1),
(14, 1),
(15, 1),
(16, 1),
(17, 1),
(18, 1),
(19, 1),
(20, 1),
(21, 1),
(22, 1),
(23, 1),
(24, 1),
(25, 1),
(26, 1),
(27, 1);

/*!40101 SET CHARACTER_SET_CLIENT=@OLD_CHARACTER_SET_CLIENT */;
/*!40101 SET CHARACTER_SET_RESULTS=@OLD_CHARACTER_SET_RESULTS */;
/*!40101 SET COLLATION_CONNECTION=@OLD_COLLATION_CONNECTION */;
