-- phpMyAdmin SQL Dump
-- version 3.5.8.2
-- http://www.phpmyadmin.net
--
-- Host: localhost
-- Generation Time: May 24, 2014 at 01:38 PM
-- Server version: 5.5.37-MariaDB
-- PHP Version: 5.5.12

SET SQL_MODE="NO_AUTO_VALUE_ON_ZERO";
SET time_zone = "+00:00";


/*!40101 SET @OLD_CHARACTER_SET_CLIENT=@@CHARACTER_SET_CLIENT */;
/*!40101 SET @OLD_CHARACTER_SET_RESULTS=@@CHARACTER_SET_RESULTS */;
/*!40101 SET @OLD_COLLATION_CONNECTION=@@COLLATION_CONNECTION */;
/*!40101 SET NAMES utf8 */;

--
-- Database: `coachcenter`
--

-- --------------------------------------------------------

--
-- Table structure for table `bet`
--

CREATE TABLE IF NOT EXISTS `bet` (
  `id` int(11) NOT NULL AUTO_INCREMENT,
  `user_id` int(11) NOT NULL,
  `match_id` int(11) NOT NULL,
  `hometeam_score` int(5) NOT NULL,
  `awayteam_score` int(5) NOT NULL,
  `first_goal` tinyint(1) DEFAULT NULL,
  `hometeam_yellows` int(5) DEFAULT NULL,
  `hometeam_reds` int(5) DEFAULT NULL,
  `awayteam_yellows` int(5) DEFAULT NULL,
  `awayteam_reds` int(5) DEFAULT NULL,
  `evaluated` tinyint(1) NOT NULL DEFAULT '0',
  `betdate` datetime DEFAULT NULL,
  PRIMARY KEY (`id`)
) ENGINE=InnoDB DEFAULT CHARSET=utf8 AUTO_INCREMENT=1 ;

-- --------------------------------------------------------

--
-- Table structure for table `cards`
--

CREATE TABLE IF NOT EXISTS `cards` (
  `id` int(11) NOT NULL AUTO_INCREMENT,
  `player_id` int(11) DEFAULT NULL,
  `match_id` int(11) DEFAULT NULL,
  `color` enum('yellow','red') DEFAULT NULL,
  `time` int(11) DEFAULT NULL,
  PRIMARY KEY (`id`),
  KEY `player_ids` (`player_id`),
  KEY `match` (`match_id`)
) ENGINE=InnoDB  DEFAULT CHARSET=utf8 AUTO_INCREMENT=279 ;

--
-- Dumping data for table `cards`
--

INSERT INTO `cards` (`id`, `player_id`, `match_id`, `color`, `time`) VALUES
(1, 7, 49, 'yellow', 27),
(2, 12, 49, 'yellow', 70),
(3, 28, 49, 'yellow', 18),
(4, 30, 49, 'yellow', 57),
(5, 48, 50, 'yellow', 90),
(6, 51, 50, 'yellow', 59),
(7, 58, 50, 'yellow', 65),
(8, 58, 50, 'yellow', 81),
(9, 58, 50, 'red', 81),
(10, 74, 50, 'yellow', 12),
(11, 75, 50, 'yellow', 19),
(12, 76, 50, 'yellow', 68),
(13, 1, 51, 'red', 76),
(14, 6, 51, 'yellow', 6),
(15, 7, 51, 'yellow', 43),
(16, 71, 52, 'yellow', 78),
(17, 76, 52, 'yellow', 45),
(18, 26, 52, 'yellow', 82),
(19, 41, 52, 'yellow', 49),
(20, 28, 52, 'yellow', 48),
(21, 32, 52, 'yellow', 4),
(22, 42, 53, 'yellow', 86),
(23, 37, 53, 'yellow', 77),
(24, 65, 53, 'yellow', 68),
(25, 77, 54, 'yellow', 71),
(26, 78, 54, 'red', 25),
(27, 119, 55, 'yellow', 56),
(28, 144, 56, 'yellow', 41),
(29, 169, 56, 'yellow', 77),
(30, 140, 57, 'yellow', 74),
(31, 143, 57, 'yellow', 55),
(32, 144, 57, 'yellow', 54),
(33, 100, 57, 'yellow', 34),
(34, 103, 57, 'yellow', 10),
(35, 138, 58, 'yellow', 15),
(36, 123, 58, 'yellow', 60),
(37, 125, 58, 'yellow', 88),
(38, 167, 58, 'red', 33),
(39, 172, 58, 'yellow', 89),
(40, 122, 59, 'yellow', 30),
(41, 158, 59, 'yellow', 76),
(42, 162, 60, 'yellow', 31),
(43, 184, 60, 'yellow', 42),
(44, 172, 60, 'yellow', 37),
(45, 104, 60, 'yellow', 68),
(46, 190, 61, 'yellow', 61),
(47, 193, 61, 'yellow', 26),
(48, 197, 61, 'yellow', 59),
(49, 211, 61, 'yellow', 47),
(50, 212, 61, 'yellow', 39),
(51, 217, 61, 'yellow', 74),
(52, 237, 62, 'yellow', 90),
(53, 242, 62, 'yellow', 59),
(54, 242, 62, 'yellow', 73),
(55, 242, 62, 'red', 73),
(56, 261, 62, 'yellow', 35),
(57, 267, 62, 'yellow', 90),
(58, 255, 63, 'yellow', 35),
(59, 256, 63, 'yellow', 75),
(60, 258, 63, 'yellow', 69),
(61, 264, 63, 'yellow', 72),
(62, 217, 63, 'yellow', 40),
(63, 197, 64, 'yellow', 58),
(64, 240, 64, 'yellow', 85),
(65, 218, 65, 'yellow', 62),
(66, 224, 65, 'yellow', 90),
(67, 233, 65, 'yellow', 76),
(68, 233, 65, 'yellow', 90),
(69, 233, 65, 'red', 90),
(70, 237, 65, 'yellow', 12),
(71, 240, 65, 'yellow', 83),
(72, 256, 66, 'yellow', 40),
(73, 259, 66, 'yellow', 79),
(74, 262, 66, 'yellow', 81),
(75, 188, 66, 'yellow', 48),
(76, 279, 67, 'yellow', 54),
(77, 279, 67, 'yellow', 74),
(78, 279, 67, 'red', 74),
(79, 285, 67, 'yellow', 19),
(80, 288, 67, 'yellow', 83),
(81, 304, 67, 'yellow', 26),
(82, 310, 67, 'yellow', 89),
(83, 329, 68, 'yellow', 12),
(84, 334, 68, 'yellow', 90),
(85, 347, 68, 'yellow', 24),
(86, 348, 68, 'yellow', 46),
(87, 350, 68, 'red', 56),
(88, 355, 68, 'yellow', 58),
(89, 325, 69, 'yellow', 32),
(90, 328, 69, 'yellow', 73),
(91, 330, 69, 'yellow', 22),
(92, 331, 69, 'yellow', 12),
(93, 331, 69, 'yellow', 37),
(94, 331, 69, 'red', 37),
(95, 278, 69, 'yellow', 60),
(96, 280, 69, 'yellow', 18),
(97, 290, 69, 'yellow', 57),
(98, 281, 69, 'yellow', 19),
(99, 318, 70, 'yellow', 79),
(100, 312, 70, 'yellow', 40),
(101, 306, 70, 'yellow', 84),
(102, 347, 70, 'yellow', 86),
(103, 363, 70, 'red', 24),
(104, 309, 71, 'yellow', 40),
(105, 333, 71, 'yellow', 43),
(106, 365, 72, 'yellow', 49),
(107, 349, 72, 'yellow', 50),
(108, 353, 72, 'yellow', 67),
(109, 279, 72, 'yellow', 18),
(110, 297, 72, 'yellow', 59),
(111, 377, 73, 'yellow', 44),
(112, 379, 73, 'yellow', 49),
(113, 394, 73, 'yellow', 63),
(114, 423, 74, 'yellow', 90),
(115, 441, 74, 'yellow', 72),
(116, 373, 75, 'yellow', 36),
(117, 440, 76, 'yellow', 49),
(118, 443, 76, 'yellow', 75),
(119, 392, 76, 'yellow', 86),
(120, 394, 76, 'yellow', 87),
(121, 410, 77, 'yellow', 29),
(122, 399, 77, 'yellow', 48),
(123, 402, 77, 'yellow', 66),
(124, 441, 78, 'yellow', 26),
(125, 443, 78, 'yellow', 81),
(126, 372, 78, 'yellow', 70),
(127, 376, 78, 'yellow', 65),
(128, 378, 78, 'yellow', 17),
(129, 419, 77, 'yellow', 26),
(130, 420, 77, 'yellow', 12),
(131, 473, 79, 'yellow', 70),
(132, 492, 79, 'yellow', 62),
(133, 510, 80, 'yellow', 42),
(134, 511, 80, 'yellow', 90),
(135, 537, 80, 'yellow', 55),
(136, 534, 81, 'yellow', 42),
(137, 535, 81, 'yellow', 47),
(138, 538, 81, 'yellow', 84),
(139, 491, 81, 'yellow', 45),
(140, 509, 82, 'yellow', 87),
(141, 512, 82, 'yellow', 28),
(142, 515, 82, 'yellow', 14),
(143, 492, 83, 'yellow', 10),
(144, 496, 83, 'yellow', 41),
(145, 509, 83, 'yellow', 56),
(146, 530, 84, 'yellow', 82),
(147, 552, 84, 'yellow', 50),
(148, 537, 84, 'yellow', 16),
(149, 539, 84, 'yellow', 40),
(150, 462, 84, 'yellow', 31),
(151, 464, 84, 'yellow', 67),
(152, 468, 84, 'yellow', 76),
(153, 478, 84, 'yellow', 83),
(154, 556, 85, 'yellow', 21),
(155, 558, 85, 'yellow', 7),
(156, 585, 85, 'yellow', 21),
(157, 612, 86, 'yellow', 88),
(158, 607, 87, 'yellow', 85),
(159, 607, 87, 'yellow', 88),
(160, 607, 87, 'red', 88),
(161, 557, 87, 'yellow', 31),
(162, 560, 87, 'yellow', 86),
(163, 565, 87, 'yellow', 75),
(164, 582, 88, 'yellow', 38),
(165, 593, 88, 'yellow', 70),
(166, 626, 88, 'yellow', 32),
(167, 632, 88, 'yellow', 48),
(168, 596, 89, 'yellow', 40),
(169, 580, 89, 'yellow', 45),
(170, 588, 89, 'yellow', 31),
(171, 592, 89, 'yellow', 25),
(172, 600, 89, 'yellow', 25),
(173, 605, 89, 'yellow', 43),
(174, 609, 89, 'yellow', 15),
(175, 651, 91, 'yellow', 33),
(176, 670, 91, 'yellow', 19),
(177, 675, 91, 'yellow', 4),
(178, 713, 92, 'yellow', 90),
(179, 714, 92, 'yellow', 30),
(180, 717, 92, 'yellow', 73),
(181, 725, 92, 'yellow', 90),
(182, 668, 93, 'yellow', 25),
(183, 670, 93, 'yellow', 60),
(184, 673, 93, 'yellow', 61),
(185, 675, 93, 'yellow', 22),
(186, 684, 93, 'yellow', 2),
(187, 669, 93, 'yellow', 90),
(188, 734, 93, 'red', 31),
(189, 721, 93, 'yellow', 60),
(190, 722, 93, 'yellow', 18),
(191, 718, 93, 'yellow', 48),
(192, 646, 94, 'yellow', 38),
(193, 660, 94, 'yellow', 8),
(194, 720, 95, 'yellow', 34),
(195, 648, 95, 'yellow', 65),
(196, 651, 95, 'yellow', 89),
(197, 656, 95, 'yellow', 4),
(198, 659, 95, 'yellow', 58),
(199, 668, 96, 'yellow', 19),
(200, 687, 96, 'yellow', 21),
(201, 687, 96, 'yellow', 37),
(202, 687, 96, 'red', 37),
(203, 673, 96, 'yellow', 15),
(204, 370, 97, 'yellow', 57),
(205, 370, 97, 'yellow', 109),
(206, 370, 97, 'red', 109),
(207, 371, 97, 'yellow', 117),
(208, 372, 97, 'yellow', 54),
(209, 373, 97, 'yellow', 111),
(210, 384, 97, 'yellow', 84),
(211, 375, 97, 'yellow', 22),
(212, 377, 97, 'yellow', 28),
(213, 379, 97, 'yellow', 15),
(214, 691, 97, 'yellow', 17),
(215, 692, 97, 'yellow', 23),
(216, 694, 97, 'yellow', 67),
(217, 695, 97, 'yellow', 118),
(218, 697, 97, 'yellow', 120),
(219, 53, 98, 'yellow', 61),
(220, 324, 98, 'yellow', 90),
(221, 337, 98, 'yellow', 5),
(222, 334, 98, 'yellow', 7),
(223, 49, 99, 'yellow', 21),
(224, 66, 99, 'yellow', 30),
(225, 386, 99, 'yellow', 78),
(226, 374, 99, 'yellow', 30),
(227, 375, 99, 'yellow', 90),
(228, 370, 101, 'yellow', 14),
(229, 383, 101, 'yellow', 76),
(230, 373, 101, 'yellow', 47),
(231, 377, 101, 'yellow', 64),
(232, 604, 101, 'yellow', 37),
(233, 605, 101, 'red', 73),
(234, 65, 102, 'yellow', 20),
(235, 53, 102, 'yellow', 59),
(236, 55, 102, 'yellow', 48),
(237, 56, 102, 'red', 120),
(238, 301, 102, 'yellow', 93),
(239, 302, 102, 'yellow', 54),
(240, 303, 102, 'yellow', 77),
(241, 160, 103, 'yellow', 11),
(242, 143, 103, 'yellow', 80),
(243, 333, 103, 'yellow', 35),
(244, 487, 104, 'yellow', 59),
(245, 489, 104, 'yellow', 71),
(246, 495, 104, 'yellow', 88),
(247, 492, 104, 'yellow', 59),
(248, 693, 104, 'yellow', 57),
(249, 699, 104, 'yellow', 63),
(250, 95, 105, 'yellow', 69),
(251, 96, 105, 'yellow', 83),
(252, 101, 105, 'yellow', 38),
(253, 209, 106, 'yellow', 68),
(254, 212, 106, 'yellow', 17),
(255, 214, 106, 'yellow', 7),
(256, 318, 106, 'yellow', 61),
(257, 309, 106, 'yellow', 90),
(258, 324, 107, 'yellow', 47),
(259, 188, 107, 'yellow', 82),
(260, 25, 108, 'yellow', 28),
(261, 369, 109, 'yellow', 90),
(262, 384, 109, 'yellow', 31),
(263, 532, 109, 'yellow', 84),
(264, 543, 109, 'yellow', 40),
(265, 547, 109, 'yellow', 72),
(266, 612, 110, 'yellow', 71),
(267, 607, 110, 'yellow', 30),
(268, 685, 110, 'yellow', 68),
(269, 671, 110, 'yellow', 47),
(270, 676, 110, 'yellow', 80),
(271, 490, 111, 'yellow', 118),
(272, 419, 111, 'yellow', 72),
(273, 420, 111, 'yellow', 113),
(274, 421, 111, 'yellow', 58),
(275, 424, 111, 'yellow', 90),
(276, 696, 112, 'yellow', 74),
(277, 597, 112, 'red', 89),
(278, 588, 112, 'yellow', 80);

-- --------------------------------------------------------

--
-- Table structure for table `coach`
--

CREATE TABLE IF NOT EXISTS `coach` (
  `id` int(11) NOT NULL AUTO_INCREMENT,
  `name` varchar(60) DEFAULT NULL,
  PRIMARY KEY (`id`)
) ENGINE=InnoDB  DEFAULT CHARSET=utf8 AUTO_INCREMENT=202 ;

--
-- Dumping data for table `coach`
--

INSERT INTO `coach` (`id`, `name`) VALUES
(1, 'Vicente Del Bosque'),
(2, 'Joachim Löw'),
(3, 'Paulo Jorge Gomes Bento'),
(4, 'Luiz Elena Felipe Scolari'),
(5, 'José Néstor Pekerman'),
(6, 'Óscar Washington Tabárez Silva'),
(7, 'Alejandro Javier Sabella'),
(8, 'Ottmar Hitzfeld'),
(9, 'Claudio Cesare Prandelli'),
(10, 'Fernando Manuel Fernandes da Costa Santos'),
(11, 'Roy Hodgson'),
(12, 'Marc Wilmots'),
(13, 'Jorge Luis Sampaoli Moya'),
(14, 'Jürgen Klinsmann'),
(15, 'Louis van Gaal'),
(16, 'Didier Deschamps'),
(17, 'Mikhail Ivanovich Fomenko'),
(18, 'Fabio Capello'),
(19, 'Miguel Ernesto Herrera Aguirre'),
(20, 'Niko Kovač'),
(21, 'Sabri Lamouchi'),
(22, 'Gordon Strachan'),
(23, 'Morten Olsen'),
(24, 'Shawky Garib'),
(25, 'Safet Sušić'),
(26, 'Erik Hamrén'),
(27, 'Vahid Halilhodžić'),
(28, 'Reinaldo Rueda Rivera'),
(29, 'Srečko Katanec'),
(30, 'Ljubinko Drulović'),
(31, 'Luis Fernando Suárez Guzman'),
(32, 'Victor Piţurcă'),
(33, 'Bernard Challandes'),
(34, 'Jorge Luis Pinto Afanador'),
(35, 'Julio César Dely Valdés'),
(36, 'Pavel Vrba'),
(37, 'Carlos Manuel Brito Leal Queiróz'),
(38, 'James Kwasi Appiah'),
(39, 'Fatih Terim'),
(40, 'Marcel Koller'),
(41, 'Manuel Plasencia'),
(42, 'Pablo Javier Bengoechea Dutra'),
(43, 'Felisberto Cardoso'),
(44, 'Stephen Okechukwu Keshi'),
(45, 'Attila Pintér'),
(46, 'Jan Kozák'),
(47, 'Alberto Zaccheroni'),
(48, 'Chris Coleman'),
(49, 'Georges Leekens'),
(50, 'Volker Finke'),
(51, 'Michel Dussuyer'),
(52, 'Mika Matti ''Mixu'' Paatelainen'),
(53, 'Mirjalol Qosimov'),
(54, 'Branko Brnović'),
(55, 'Myung-Bo Hong'),
(56, 'Per-Mathias Høgmo'),
(57, 'Víctor Genes'),
(58, 'Lars Lagerbäck'),
(59, 'Henryk Kasperczak'),
(60, 'Angelos Postecoglou'),
(61, 'Paul Put'),
(62, 'Javier Clemente Lazaro'),
(63, 'Alain Giresse'),
(64, 'Hossam Hassan Hussein'),
(65, 'Gordon Igesund'),
(66, 'Martin O''Neill'),
(67, 'Mahdi Ali Hassan Redha'),
(68, 'Alberto Agustin Castillo Gallardo'),
(69, 'Giovanni ''Gianni'' De Biasi'),
(70, 'Johnny McKinstry'),
(71, 'Adam Nawałka'),
(72, 'Lyuboslav Penev'),
(73, 'Stephen Hart'),
(74, 'Juan Ramón López Caro'),
(75, 'Ezzaiki Badou'),
(76, 'Antonio Israel Blake Cantero'),
(77, 'Eli Guttmann'),
(78, 'Patrice Beaumelle'),
(79, 'Boško Đurovski'),
(80, 'Winfried Schäfer'),
(81, 'Paul Le Guen'),
(82, 'Georgi Kondratjev'),
(83, 'Michael Andrew Martin O''Neill'),
(84, 'Berti Vogts'),
(85, 'Milutin Sredojević'),
(86, 'Stéphane Bounguendza'),
(87, 'Jean-Santos Muntubile Ndiela'),
(88, 'Jean-Paul Yaovi Dosseh Abalo'),
(89, 'Walter Benitez'),
(90, 'Claude Le Roy'),
(91, 'Magnus Pehrsson'),
(92, 'Romeu Filemon'),
(93, 'Djamel Belmadi'),
(94, 'Alain Perrin'),
(95, 'Didier Ollé-Nicolle'),
(96, 'Ian Gorowa'),
(97, 'Ion Caras'),
(98, 'Hakeem Shakir Al Azzawi'),
(99, 'Mariano Barreto'),
(100, 'Raymond Domenech'),
(101, 'Temur Ketsbaia'),
(102, 'Igoris Pankratjevas'),
(103, 'Anthony Hudson'),
(104, 'Adel Amrouche'),
(105, 'Hervé Lougoundji'),
(106, 'Jorvan Vieira'),
(107, 'Marians Pahars'),
(108, 'Benito Floro Sanz'),
(109, 'Neil Emblen'),
(110, 'Luc Holtz'),
(111, 'Andoni Goikoetxea Olaskoaga'),
(112, 'João Chissano'),
(113, 'Giuseppe Giannini'),
(114, 'Van Phuc Hoang'),
(115, 'Mohamed Abdallah Ahmed'),
(116, 'Yury Krasnozhan'),
(117, 'Frank Jericho Nagbe'),
(118, 'Ricardo Mannetti'),
(119, 'Nikola Kavazović'),
(120, 'Young Chimodzi'),
(121, 'Kim Poulsen'),
(122, 'Sergio Enrique Pardo Valenzuela'),
(123, 'Lotfy Naseem'),
(124, 'Clemente Domingo Hernández Heres'),
(125, 'Cornelius Bernard Huggins'),
(126, 'Pietro Ghedin'),
(127, 'Erich Rutemöller'),
(128, 'Pambos Christodoulou'),
(129, 'Roberto Gödeken'),
(130, 'Stephen Constantine'),
(131, 'Francis Lastic'),
(132, 'Peter Pierre Benoit Johnson'),
(133, 'Ahmad Al Shaar'),
(134, 'Clark John'),
(135, 'Jong-Su Yun'),
(136, 'Patrice Neveu'),
(137, 'Thomas Dooley'),
(138, 'Rolston Williams'),
(139, 'Kiatisuk Senamuang'),
(140, 'Ian Andrew Mork'),
(141, 'Ong Kim Swee'),
(142, 'Sergey Dvoryankov'),
(143, 'Bernd Stange'),
(144, 'Wim Koevermans'),
(145, 'Jeaustin Campos Madriz'),
(146, 'Rene Pauritsch'),
(147, 'Alfred Riedl'),
(148, 'Drago Mamić'),
(149, 'Jeffrey Hazel'),
(150, 'Giovanni Francesco Zacharias Franken'),
(151, 'Rahym Kurbanmämmedow'),
(152, 'Eddy Etaeta'),
(153, 'Pan-Gon Kim'),
(154, 'Mohammed Al Shamlan'),
(155, 'Jack Stefanowski'),
(156, 'Colin Forde'),
(157, 'Lodewijk de Kruif'),
(158, 'Ronnie Gustave'),
(159, 'Lars Christian Olsen'),
(160, 'Emmanuel Tregoat'),
(161, 'Jamal Mahmoud Abed Mahmoud'),
(162, 'Gustave Clément Nyoumba'),
(163, 'Enrique Llena León'),
(164, 'Andrew Bascome'),
(165, 'Kuei-jen Chen'),
(166, 'Gary John White'),
(167, 'Jacob Moli'),
(168, 'Cláudio Roberto Silveira'),
(169, 'Norio Tsukitate'),
(170, 'Radojko Avramović'),
(171, 'Jan Mak'),
(172, 'Ludwig Alberto'),
(173, 'Harris Bulunga'),
(174, 'Sami Hasan Saleh Al Hadi Al Nash'),
(175, 'Akbar Ebrahim Patel'),
(176, 'Percy Avock'),
(177, 'Juan Carlos Buzzetti'),
(178, 'Malo Vaga'),
(179, 'Amir Abdou'),
(180, 'Kevin Davies'),
(181, 'Sandagdorj Erdenebat'),
(182, 'Kenny Dyer'),
(183, 'Auguste Raux'),
(184, 'Sovannara Prak'),
(185, 'Oh-Son Kwon'),
(186, 'Emerson Ricardo Alcântara'),
(187, 'Chris Williams'),
(188, 'Eustace Bailey'),
(189, 'Carl Brown'),
(190, 'Wynton Alan Whai Rufer'),
(191, 'Avondale Williams'),
(192, 'Thomas Rongen'),
(193, 'Jesús Luis Álvarez de Eulate'),
(194, 'Negash Teklit Negassi'),
(195, 'Zoran Đorđević'),
(196, 'Alfred Imonje'),
(197, 'Sui Wing Leung'),
(198, 'Noureddine Gharsalli'),
(199, 'Shane Rufer'),
(200, 'Colin Johnson'),
(201, 'Kazunori Ohara');

-- --------------------------------------------------------

--
-- Table structure for table `competition`
--

CREATE TABLE IF NOT EXISTS `competition` (
  `id` int(11) NOT NULL AUTO_INCREMENT,
  `name` varchar(60) DEFAULT NULL,
  PRIMARY KEY (`id`)
) ENGINE=InnoDB  DEFAULT CHARSET=utf8 AUTO_INCREMENT=3 ;

--
-- Dumping data for table `competition`
--

INSERT INTO `competition` (`id`, `name`) VALUES
(1, 'World Cup 2014 Brazil'),
(2, 'World Cup 2010 South Africa');

-- --------------------------------------------------------

--
-- Table structure for table `continent`
--

CREATE TABLE IF NOT EXISTS `continent` (
  `id` int(11) NOT NULL AUTO_INCREMENT,
  `name` varchar(40) DEFAULT NULL,
  PRIMARY KEY (`id`)
) ENGINE=InnoDB  DEFAULT CHARSET=utf8 AUTO_INCREMENT=9 ;

--
-- Dumping data for table `continent`
--

INSERT INTO `continent` (`id`, `name`) VALUES
(1, 'Asia'),
(2, 'Europe'),
(3, 'Africa'),
(4, 'Oceania'),
(5, 'Americas'),
(6, 'Antarctica'),
(7, 'Atlantic Ocean'),
(8, 'Indian Ocean');

-- --------------------------------------------------------

--
-- Table structure for table `country`
--

CREATE TABLE IF NOT EXISTS `country` (
  `id` int(11) NOT NULL AUTO_INCREMENT,
  `name` varchar(60) DEFAULT NULL,
  `continent_id` int(11) DEFAULT NULL,
  `abbreviation` char(4) DEFAULT NULL,
  PRIMARY KEY (`id`),
  KEY `continent` (`continent_id`)
) ENGINE=InnoDB  DEFAULT CHARSET=utf8 AUTO_INCREMENT=262 ;

--
-- Dumping data for table `country`
--

INSERT INTO `country` (`id`, `name`, `continent_id`, `abbreviation`) VALUES
(1, 'Afghanistan', 1, 'af'),
(2, 'Albania', 2, 'al'),
(3, 'Algeria', 3, 'dz'),
(4, 'American Samoa', 4, 'as'),
(5, 'Andorra', 2, 'ad'),
(6, 'Angola', 3, 'ao'),
(7, 'Anguilla', 5, 'ai'),
(8, 'Antigua and Barbuda', 5, 'ag'),
(9, 'Argentina', 5, 'ar'),
(10, 'Armenia', 1, 'am'),
(11, 'Aruba', 5, 'aw'),
(12, 'Australia', 4, 'au'),
(13, 'Austria', 2, 'at'),
(14, 'Azerbaijan', 1, 'az'),
(15, 'Bahamas', 5, 'bs'),
(16, 'Bahrain', 1, 'bh'),
(17, 'Bangladesh', 1, 'bd'),
(18, 'Barbados', 5, 'bb'),
(19, 'Belarus', 2, 'by'),
(20, 'Belgium', 2, 'be'),
(21, 'Belize', 5, 'bz'),
(22, 'Benin', 3, 'bj'),
(23, 'Bermuda', 5, 'bm'),
(24, 'Bhutan', 1, 'bt'),
(25, 'Bolivia', 5, 'bo'),
(26, 'Bosnia and Herzegovina', 2, 'ba'),
(27, 'Botswana', 3, 'bw'),
(28, 'Brazil', 5, 'br'),
(29, 'British Virgin Islands', 5, 'vg'),
(30, 'Brunei Darussalam', 1, 'bn'),
(31, 'Bulgaria', 2, 'bg'),
(32, 'Burkina Faso', 3, 'bf'),
(33, 'Burundi', 3, 'bi'),
(34, 'Cambodia', 1, 'kh'),
(35, 'Cameroon', 3, 'cm'),
(36, 'Canada', 5, 'ca'),
(37, 'Cape Verde Islands', 3, 'cv'),
(38, 'Cayman Islands', 5, 'ky'),
(39, 'Central African Republic', 3, 'cf'),
(40, 'Chad', 3, 'td'),
(41, 'Chile', 5, 'cl'),
(42, 'China PR', 1, 'cn'),
(43, 'Christmas Island', 1, 'cx'),
(44, 'Cocos (Keeling) Islands', 1, 'cc'),
(45, 'Colombia', 5, 'co'),
(46, 'Comoros', 3, 'km'),
(47, 'Congo', 3, 'cg'),
(48, 'Cook Islands', 4, 'ck'),
(49, 'Costa Rica', 5, 'cr'),
(50, 'Cote d''Ivoire', 3, 'ci'),
(51, 'Croatia', 2, 'hr'),
(52, 'Cuba', 5, 'cu'),
(53, 'Cyprus', 1, 'cy'),
(54, 'Czech Republic', 2, 'cz'),
(55, 'Denmark', 2, 'dk'),
(56, 'Djibouti', 3, 'dj'),
(57, 'Dominica', 5, 'dm'),
(58, 'Dominican Republic', 5, 'do'),
(59, 'Ecuador', 5, 'ec'),
(60, 'Egypt', 3, 'eg'),
(61, 'El Salvador', 5, 'sv'),
(62, 'Equatorial Guinea', 3, 'gq'),
(63, 'Eritrea', 3, 'er'),
(64, 'Estonia', 2, 'ee'),
(65, 'Ethiopia', 3, 'et'),
(66, 'Falkland Islands (Islas Malvinas)', 5, 'fk'),
(67, 'Faroe Islands', 2, 'fo'),
(68, 'Fiji', 4, 'fj'),
(69, 'Finland', 2, 'fi'),
(70, 'France', 2, 'fr'),
(71, 'French Guiana', 5, 'gf'),
(72, 'Tahiti', 4, 'pf'),
(73, 'Gabon', 3, 'ga'),
(74, 'Gambia', 3, 'gm'),
(75, 'Georgia', 1, 'ge'),
(76, 'Germany', 2, 'de'),
(77, 'Ghana', 3, 'gh'),
(78, 'Gibraltar', 2, 'gi'),
(79, 'Greece', 2, 'gr'),
(80, 'Greenland', 5, 'gl'),
(81, 'Grenada', 5, 'gd'),
(82, 'Guadeloupe', 5, 'gp'),
(83, 'Guam', 4, 'gu'),
(84, 'Guatemala', 5, 'gt'),
(85, 'Guernsey', 2, 'gg'),
(86, 'Guinea', 3, 'gn'),
(87, 'Guinea-Bissau', 3, 'gw'),
(88, 'Guyana', 5, 'gy'),
(89, 'Haiti', 5, 'ht'),
(90, 'Holy See (Vatican City)', 2, 'va'),
(91, 'Honduras', 5, 'hn'),
(92, 'Hungary', 2, 'hu'),
(93, 'Iceland', 2, 'is'),
(94, 'India', 1, 'in'),
(95, 'Indonesia', 1, 'id'),
(96, 'Iran', 1, 'ir'),
(97, 'Iraq', 1, 'iq'),
(98, 'Republic of Ireland', 2, 'ie'),
(99, 'Israel', 1, 'il'),
(100, 'Italy', 2, 'it'),
(101, 'Jamaica', 5, 'jm'),
(102, 'Jan Mayen', 2, 'sj'),
(103, 'Japan', 1, 'jp'),
(104, 'Jersey', 2, 'je'),
(105, 'Jordan', 1, 'jo'),
(106, 'Kazakhstan', 1, 'kz'),
(107, 'Kenya', 3, 'ke'),
(108, 'Kiribati', 4, 'ki'),
(109, 'Korea DPR', 1, 'kp'),
(110, 'Korea Republic', 1, 'kr'),
(111, 'Kuwait', 1, 'kw'),
(112, 'Kyrgyzstan', 1, 'kg'),
(113, 'Laos', 1, 'la'),
(114, 'Latvia', 2, 'lv'),
(115, 'Lebanon', 1, 'lb'),
(116, 'Lesotho', 3, 'ls'),
(117, 'Liberia', 3, 'lr'),
(118, 'Libya', 3, 'ly'),
(119, 'Liechtenstein', 2, 'li'),
(120, 'Lithuania', 2, 'lt'),
(121, 'Luxembourg', 2, 'lu'),
(122, 'FYR Macedonia', 2, 'mk'),
(123, 'Madagascar', 3, 'mg'),
(124, 'Malawi', 3, 'mw'),
(125, 'Malaysia', 1, 'my'),
(126, 'Maldives', 1, 'mv'),
(127, 'Mali', 3, 'ml'),
(128, 'Malta', 2, 'mt'),
(129, 'Man, Isle of', 2, 'im'),
(130, 'Marshall Islands', 4, 'mh'),
(131, 'Martinique', 5, 'mq'),
(132, 'Mauritania', 3, 'mr'),
(133, 'Mauritius', 3, 'mu'),
(134, 'Mayotte', 3, 'yt'),
(135, 'Mexico', 5, 'mx'),
(136, 'Micronesia, Federated States of', 4, 'fm'),
(137, 'Moldova', 2, 'md'),
(138, 'Monaco', 2, 'mc'),
(139, 'Mongolia', 1, 'mn'),
(140, 'Montserrat', 5, 'ms'),
(141, 'Morocco', 3, 'ma'),
(142, 'Mozambique', 3, 'mz'),
(143, 'Myanmar', 1, 'mz'),
(144, 'Namibia', 3, 'na'),
(145, 'Nauru', 4, 'nr'),
(146, 'Nepal', 1, 'np'),
(147, 'Netherlands', 2, 'nl'),
(148, 'Netherlands Antilles', 5, 'an'),
(149, 'New Caledonia', 4, 'nc'),
(150, 'New Zealand', 4, 'nz'),
(151, 'Nicaragua', 5, 'ni'),
(152, 'Niger', 3, 'ne'),
(153, 'Nigeria', 3, 'ng'),
(154, 'Niue', 4, 'nu'),
(155, 'Norfolk Island', 4, 'nf'),
(156, 'Northern Mariana Islands', 4, 'mp'),
(157, 'Norway', 2, 'no'),
(158, 'Oman', 1, 'om'),
(159, 'Pakistan', 1, 'pk'),
(160, 'Palau', 4, 'pw'),
(161, 'Palestine', 1, 'ps'),
(162, 'Panama', 5, 'pa'),
(163, 'Papua New Guinea', 4, 'pg'),
(164, 'Paraguay', 5, 'py'),
(165, 'Peru', 5, 'pe'),
(166, 'Philippines', 1, 'ph'),
(167, 'Pitcairn Islands', 4, 'pn'),
(168, 'Poland', 2, 'pl'),
(169, 'Portugal', 2, 'pt'),
(170, 'Puerto Rico', 5, 'pr'),
(171, 'Qatar', 1, 'qa'),
(172, 'Reunion', 3, 're'),
(173, 'Romania', 2, 'ro'),
(174, 'Russia', 1, 'ru'),
(175, 'Rwanda', 3, 'rw'),
(176, 'St. Kitts and Nevis', 5, 'kn'),
(177, 'St. Lucia', 5, 'lc'),
(178, 'Saint Pierre and Miquelon', 5, 'pm'),
(179, 'St. Vincent and the Grenadines', 5, 'vc'),
(180, 'San Marino', 2, 'sm'),
(181, 'São Tomé e Príncipe', 3, 'st'),
(182, 'Saudi Arabia', 1, 'sa'),
(183, 'Senegal', 3, 'sn'),
(184, 'Serbia and Montenegro', 2, 'cs'),
(185, 'Seychelles', 3, 'sc'),
(186, 'Sierra Leone', 3, 'sl'),
(187, 'Singapore', 1, 'sg'),
(188, 'Slovakia', 2, 'sk'),
(189, 'Slovenia', 2, 'si'),
(190, 'Solomon Islands', 4, 'sb'),
(191, 'Somalia', 3, 'so'),
(192, 'South Africa', 3, 'za'),
(193, 'Spain', 2, 'es'),
(194, 'Sri Lanka', 1, 'lk'),
(195, 'Sudan', 3, 'sd'),
(196, 'Suriname', 5, 'sr'),
(197, 'Svalbard', 2, 'sj'),
(198, 'Swaziland', 3, 'sz'),
(199, 'Sweden', 2, 'se'),
(200, 'Switzerland', 2, 'ch'),
(201, 'Syria', 1, 'sy'),
(202, 'Chinese Taipei', 1, ''),
(203, 'Tajikistan', 1, 'tj'),
(204, 'Tanzania', 3, 'tz'),
(205, 'Thailand', 1, 'th'),
(206, 'Togo', 3, 'tg'),
(207, 'Tokelau', 4, 'tk'),
(208, 'Tonga', 4, 'to'),
(209, 'Trinidad and Tobago', 5, 'tt'),
(210, 'Tunisia', 3, 'tn'),
(211, 'Turkey', 1, 'tr'),
(212, 'Turkmenistan', 1, 'tm'),
(213, 'Turks and Caicos Islands', 5, 'tc'),
(214, 'Tuvalu', 4, 'tv'),
(215, 'Uganda', 3, 'ug'),
(216, 'Ukraine', 2, 'ua'),
(217, 'United Arab Emirates', 1, 'ae'),
(218, 'United Kingdom', 2, 'gb'),
(219, 'USA', 5, 'us'),
(220, 'Uruguay', 5, 'uy'),
(221, 'Uzbekistan', 1, 'uz'),
(222, 'Vanuatu', 4, 'vu'),
(223, 'Venezuela', 5, 've'),
(224, 'Vietnam', 1, 'vn'),
(225, 'US Virgin Islands', 5, 'vi'),
(226, 'Wallis and Futuna', 4, 'wf'),
(227, 'Western Sahara', 3, 'eh'),
(228, 'Western Samoa', 4, 'ws'),
(229, 'Yemen', 1, 'ye'),
(230, 'Congo DR', 3, 'cd'),
(231, 'Zambia', 3, 'zm'),
(232, 'Zimbabwe', 3, 'zw'),
(233, 'Hong Kong', 1, 'hk'),
(234, 'Macao', 1, 'mo'),
(235, 'Antarctica', 6, 'aq'),
(236, 'Bouvet Island', 7, 'bv'),
(237, 'British Indian Ocean Territory', 1, 'io'),
(238, 'Timor-Leste', 1, 'tl'),
(239, 'France, Metropolitan', 2, 'fx'),
(240, 'French Southern and Antarctic Lands', 8, 'tf'),
(241, 'Heard Island and McDonald Islands', 8, 'hm'),
(242, 'Montenegro', 2, 'me'),
(243, 'Saint Helena', 7, 'sh'),
(244, 'South Georgia and the South Sandwich Islands', 7, 'gs'),
(245, 'United States Minor Outlying Islands', 4, 'um'),
(246, 'Yugoslavia', 2, 'yu'),
(247, 'England', 2, 'engl'),
(248, 'Serbia', 2, 'rs'),
(249, 'Montenegro', 2, 'me'),
(250, 'Scotland', 2, 'scot'),
(251, 'Wales', 2, 'wale'),
(252, 'Northern Ireland', 2, 'ie'),
(253, 'South Sudan', 3, 'ss'),
(254, 'Samoa', 4, 'ws'),
(255, 'Curaçao', 5, 'cw'),
(256, 'Serbia and Montenegro', 2, 'cs'),
(257, 'Yugoslavia', 2, 'yu'),
(258, 'Czechoslovakia ', 2, 'cs'),
(259, 'USSR', 2, 'su'),
(260, 'West Germany', 2, 'de'),
(261, 'German DR', 2, 'dd');

-- --------------------------------------------------------

--
-- Table structure for table `goal`
--

CREATE TABLE IF NOT EXISTS `goal` (
  `id` int(11) NOT NULL AUTO_INCREMENT,
  `match_id` int(11) DEFAULT NULL,
  `time` tinyint(4) DEFAULT NULL,
  `player_id` int(11) DEFAULT NULL,
  `team_id` int(11) DEFAULT NULL,
  `penaltyphase` tinyint(1) DEFAULT NULL,
  PRIMARY KEY (`id`),
  KEY `match` (`match_id`),
  KEY `player` (`player_id`),
  KEY `team` (`team_id`)
) ENGINE=InnoDB  DEFAULT CHARSET=utf8 AUTO_INCREMENT=146 ;

--
-- Dumping data for table `goal`
--

INSERT INTO `goal` (`id`, `match_id`, `time`, `player_id`, `team_id`, `penaltyphase`) VALUES
(1, 49, 55, 8, 65, NULL),
(2, 49, 79, 25, 19, NULL),
(3, 51, 90, 52, 6, NULL),
(4, 51, 24, 57, 6, NULL),
(5, 51, 80, 57, 6, NULL),
(6, 52, 64, 37, 19, NULL),
(7, 52, 79, 36, 19, NULL),
(8, 53, 43, 56, 6, NULL),
(9, 54, 70, 82, 16, NULL),
(10, 54, 20, 4, 65, NULL),
(11, 54, 37, 11, 65, NULL),
(12, 55, 7, 97, 55, NULL),
(13, 55, 52, 98, 55, NULL),
(14, 56, 6, 140, 7, NULL),
(15, 57, 33, 149, 7, NULL),
(16, 57, 76, 149, 7, NULL),
(17, 57, 80, 149, 7, NULL),
(18, 57, 45, 100, 55, NULL),
(19, 57, 16, 102, 55, NULL),
(20, 58, 71, 119, 10, NULL),
(21, 58, 44, 128, 10, NULL),
(22, 58, 16, 175, 44, NULL),
(23, 59, 77, 141, 7, NULL),
(24, 59, 89, 159, 7, NULL),
(25, 60, 69, 170, 44, NULL),
(26, 60, 12, 175, 44, NULL),
(27, 60, 38, 97, 55, NULL),
(28, 60, 49, 102, 55, NULL),
(29, 61, 4, 190, 11, NULL),
(30, 61, 40, 215, 14, NULL),
(31, 62, 79, 260, 29, NULL),
(32, 63, 13, 259, 29, NULL),
(33, 63, 42, 265, 29, NULL),
(34, 63, 82, 213, 14, NULL),
(35, 63, 48, 216, 14, NULL),
(36, 65, 90, 216, 14, NULL),
(37, 66, 23, 202, 11, NULL),
(38, 67, 84, 308, 38, NULL),
(39, 68, 26, 331, 2, NULL),
(40, 68, 8, 332, 2, NULL),
(41, 68, 67, 333, 2, NULL),
(42, 68, 70, 334, 2, NULL),
(43, 69, 38, 287, 30, NULL),
(44, 70, 25, 308, 38, NULL),
(45, 70, 12, 357, 60, NULL),
(46, 71, 60, 329, 2, NULL),
(47, 72, 69, 350, 60, NULL),
(48, 72, 73, 357, 60, NULL),
(49, 72, 84, 286, 30, NULL),
(50, 73, 85, 378, 15, NULL),
(51, 73, 46, 393, 23, NULL),
(52, 74, 39, 424, 47, NULL),
(53, 75, 53, 374, 15, NULL),
(54, 76, 10, 446, 50, NULL),
(55, 76, 61, 401, 23, NULL),
(56, 76, 33, 402, 23, NULL),
(57, 77, 81, 409, 23, NULL),
(58, 78, 65, 446, 50, NULL),
(59, 78, 36, 379, 15, NULL),
(60, 78, 83, 387, 15, NULL),
(61, 77, 30, 420, 47, NULL),
(62, 77, 17, 424, 47, NULL),
(63, 77, 87, 426, 47, NULL),
(64, 79, 63, 466, 9, NULL),
(65, 79, 39, 487, 57, NULL),
(66, 80, 90, 511, 111, NULL),
(67, 80, 50, 539, 46, NULL),
(68, 81, 86, 490, 57, NULL),
(69, 81, 27, 491, 57, NULL),
(70, 82, 29, 471, 9, NULL),
(71, 82, 7, 517, 111, NULL),
(72, 84, 25, 539, 46, NULL),
(73, 84, 73, 539, 46, NULL),
(74, 84, 89, 547, 46, NULL),
(75, 84, 81, 474, 9, NULL),
(76, 84, 90, 478, 9, NULL),
(77, 86, 55, 602, 4, NULL),
(78, 86, 72, 606, 4, NULL),
(79, 86, 89, 630, 137, NULL),
(80, 87, 62, 606, 4, NULL),
(81, 87, 25, 609, 4, NULL),
(82, 87, 50, 609, 4, NULL),
(83, 87, 79, 564, 21, NULL),
(84, 88, 53, 587, 3, NULL),
(85, 88, 60, 588, 3, NULL),
(86, 88, 89, 588, 3, NULL),
(87, 88, 29, 583, 3, NULL),
(88, 88, 87, 585, 3, NULL),
(89, 88, 56, 593, 3, NULL),
(90, 88, 81, 586, 3, NULL),
(91, 90, 20, 566, 21, NULL),
(92, 90, 14, 559, 21, NULL),
(93, 90, 82, 562, 21, NULL),
(94, 91, 34, 674, 13, NULL),
(95, 92, 52, 720, 8, NULL),
(96, 93, 75, 680, 13, NULL),
(97, 94, 17, 700, 1, NULL),
(98, 94, 51, 700, 1, NULL),
(99, 96, 47, 676, 13, NULL),
(100, 96, 37, 695, 1, NULL),
(101, 96, 24, 700, 1, NULL),
(102, 97, 116, 695, 1, NULL),
(103, 98, 51, 57, 6, NULL),
(104, 98, 28, 63, 6, NULL),
(105, 98, 56, 340, 2, NULL),
(106, 98, 82, 330, 2, NULL),
(107, 98, 19, 333, 2, NULL),
(108, 99, 90, 49, 6, NULL),
(109, 99, 41, 57, 6, NULL),
(110, 99, 18, 372, 15, NULL),
(111, 99, 73, 384, 15, NULL),
(112, 99, 70, 374, 15, NULL),
(113, 100, 73, 691, 1, NULL),
(114, 101, 53, 374, 15, NULL),
(115, 101, 68, 374, 15, NULL),
(116, 101, 10, 608, 4, NULL),
(117, 102, 55, 57, 6, NULL),
(118, 102, 45, 322, 38, NULL),
(119, 103, 74, 324, 2, NULL),
(120, 103, 68, 331, 2, NULL),
(121, 103, 89, 331, 2, NULL),
(122, 103, 3, 333, 2, NULL),
(123, 104, 83, 700, 1, NULL),
(124, 105, 8, 56, 6, NULL),
(125, 105, 80, 56, 6, NULL),
(126, 105, 68, 100, 55, NULL),
(127, 106, 62, 216, 14, NULL),
(128, 106, 5, 305, 38, NULL),
(129, 106, 93, 308, 38, NULL),
(130, 107, 20, 331, 2, NULL),
(131, 107, 32, 332, 2, NULL),
(132, 107, 67, 333, 2, NULL),
(133, 107, 70, 333, 2, NULL),
(134, 107, 37, 206, 11, NULL),
(135, 108, 25, 148, 7, NULL),
(136, 108, 52, 148, 7, NULL),
(137, 108, 33, 149, 7, NULL),
(138, 108, 71, 37, 19, NULL),
(139, 109, 18, 384, 15, NULL),
(140, 109, 84, 374, 15, NULL),
(141, 109, 90, 539, 46, NULL),
(142, 110, 34, 600, 4, NULL),
(143, 110, 59, 608, 4, NULL),
(144, 110, 38, 609, 4, NULL),
(145, 112, 63, 700, 1, NULL);

-- --------------------------------------------------------

--
-- Table structure for table `match`
--

CREATE TABLE IF NOT EXISTS `match` (
  `id` int(11) NOT NULL AUTO_INCREMENT,
  `hometeam_id` int(11) DEFAULT NULL,
  `awayteam_id` int(11) DEFAULT NULL,
  `competition_id` int(11) DEFAULT NULL,
  `date` datetime DEFAULT NULL,
  PRIMARY KEY (`id`),
  KEY `hometeam` (`hometeam_id`),
  KEY `awayteam` (`awayteam_id`),
  KEY `competition` (`competition_id`)
) ENGINE=InnoDB  DEFAULT CHARSET=utf8 AUTO_INCREMENT=113 ;

--
-- Dumping data for table `match`
--

INSERT INTO `match` (`id`, `hometeam_id`, `awayteam_id`, `competition_id`, `date`) VALUES
(1, 4, 20, 1, '2014-06-12 22:00:00'),
(2, 19, 50, 1, '2014-06-13 18:00:00'),
(3, 4, 19, 1, '2014-06-17 21:00:00'),
(4, 50, 20, 1, '2014-06-19 00:00:00'),
(5, 50, 4, 1, '2014-06-23 22:00:00'),
(6, 20, 19, 1, '2014-06-23 22:00:00'),
(7, 1, 15, 1, '2014-06-13 21:00:00'),
(8, 13, 60, 1, '2014-06-14 00:00:00'),
(9, 60, 15, 1, '2014-06-18 18:00:00'),
(10, 1, 13, 1, '2014-06-18 21:00:00'),
(11, 60, 1, 1, '2014-06-23 18:00:00'),
(12, 15, 13, 1, '2014-06-23 18:00:00'),
(13, 5, 10, 1, '2014-06-14 18:00:00'),
(14, 21, 47, 1, '2014-06-15 03:00:00'),
(15, 5, 21, 1, '2014-06-19 18:00:00'),
(16, 47, 10, 1, '2014-06-20 00:00:00'),
(17, 47, 5, 1, '2014-06-24 22:00:00'),
(18, 10, 21, 1, '2014-06-24 22:00:00'),
(19, 6, 34, 1, '2014-06-14 21:00:00'),
(20, 11, 9, 1, '2014-06-15 00:00:00'),
(21, 6, 11, 1, '2014-06-19 21:00:00'),
(22, 9, 34, 1, '2014-06-20 18:00:00'),
(23, 34, 11, 1, '2014-06-24 18:00:00'),
(24, 9, 6, 1, '2014-06-24 18:00:00'),
(25, 8, 28, 1, '2014-06-15 18:00:00'),
(26, 16, 31, 1, '2014-06-15 21:00:00'),
(27, 8, 16, 1, '2014-06-20 21:00:00'),
(28, 31, 28, 1, '2014-06-21 00:00:00'),
(29, 31, 8, 1, '2014-06-25 22:00:00'),
(30, 28, 16, 1, '2014-06-25 22:00:00'),
(31, 7, 25, 1, '2014-06-16 00:00:00'),
(32, 37, 44, 1, '2014-06-16 21:00:00'),
(33, 7, 37, 1, '2014-06-21 18:00:00'),
(34, 44, 25, 1, '2014-06-22 00:00:00'),
(35, 44, 7, 1, '2014-06-25 18:00:00'),
(36, 25, 37, 1, '2014-06-25 18:00:00'),
(37, 2, 3, 1, '2014-06-16 18:00:00'),
(38, 38, 14, 1, '2014-06-17 00:00:00'),
(39, 2, 38, 1, '2014-06-21 21:00:00'),
(40, 14, 3, 1, '2014-06-23 00:00:00'),
(41, 3, 38, 1, '2014-06-26 18:00:00'),
(42, 14, 2, 1, '2014-06-26 18:00:00'),
(43, 12, 27, 1, '2014-06-17 18:00:00'),
(44, 18, 55, 1, '2014-06-18 00:00:00'),
(45, 12, 18, 1, '2014-06-22 18:00:00'),
(46, 55, 27, 1, '2014-06-22 21:00:00'),
(47, 27, 18, 1, '2014-06-26 22:00:00'),
(48, 55, 12, 1, '2014-06-26 22:00:00'),
(49, 65, 19, 2, '2010-06-11 16:00:00'),
(50, 6, 16, 2, '2010-06-11 20:30:00'),
(51, 65, 6, 2, '2010-06-16 20:30:00'),
(52, 16, 19, 2, '2010-06-17 20:30:00'),
(53, 19, 6, 2, '2010-06-22 16:00:00'),
(54, 16, 65, 2, '2010-06-22 16:00:00'),
(55, 55, 10, 2, '2010-06-12 13:30:00'),
(56, 7, 44, 2, '2010-06-12 16:00:00'),
(57, 7, 55, 2, '2010-06-17 13:30:00'),
(58, 10, 44, 2, '2010-06-17 16:00:00'),
(59, 10, 7, 2, '2010-06-22 20:30:00'),
(60, 44, 55, 2, '2010-06-22 20:30:00'),
(61, 11, 14, 2, '2010-06-12 20:30:00'),
(62, 27, 29, 2, '2010-06-13 13:30:00'),
(63, 29, 14, 2, '2010-06-18 16:00:00'),
(64, 11, 27, 2, '2010-06-18 20:30:00'),
(65, 14, 27, 2, '2010-06-23 16:00:00'),
(66, 29, 11, 2, '2010-06-23 16:00:00'),
(67, 30, 38, 2, '2010-06-13 16:00:00'),
(68, 2, 60, 2, '2010-06-13 20:30:00'),
(69, 2, 30, 2, '2010-06-18 13:30:00'),
(70, 38, 60, 2, '2010-06-19 16:00:00'),
(71, 38, 2, 2, '2010-06-23 20:30:00'),
(72, 60, 30, 2, '2010-06-23 20:30:00'),
(73, 15, 23, 2, '2010-06-14 13:30:00'),
(74, 47, 50, 2, '2010-06-14 16:00:00'),
(75, 15, 47, 2, '2010-06-19 13:30:00'),
(76, 50, 23, 2, '2010-06-19 20:30:00'),
(77, 23, 47, 2, '2010-06-24 20:30:00'),
(78, 50, 15, 2, '2010-06-24 20:30:00'),
(79, 9, 57, 2, '2010-06-14 20:30:00'),
(80, 111, 46, 2, '2010-06-15 13:30:00'),
(81, 46, 57, 2, '2010-06-20 13:30:00'),
(82, 9, 111, 2, '2010-06-20 16:00:00'),
(83, 57, 111, 2, '2010-06-24 16:00:00'),
(84, 46, 9, 2, '2010-06-24 16:00:00'),
(85, 21, 3, 2, '2010-06-15 16:00:00'),
(86, 4, 137, 2, '2010-06-15 20:30:00'),
(87, 4, 21, 2, '2010-06-20 20:30:00'),
(88, 3, 137, 2, '2010-06-21 13:30:00'),
(89, 3, 4, 2, '2010-06-25 16:00:00'),
(90, 137, 21, 2, '2010-06-25 16:00:00'),
(91, 31, 13, 2, '2010-06-16 13:30:00'),
(92, 1, 8, 2, '2010-06-16 16:00:00'),
(93, 13, 8, 2, '2010-06-21 16:00:00'),
(94, 1, 31, 2, '2010-06-21 20:30:00'),
(95, 8, 31, 2, '2010-06-25 20:30:00'),
(96, 13, 1, 2, '2010-06-25 20:30:00'),
(97, 15, 1, 2, '2010-07-11 20:30:00'),
(98, 6, 2, 2, '2010-07-10 20:30:00'),
(99, 6, 15, 2, '2010-07-06 20:30:00'),
(100, 2, 1, 2, '2010-07-07 20:30:00'),
(101, 15, 4, 2, '2010-07-02 16:00:00'),
(102, 6, 38, 2, '2010-07-02 20:30:00'),
(103, 7, 2, 2, '2010-07-03 16:00:00'),
(104, 57, 1, 2, '2010-07-03 20:30:00'),
(105, 6, 55, 2, '2010-06-26 16:00:00'),
(106, 14, 38, 2, '2010-06-26 20:30:00'),
(107, 2, 11, 2, '2010-06-27 16:00:00'),
(108, 7, 19, 2, '2010-06-27 20:30:00'),
(109, 15, 46, 2, '2010-06-28 16:00:00'),
(110, 4, 13, 2, '2010-06-28 20:30:00'),
(111, 57, 47, 2, '2010-06-29 16:00:00'),
(112, 1, 3, 2, '2010-06-29 20:30:00');

-- --------------------------------------------------------

--
-- Table structure for table `notifications`
--

CREATE TABLE IF NOT EXISTS `notifications` (
  `id` int(11) NOT NULL AUTO_INCREMENT,
  `actor_id` int(11) DEFAULT NULL,
  `subject_id` int(11) DEFAULT NULL,
  `object_id` int(11) DEFAULT NULL,
  `type_id` int(11) DEFAULT NULL,
  `status` varchar(100) DEFAULT NULL COMMENT ' To store status of notification i.e seen or not unseen ',
  `created_date` datetime DEFAULT NULL,
  `updated_date` datetime DEFAULT NULL,
  PRIMARY KEY (`id`)
) ENGINE=InnoDB DEFAULT CHARSET=latin1 AUTO_INCREMENT=1 ;

-- --------------------------------------------------------

--
-- Table structure for table `player`
--

CREATE TABLE IF NOT EXISTS `player` (
  `id` int(11) NOT NULL AUTO_INCREMENT,
  `name` varchar(60) DEFAULT NULL,
  `injured` tinyint(1) DEFAULT NULL,
  PRIMARY KEY (`id`)
) ENGINE=InnoDB  DEFAULT CHARSET=utf8 AUTO_INCREMENT=736 ;

--
-- Dumping data for table `player`
--

INSERT INTO `player` (`id`, `name`, `injured`) VALUES
(1, 'Itumeleng Khune', NULL),
(2, 'Aaron Mokoena', NULL),
(3, 'Lucas Bongane Thwala', NULL),
(4, 'Bongani Sandile Khumalo', NULL),
(5, 'Siboniso Pa Gaxa', NULL),
(6, 'Steven Pienaar', NULL),
(7, 'Kagisho Evidence Dikgacoi', NULL),
(8, 'Lawrence Siphiwe Tshabalala', NULL),
(9, 'Teko Tsholofelo Modise', NULL),
(10, 'Reneilwe Letsholonyane', NULL),
(11, 'Katlego Abel Mphela', NULL),
(12, 'Tsepo Peter Masilela', NULL),
(13, 'Bernard Parker', NULL),
(14, 'Calvin Anele Ngcongca', NULL),
(15, 'Lance Davids', NULL),
(16, 'Matthew Paul Booth', NULL),
(17, 'Moeneeb Josephs', NULL),
(18, 'Ntuthuko MacBeth-Mao Sibaya', NULL),
(19, 'Surprise Mohlomolleng Moriri', NULL),
(20, 'Siyabonga Eugene Nomvethe', NULL),
(21, 'Doctor Siyabonga Sangweni', NULL),
(22, 'Shu-Aib Walters', NULL),
(23, 'Thanduyise Abraham Khuboni', NULL),
(24, 'Óscar Pérez Rojas', NULL),
(25, 'Rafael Márquez Álvarez', NULL),
(26, 'Francisco Javier Rodríguez Pinedo', NULL),
(27, 'Paul Nicolás Aguilar Rojas', NULL),
(28, 'Efraín Juárez Váldez', NULL),
(29, 'Ricardo Osorio Mendoza', NULL),
(30, 'Gerardo Torrado Díez de Bonilla', NULL),
(31, 'Carlos Arnoldo Salcido Flores', NULL),
(32, 'Guillermo Luis Franco Farquarson', NULL),
(33, 'Carlos Alberto Vela Garrido', NULL),
(34, 'Giovani dos Santos Ramírez', NULL),
(35, 'José Andrés Guardado Hernández', NULL),
(36, 'Cuauhtémoc Blanco Bravo', NULL),
(37, 'Javier Hernández Balcázar', NULL),
(38, 'Adolfo Bautista Herrera', NULL),
(39, 'Alberto Medina Briseño', NULL),
(40, 'Francisco Guillermo Ochoa Magaña', NULL),
(41, 'Héctor Alfredo Moreno Herrera', NULL),
(42, 'Israel Castro Macías', NULL),
(43, 'José Jonny Magallón Oliva', NULL),
(44, 'Jorge Emmanuel Torres Nilo', NULL),
(45, 'Luis Ernesto Michel Vergara', NULL),
(46, 'Pablo Edson Barrera Acosta', NULL),
(47, 'Néstor Fernando Muslera Micol', NULL),
(48, 'Diego Alfredo Lugano Morena', NULL),
(49, 'Victorio Maximiliano Pereira Páez', NULL),
(50, 'Diego Roberto Godín Leal', NULL),
(51, 'Mauricio Bernardo Victorino Dansilio', NULL),
(52, 'Álvaro Daniel Pereira Barragán', NULL),
(53, 'Diego Fernando Pérez Aguado', NULL),
(54, 'Ignacio María González Gatti', NULL),
(55, 'Egídio Raúl Arévalo Ríos', NULL),
(56, 'Luis Alberto Suárez Díaz', NULL),
(57, 'Diego Forlán Corazo', NULL),
(58, 'Marcelo Nicolás Lodeiro Benítez', NULL),
(59, 'Washington Sebastián Abreu Gallo', NULL),
(60, 'Sebastián Eguren Ledesma', NULL),
(61, 'Álvaro Fernández Gay', NULL),
(62, 'Andrés Scotti Ponce de León', NULL),
(63, 'Edinson Roberto Cavani Gómez', NULL),
(64, 'Juan Guillermo Castillo Iriart', NULL),
(65, 'Jorge Ciro Fucile Perdomo', NULL),
(66, 'José Martín Cáceres Silva', NULL),
(67, 'Martín Andrés Silva Leites', NULL),
(68, 'Sebastián Bruno Fernández Miglierina', NULL),
(69, 'Walter Alejandro Gargano Guevara', NULL),
(70, 'Hugo Lloris', NULL),
(71, 'Eric-Sylvain Bilal Abidal', NULL),
(72, 'William Gallas', NULL),
(73, 'Bacary Sagna', NULL),
(74, 'Patrice Evra', NULL),
(75, 'Franck Bilal Ribéry', NULL),
(76, 'Jérémy Toulalan', NULL),
(77, 'Vassiriki Abou Diaby', NULL),
(78, 'Yoann Gourcuff', NULL),
(79, 'Sidney Govou', NULL),
(80, 'Nicolas Anelka', NULL),
(81, 'Thierry Henry', NULL),
(82, 'Florent Malouda', NULL),
(83, 'André-Pierre Gignac', NULL),
(84, 'Alou Diarra', NULL),
(85, 'Anthony Réveillère', NULL),
(86, 'Cédric Carrasso', NULL),
(87, 'Djibril Cissé', NULL),
(88, 'Gaël Clichy', NULL),
(89, 'Marc Planus', NULL),
(90, 'Mathieu Valbuena', NULL),
(91, 'Steve Mandanda', NULL),
(92, 'Sébastien Squillaci', NULL),
(93, 'Sung-Ryong Jung', NULL),
(94, 'Young-Pyo Lee', NULL),
(95, 'Du-Ri Cha', NULL),
(96, 'Yong-Hyung Cho', NULL),
(97, 'Jung-Soo Lee', NULL),
(98, 'Ji-Sung Park', NULL),
(99, 'Sung-Yong Ki', NULL),
(100, 'Chung-Yong Lee', NULL),
(101, 'Jung-Woo Kim', NULL),
(102, 'Chu-Young Park', NULL),
(103, 'Ki-Hun Yeom', NULL),
(104, 'Nam-Il Kim', NULL),
(105, 'Seung-Ryul Lee', NULL),
(106, 'Jae-Sung Kim', NULL),
(107, 'Beom-Seok Oh', NULL),
(108, 'Bo-Kyung Kim', NULL),
(109, 'Dong-Gook Lee', NULL),
(110, 'Dong-Jin Kim', NULL),
(111, 'Hyung-Il Kim', NULL),
(112, 'Woon-Jae Lee', NULL),
(113, 'Jung-Hwan Ahn', NULL),
(114, 'Min-Soo Kang', NULL),
(115, 'Young-Kwang Kim', NULL),
(116, 'Alexandros Tzorvas', NULL),
(117, 'Giorgios Seitaridis', NULL),
(118, 'Avraam Papadopoulos', NULL),
(119, 'Vassilis Torosidis', NULL),
(120, 'Loukas Vyntra', NULL),
(121, 'Giorgios Karagounis', NULL),
(122, 'Konstantinos Katsouranis', NULL),
(123, 'Alexandros Tziolis', NULL),
(124, 'Angelos Charisteas', NULL),
(125, 'Georgios Samaras', NULL),
(126, 'Theofanis Gekas', NULL),
(127, 'Christos Patsatzoglou', NULL),
(128, 'Dimitris Salpingidis', NULL),
(129, 'Pantelis Kapetanos', NULL),
(130, 'Athanasios Prittas', NULL),
(131, 'Vangelis Moras', NULL),
(132, 'Konstantinos Chalkias', NULL),
(133, 'Michalis Sifakis', NULL),
(134, 'Nikolaos Spyropoulos', NULL),
(135, 'Sotirios Kyrgiakos', NULL),
(136, 'Stylianos Malezas', NULL),
(137, 'Sotiris Ninis', NULL),
(138, 'Sokratis Papastathopoulos', NULL),
(139, 'Sergio Germán Romero', NULL),
(140, 'Iván Gabriel Heinze', NULL),
(141, 'Martín Gastón Demichelis', NULL),
(142, 'Wálter Adrián Samuel Luján', NULL),
(143, 'Javier Alejandro Mascherano', NULL),
(144, 'Jonás Manuel Gutiérrez', NULL),
(145, 'Juan Sebastián Verón', NULL),
(146, 'Ángel Fabián di María Hernández', NULL),
(147, 'Lionel Andrés Messi Cuccittini', NULL),
(148, 'Carlos Alberto Tévez', NULL),
(149, 'Gonzalo Gerardo Higuaín', NULL),
(150, 'Maximiliano Rubén Rodríguez', NULL),
(151, 'Diego Alberto Milito', NULL),
(152, 'Nicolás Andrés Burdisso', NULL),
(153, 'Ariel Hernán Garcé', NULL),
(154, 'Clemente Juan Rodríguez', NULL),
(155, 'Diego Raúl Pozo', NULL),
(156, 'Javier Matías Pastore', NULL),
(157, 'Mariano Gonzalo Andújar', NULL),
(158, 'Mario Ariel Bolatti', NULL),
(159, 'Martín Palermo', NULL),
(160, 'Nicolás Hernán Otamendi', NULL),
(161, 'Sergio Leonel Agüero del Castillo', NULL),
(162, 'Vincent Enyeama', NULL),
(163, 'Taye Ismaila Taiwo', NULL),
(164, 'Daniel Olusola ''Danny'' Shittu', NULL),
(165, 'Joseph Phillip Yobo', NULL),
(166, 'Chidi Odiah', NULL),
(167, 'Sani Haruna Kaita', NULL),
(168, 'Dickson Paul Etuhu', NULL),
(169, 'Lukman Haruna Abdulkarim', NULL),
(170, 'Yakubu Aiyegbeni', NULL),
(171, 'Victor Obinna Nsofor', NULL),
(172, 'Chinedu Obasi Ogbuke', NULL),
(173, 'Obafemi Akinwunmi Martins', NULL),
(174, 'Osazemwinde Peter Odemwingie', NULL),
(175, 'Kalu Uche', NULL),
(176, 'Ayodele Adeleye', NULL),
(177, 'Augustine Amamchukwu Ejide', NULL),
(178, 'Bamidele Mathew Aiyenugba', NULL),
(179, 'Brown Ideye Aide', NULL),
(180, 'John Chukwudi Utaka', NULL),
(181, 'Nwankwo Christian Kanu', NULL),
(182, 'Rabiu Afolabi', NULL),
(183, 'Elderson Uwa Echiejile', NULL),
(184, 'Ayila Atanda Yussuf', NULL),
(185, 'Robert Green', NULL),
(186, 'Ashley Cole', NULL),
(187, 'John Terry', NULL),
(188, 'Glen Johnson', NULL),
(189, 'Ledley King', NULL),
(190, 'Steven Gerrard', NULL),
(191, 'Frank Lampard', NULL),
(192, 'Aaron Lennon', NULL),
(193, 'James Milner', NULL),
(194, 'Wayne Rooney', NULL),
(195, 'Emile William Ivanhoe Heskey', NULL),
(196, 'Shaun Wright-Phillips', NULL),
(197, 'Jamie Carragher', NULL),
(198, 'Peter Crouch', NULL),
(199, 'David James', NULL),
(200, 'Gareth Barry', NULL),
(201, 'Joe Cole', NULL),
(202, 'Jermain Defoe', NULL),
(203, 'Joe Hart', NULL),
(204, 'Michael Carrick', NULL),
(205, 'Michael Dawson', NULL),
(206, 'Matthew Upson', NULL),
(207, 'Stephen Warnock', NULL),
(208, 'Tim Howard', NULL),
(209, 'Carlos Manuel Bocanegra', NULL),
(210, 'Oguchi Chijioke Onyewu', NULL),
(211, 'Jay DeMerit', NULL),
(212, 'Steven Cherundolo', NULL),
(213, 'Michael Bradley', NULL),
(214, 'Ricardo Clark', NULL),
(215, 'Clint Dempsey', NULL),
(216, 'Landon Donovan', NULL),
(217, 'Robbie Findley', NULL),
(218, 'Josmer Volmy Altidore', NULL),
(219, 'Edson Buddle', NULL),
(220, 'Stuart Holden', NULL),
(221, 'Benny Feilhaber', NULL),
(222, 'Bradley Guzan', NULL),
(223, 'Clarence Goodson IV', NULL),
(224, 'DaMarcus Beasley', NULL),
(225, 'Hérculez Gómez Hurtado', NULL),
(226, 'Jonathan Rey Bornstein', NULL),
(227, 'Jonathan Spector', NULL),
(228, 'José Francisco Torres Mezzell', NULL),
(229, 'Maurice Edu', NULL),
(230, 'Marcus Hahnemann', NULL),
(231, 'Faouzi Chaouchi', NULL),
(232, 'Nadir Belhadj', NULL),
(233, 'Anthar Yahia', NULL),
(234, 'Madjid Bougherra', NULL),
(235, 'Rafik Halliche', NULL),
(236, 'Karim Koceila Yanis Ziani', NULL),
(237, 'Hassan Yebda', NULL),
(238, 'Karim Matmour', NULL),
(239, 'Foued Kadir', NULL),
(240, 'Mehdi Lacen', NULL),
(241, 'Rafik Zoheir Djebbour', NULL),
(242, 'Abdelkader Mohamed Ghezzal', NULL),
(243, 'Rafik Saïfi', NULL),
(244, 'Adlène Guédioura', NULL),
(245, 'Abdelkader Laïfaoui', NULL),
(246, 'Carl Medjani', NULL),
(247, 'Djamel Abdoun', NULL),
(248, 'Djamel Eddine Mesbah', NULL),
(249, 'Habib Bellaïd', NULL),
(250, 'Lounés Gaouaoui', NULL),
(251, 'Ryad Boudebouz', NULL),
(252, 'Raïs M''Bolhi Ouhab', NULL),
(253, 'Yazid Mansouri', NULL),
(254, 'Samir Handanovič', NULL),
(255, 'Boštjan Cesar', NULL),
(256, 'Bojan Jokić', NULL),
(257, 'Mišo Brečko', NULL),
(258, 'Marko Šuler', NULL),
(259, 'Valter Birsa', NULL),
(260, 'Robert Koren', NULL),
(261, 'Aleksandar Radosavljevič', NULL),
(262, 'Zlatko Dedič', NULL),
(263, 'Milivoje Novakovič', NULL),
(264, 'Andraž Kirm', NULL),
(265, 'Zlatan Ljubijankič', NULL),
(266, 'Nejc Pečnik', NULL),
(267, 'Andrej Komac', NULL),
(268, 'Aleksander Šeliga', NULL),
(269, 'Branko Ilič', NULL),
(270, 'Dalibor Stevanovič', NULL),
(271, 'Elvedin Džinić', NULL),
(272, 'Jasmin Handanovič', NULL),
(273, 'Matej Mavrič Rožič', NULL),
(274, 'Rene Krhin', NULL),
(275, 'Suad Filekovič', NULL),
(276, 'Tim Matavž', NULL),
(277, 'Vladimir Stojković', NULL),
(278, 'Nemanja Vidić', NULL),
(279, 'Aleksandar Luković', NULL),
(280, 'Branislav Ivanović', NULL),
(281, 'Aleksandar Kolarov', NULL),
(282, 'Dejan Stanković', NULL),
(283, 'Miloš Krasić', NULL),
(284, 'Nenad Milijaš', NULL),
(285, 'Nikola Žigić', NULL),
(286, 'Marko Pantelić', NULL),
(287, 'Milan Jovanović', NULL),
(288, 'Zdravko Kuzmanović', NULL),
(289, 'Danko Lazović', NULL),
(290, 'Neven Subotić', NULL),
(291, 'Anđelko Đuričić', NULL),
(292, 'Antonio Rukavina', NULL),
(293, 'Bojan Isailović', NULL),
(294, 'Dragan Mrđa', NULL),
(295, 'Gojko Kačar', NULL),
(296, 'Ivan Obradović', NULL),
(297, 'Miloš Ninković', NULL),
(298, 'Radoslav Petrović', NULL),
(299, 'Zoran Tošić', NULL),
(300, 'Richard Kingson', NULL),
(301, 'John Mensah', NULL),
(302, 'John Pantsil', NULL),
(303, 'Hans Adu Sarpei', NULL),
(304, 'Isaac Vorsah', NULL),
(305, 'Kevin-Prince Boateng', NULL),
(306, 'Anthony Gildas Kofi Annan', NULL),
(307, 'Kwadwo Asamoah', NULL),
(308, 'Asamoah Gyan', NULL),
(309, 'André Ayew Pelé', NULL),
(310, 'Prince Tagoe', NULL),
(311, 'Stephen Leroy Appiah', NULL),
(312, 'Lee Addy', NULL),
(313, 'Quincy Owusu-Abeyie', NULL),
(314, 'Dominic Adiyiah', NULL),
(315, 'Daniel Yaw Agyei', NULL),
(316, 'Derek Owusu Boateng', NULL),
(317, 'Abdul Ibrahim Ayew', NULL),
(318, 'Jonathan Mensah', NULL),
(319, 'Matthew Amoah', NULL),
(320, 'Stephen Ahorlu', NULL),
(321, 'Samuel Inkoom', NULL),
(322, 'Sulley Ali Muntari', NULL),
(323, 'Manuel Neuer', NULL),
(324, 'Arne Friedrich', NULL),
(325, 'Philipp Lahm', NULL),
(326, 'Per Mertesacker', NULL),
(327, 'Holger Badstuber', NULL),
(328, 'Bastian Schweinsteiger', NULL),
(329, 'Mesut Özil', NULL),
(330, 'Sami Khedira', NULL),
(331, 'Miroslav Klose', NULL),
(332, 'Lukas Podolski', NULL),
(333, 'Thomas Müller', NULL),
(334, 'Claudemir Jerônimo Barretto', NULL),
(335, 'Mario Gómez García', NULL),
(336, 'Marko Marin', NULL),
(337, 'Dennis Aogo', NULL),
(338, 'Hans-Jörg Butt', NULL),
(339, 'Jérôme Boateng', NULL),
(340, 'Marcell Jansen', NULL),
(341, 'Piotr Trochowski', NULL),
(342, 'Stefan Kießling', NULL),
(343, 'Serdar Taşçı', NULL),
(344, 'Toni Kroos', NULL),
(345, 'Tim Wiese', NULL),
(346, 'Mark Schwarzer', NULL),
(347, 'Craig Andrew Moore', NULL),
(348, 'Lucas Neill', NULL),
(349, 'Luke Wilkshire', NULL),
(350, 'Tim Cahill', NULL),
(351, 'Scott Kenneth Chipperfield', NULL),
(352, 'Jason Čulina', NULL),
(353, 'Brett Emerton', NULL),
(354, 'Vince Grella', NULL),
(355, 'Carl Valeri', NULL),
(356, 'Richard García', NULL),
(357, 'Brett Holman', NULL),
(358, 'Nikita Rukavytsya', NULL),
(359, 'Mile Jedinak', NULL),
(360, 'Adam Federici', NULL),
(361, 'David Carney', NULL),
(362, 'Dario Vidošić', NULL),
(363, 'Harry Kewell', NULL),
(364, 'Josh Kennedy', NULL),
(365, 'Michael Francis Beauchamp', NULL),
(366, 'Mark Bresciano', NULL),
(367, 'Mark Milligan', NULL),
(368, 'Eugene Galeković', NULL),
(369, 'Maarten Stekelenburg', NULL),
(370, 'John Heitinga', NULL),
(371, 'Joris Mathijsen', NULL),
(372, 'Giovanni van Bronckhorst', NULL),
(373, 'Gregory van der Wiel', NULL),
(374, 'Wesley Sneijder', NULL),
(375, 'Mark van Bommel', NULL),
(376, 'Rafael van der Vaart', NULL),
(377, 'Nigel de Jong', NULL),
(378, 'Dirk Kuijt', NULL),
(379, 'Robin van Persie', NULL),
(380, 'Eljero Elia', NULL),
(381, 'Ibrahim Afellay', NULL),
(382, 'Demy de Zeeuw', NULL),
(383, 'André Ooijer', NULL),
(384, 'Arjen Robben', NULL),
(385, 'Edson Braafheid', NULL),
(386, 'Khalid Boulahrouz', NULL),
(387, 'Klaas-Jan Huntelaar', NULL),
(388, 'Michel Vorm', NULL),
(389, 'Ryan Babel', NULL),
(390, 'Sander Boschker', NULL),
(391, 'Stijn Schaars', NULL),
(392, 'Thomas Løvendahl Sørensen', NULL),
(393, 'Daniel Munthe Agger', NULL),
(394, 'Simon Thorup Kjær', NULL),
(395, 'Simon Busk Poulsen', NULL),
(396, 'Lars Christian Jacobsen', NULL),
(397, 'Thomas Kahlenberg', NULL),
(398, 'Lars Martin Jørgensen', NULL),
(399, 'Christian Bjørnshøj Poulsen', NULL),
(400, 'Thomas Enevoldsen', NULL),
(401, 'Dennis Rommedahl', NULL),
(402, 'Nicklas Bendtner', NULL),
(403, 'Jesper Grønkjær', NULL),
(404, 'Mikkel Beckmann', NULL),
(405, 'Christian Dannemann Eriksen', NULL),
(406, 'Daniel Monberg Jensen', NULL),
(407, 'Jesper Ringsborg Christiansen', NULL),
(408, 'Jakob Bendix Uhd Poulsen', NULL),
(409, 'Jon Dahl Tomasson', NULL),
(410, 'Per Billeskov Krøldrup', NULL),
(411, 'Patrick Jan Mtiliga', NULL),
(412, 'Stephan Maigaard Andersen', NULL),
(413, 'Søren Larsen', NULL),
(414, 'William Kvist Jørgensen', NULL),
(415, 'Eiji Kawashima', NULL),
(416, 'Yūichi Komano', NULL),
(417, 'Yuji Nakazawa', NULL),
(418, 'Marcus Tulio Lyuji Murzani Tanaka', NULL),
(419, 'Yuto Nagatomo', NULL),
(420, 'Yasuhito Endō', NULL),
(421, 'Daisuke Matsui', NULL),
(422, 'Makoto Hasebe', NULL),
(423, 'Yūki Abe', NULL),
(424, 'Keisuke Honda', NULL),
(425, 'Yoshito Okubo', NULL),
(426, 'Shinji Okazaki', NULL),
(427, 'Kisho Yano', NULL),
(428, 'Junichi Inamoto', NULL),
(429, 'Atsuto Uchida', NULL),
(430, 'Daiki Iwamasa', NULL),
(431, 'Kengo Nakamura', NULL),
(432, 'Keiji Tamada', NULL),
(433, 'Shunsuke Nakamura', NULL),
(434, 'Seigo Narazaki', NULL),
(435, 'Takayuki Morimoto', NULL),
(436, 'Yoshikatsu Kawaguchi', NULL),
(437, 'Yasuyuki Konno', NULL),
(438, 'Souleymane Hamidou', NULL),
(439, 'Benoît Assou-Ekotto', NULL),
(440, 'Sébastien Aymar Bassong Nguena', NULL),
(441, 'Nicolas Alexis Julio N''Koulou N''Doubena', NULL),
(442, 'Joël Job Matip', NULL),
(443, 'Stéphane M''Bia Etoundi', NULL),
(444, 'Jean II Makoun', NULL),
(445, 'Eyong Tarkang Enoh', NULL),
(446, 'Samuel Eto''o Fils', NULL),
(447, 'Pierre Achille Webó Kouamo', NULL),
(448, 'Jean-Eric Maxim Choupo-Moting', NULL),
(449, 'Achille Emaná Edzimbi', NULL),
(450, 'Gérémi Sorele N''Djitap Fotso', NULL),
(451, 'Mohammadou Idrissou', NULL),
(452, 'Aurélien Bayard Chedjou Fongang', NULL),
(453, 'Alexandre Dimitri Song-Billong', NULL),
(454, 'Idriss Carlos Kameni', NULL),
(455, 'Gaëtan Bong Songo', NULL),
(456, 'Georges Constant Mandjeck', NULL),
(457, 'Guy Rolland N''Dy Assembé', NULL),
(458, 'Landry Joel Tsafack N''Guémo', NULL),
(459, 'Rigobert Song Bahanag', NULL),
(460, 'Vincent Paté Aboubakar', NULL),
(461, 'Gianluigi Buffon', NULL),
(462, 'Fabio Cannavaro', NULL),
(463, 'Gianluca Zambrotta', NULL),
(464, 'Giorgio Chiellini', NULL),
(465, 'Domenico Criscito', NULL),
(466, 'Daniele De Rossi', NULL),
(467, 'Riccardo Montolivo', NULL),
(468, 'Simone Pepe', NULL),
(469, 'Claudio Marchisio', NULL),
(470, 'Alberto Gilardino', NULL),
(471, 'Vincenzo Iaquinta', NULL),
(472, 'Federico Marchetti', NULL),
(473, 'Mauro Germán Camoranesi', NULL),
(474, 'Antonio Di Natale', NULL),
(475, 'Angelo Palombo', NULL),
(476, 'Andrea Pirlo', NULL),
(477, 'Christian Maggio', NULL),
(478, 'Fabio Quagliarella', NULL),
(479, 'Ivan Gennaro Gattuso', NULL),
(480, 'Giampaolo Pazzini', NULL),
(481, 'Leonardo Bonucci', NULL),
(482, 'Morgan De Sanctis', NULL),
(483, 'Salvatore Bocchetti', NULL),
(484, 'Justo Wilmar Villar Viveros', NULL),
(485, 'Paulo César da Silva Barrios', NULL),
(486, 'Aureliano Torres Román', NULL),
(487, 'Antolín Alcáraz Viveros', NULL),
(488, 'Carlos Bonet Cacéres', NULL),
(489, 'Claudio Marcelo Morel Rodríguez', NULL),
(490, 'Cristian Miguel Riveros Núñez', NULL),
(491, 'Enrique Daniel Vera Torres', NULL),
(492, 'Víctor Javier Cáceres Centurión', NULL),
(493, 'Nelson Antonio Haedo Valdéz', NULL),
(494, 'Lucas Ramón Barrios Cáceres', NULL),
(495, 'Jonathan Santana Ghere', NULL),
(496, 'Roque Luis Santa Cruz Cantero', NULL),
(497, 'Oscar René Cardozo Marín', NULL),
(498, 'Aldo Antonio Bobadilla Ávalos', NULL),
(499, 'Diego Daniel Barreto Cáceres', NULL),
(500, 'Denis Ramón Caniza Acuña', NULL),
(501, 'Darío Anastacio Verón Maldonado', NULL),
(502, 'Édgar Osvaldo Barreto Cáceres', NULL),
(503, 'Edgar Milciades Benítez Santander', NULL),
(504, 'Júlio César Cáceres López', NULL),
(505, 'Néstor Ezequiel Ortigoza', NULL),
(506, 'Rodolfo Vicente Gamarra Varela', NULL),
(507, 'Mark Paston', NULL),
(508, 'Ivan Vicelich', NULL),
(509, 'Ryan Nelsen', NULL),
(510, 'Tony Lochhead', NULL),
(511, 'Winston Reid', NULL),
(512, 'Tommy Smith', NULL),
(513, 'Simon Elliott', NULL),
(514, 'Chris Killen', NULL),
(515, 'Rory Fallon', NULL),
(516, 'Leo Bertos', NULL),
(517, 'Shane Smeltz', NULL),
(518, 'Chris Wood', NULL),
(519, 'Jeremy John Christie', NULL),
(520, 'Andy Barron', NULL),
(521, 'Andrew Boyens', NULL),
(522, 'Aaron Clapham', NULL),
(523, 'Ben Sigmund', NULL),
(524, 'David Mulligan', NULL),
(525, 'Glen Moss', NULL),
(526, 'James Bannatyne', NULL),
(527, 'Jeremy Brockie', NULL),
(528, 'Michael McGlinchey', NULL),
(529, 'Tim Brown', NULL),
(530, 'Ján Mucha', NULL),
(531, 'Marek Čech', NULL),
(532, 'Martin Škrtel', NULL),
(533, 'Radoslav Zabavník', NULL),
(534, 'Ján Ďurica', NULL),
(535, 'Stanislav Šesták', NULL),
(536, 'Marek Hamšík', NULL),
(537, 'Zdeno Štrba', NULL),
(538, 'Vladimír Weiss', NULL),
(539, 'Róbert Vittek', NULL),
(540, 'Erik Jendrišek', NULL),
(541, 'Filip Hološko', NULL),
(542, 'Miroslav Stoch', NULL),
(543, 'Juraj Kucka', NULL),
(544, 'Dušan Kuciak', NULL),
(545, 'Dušan Perniš', NULL),
(546, 'Ján Kozák', NULL),
(547, 'Kamil Kopúnek', NULL),
(548, 'Kornel Saláta', NULL),
(549, 'Martin Jakubko', NULL),
(550, 'Martin Petráš', NULL),
(551, 'Marek Sapara', NULL),
(552, 'Peter Pekarík', NULL),
(553, 'Boubacar Copa Barry', NULL),
(554, 'Emmanuel Eboué', NULL),
(555, 'Kolo Habib Touré', NULL),
(556, 'Guy Roland Demel', NULL),
(557, 'Siaka Chico Tiéné', NULL),
(558, 'Alain Didier Zokora-Déguy', NULL),
(559, 'Gnégnéri Yaya Touré', NULL),
(560, 'Cheikh Ismael Tioté', NULL),
(561, 'Aruna Dindane', NULL),
(562, 'Salomon Armand Magloire Kalou', NULL),
(563, 'Gervais Lombe Yao Kouassi', NULL),
(564, 'Didier Yves Drogba Tébily', NULL),
(565, 'Abdul Kader Keïta', NULL),
(566, 'Christian Koffi Romaric N''Dri', NULL),
(567, 'Arthur Etienne Boka', NULL),
(568, 'Aristide Benoît Zogbo', NULL),
(569, 'Brou Benjamin Angoua', NULL),
(570, 'Daniel Yeboah Tétchi', NULL),
(571, 'Kouamatien Emmanuel Koné', NULL),
(572, 'Jean-Jacques Gosso Gosso', NULL),
(573, 'Souleymane Bamba', NULL),
(574, 'Seydou Doumbia', NULL),
(575, 'Lohoré Steve Ulrich Gohouri', NULL),
(576, 'Eduardo dos Reis Carvalho', NULL),
(577, 'Paulo Renato Rebocho Ferreira', NULL),
(578, 'Ricardo Alberto Silveira de Carvalho', NULL),
(579, 'Bruno Eduardo Regufe Alves', NULL),
(580, 'Fábio Alexandre da Silva Coentrão', NULL),
(581, 'Anderson Luís de Souza', NULL),
(582, 'Pedro Miguel da Silva Mendes', NULL),
(583, 'Raul José Trindade Meireles', NULL),
(584, 'Daniel Miguel Alves Gomes', NULL),
(585, 'Cristiano Ronaldo dos Santos Aveiro', NULL),
(586, 'Liédson da Silva Muniz', NULL),
(587, 'Simão Pedro Fonseca Sabrosa', NULL),
(588, 'Tiago Cardoso Mendes', NULL),
(589, 'Ruben Filipe Marques Amorim', NULL),
(590, 'António Alberto Bastos Pimparel', NULL),
(591, 'Daniel Márcio Fernandes', NULL),
(592, 'Sérgio Paulo Barbosa Valente', NULL),
(593, 'Hugo Miguel Pereira de Almeida', NULL),
(594, 'Luís Miguel Brito Garcia Monteiro', NULL),
(595, 'Miguel Luís Pinto Veloso', NULL),
(596, 'Kléper Laveran Lima Ferreira', NULL),
(597, 'Ricardo Miguel Moreira da Costa', NULL),
(598, 'Rolando Jorge Pires da Fonseca', NULL),
(599, 'Júlio César Soares de Espíndola', NULL),
(600, 'Juan Silveira dos Santos', NULL),
(601, 'Lucimar da Silva Ferreira', NULL),
(602, 'Maicon Douglas Sisenando', NULL),
(603, 'Gilberto Aparecido da Silva', NULL),
(604, 'Michel Fernandes Bastos', NULL),
(605, 'Felipe Melo de Carvalho', NULL),
(606, 'Elano Ralph Blumer', NULL),
(607, 'Ricardo Izecson dos Santos Leite', NULL),
(608, 'Róbson de Souza', NULL),
(609, 'Luís Fabiano Clemente', NULL),
(610, 'Daniel Alves da Silva', NULL),
(611, 'Nilmar Honorato da Silva', NULL),
(612, 'Ramires Santos do Nascimento', NULL),
(613, 'Doniéber Alexander Marangon', NULL),
(614, 'Gilberto da Silva Melo', NULL),
(615, 'Heurelho da Silva Gomes', NULL),
(616, 'Edinaldo Batista Libânio', NULL),
(617, 'Josué Anunciado de Oliveira', NULL),
(618, 'Júlio César Clement Baptista', NULL),
(619, 'José Kléberson Pereira', NULL),
(620, 'Ânderson Luís da Silva', NULL),
(621, 'Thiago Emiliano da Silva', NULL),
(622, 'Myong-Guk Ri', NULL),
(623, 'Jong-Hyok Cha', NULL),
(624, 'Jun-Il Ri', NULL),
(625, 'Kwang-Chon Ri', NULL),
(626, 'Chol-Jin Pak', NULL),
(627, 'Yong-Hak An', NULL),
(628, 'In-Guk Mun', NULL),
(629, 'Nam-Chol Pak', NULL),
(630, 'Yun-Nam Ji', NULL),
(631, 'Tae-Se Jong', NULL),
(632, 'Yong-Jo Hong', NULL),
(633, 'Kum-Il Kim', NULL),
(634, 'Chol-Hyok An', NULL),
(635, 'Chol-Myong Ri', NULL),
(636, 'Kum-Chol Choe', NULL),
(637, 'Kwang-Hyok Ri', NULL),
(638, 'Kyong-Il Kim', NULL),
(639, 'Myong-Gil Kim', NULL),
(640, 'Myong-Won Kim', NULL),
(641, 'Song-Chol Nam', NULL),
(642, 'Sung-Hyok Pak', NULL),
(643, 'Yong-Jun Kim', NULL),
(644, 'Noel Eduardo Valladares Bonilla', NULL),
(645, 'Maynor Alexis Figueroa Róchez', NULL),
(646, 'Emilio Arturo Izaguirre Girón', NULL),
(647, 'Sergio Giovany Mendoza Escobar', NULL),
(648, 'Osmán Danilo Chávez Guity', NULL),
(649, 'Edgar Anthony Álvarez Reyes', NULL),
(650, 'Ramón Fernando Núñez Reyes', NULL),
(651, 'Wilson Roberto Palacios Suazo', NULL),
(652, 'Róger Espinoza Ramírez', NULL),
(653, 'Amado Guevara', NULL),
(654, 'Carlos Alberto Pavón Plummer', NULL),
(655, 'Georgie Wilson Welcome Collins', NULL),
(656, 'Hendry Bernardo Thomas Suazo', NULL),
(657, 'Walter Julián Martínez Ramos', NULL),
(658, 'Donis Salatiel Escober Izaguirre', NULL),
(659, 'Óscar David Suazo Velázquez', NULL),
(660, 'Danilo Elvis Turcios Funes', NULL),
(661, 'Jerry Nelson Palacios Suazo', NULL),
(662, 'Johnny Eulogio Palacios Cacho', NULL),
(663, 'Mauricio Alberto Sabillón Peña', NULL),
(664, 'Óscar Boniek García Ramírez', NULL),
(665, 'Ricardo Gabriel Canales Lanza', NULL),
(666, 'Víctor Salvador Bernárdez Blanco', NULL),
(667, 'Claudio Andrés Bravo Muñoz', NULL),
(668, 'Waldo Alonso Ponce Carrizo', NULL),
(669, 'Jorge Luís Valdivia Toro', NULL),
(670, 'Matías Ariel Fernández Fernández', NULL),
(671, 'Arturo Erasmo Vidal Pardo', NULL),
(672, 'Mauricio Aníbal Isla Isla', NULL),
(673, 'Gary Alexis Medel Soto', NULL),
(674, 'Jean André Emanuel Beausejour Coliqueo', NULL),
(675, 'Carlos Emilio Carmona Tello', NULL),
(676, 'Rodrigo Javier Millar Carvajal', NULL),
(677, 'Alexis Alejandro Sánchez Sánchez', NULL),
(678, 'Gonzalo Alejandro Jara Reyes', NULL),
(679, 'Pablo Andrés Contreras Fica', NULL),
(680, 'Mark Dennis González Hoffmann', NULL),
(681, 'Esteban Efraín Paredes Quintanilla', NULL),
(682, 'Fabián Ariel Orellana Valenzuela', NULL),
(683, 'Gonzalo Antonio Fierro Caniullán', NULL),
(684, 'Humberto Andrés Suazo Pontivo', NULL),
(685, 'Ismael Ignacio Fuentes Castro', NULL),
(686, 'Luis Antonio Marín Barahona', NULL),
(687, 'Marco Andrés Estrada Quinteros', NULL),
(688, 'Miguel Ángel Pinto Jérez', NULL),
(689, 'Rodrigo Álvaro Tello Valenzuela', NULL),
(690, 'Iker Casillas Fernández', NULL),
(691, 'Carles Puyol i Saforcada', NULL),
(692, 'Sergio Ramos García', NULL),
(693, 'Gerard Piqué Bernabéu', NULL),
(694, 'Joan Capdevila Méndez', NULL),
(695, 'Andrés Iniesta Luján', NULL),
(696, 'Xabier Alonso Olana', NULL),
(697, 'Xavier Hernández Creus', NULL),
(698, 'David Josué Jiménez Silva', NULL),
(699, 'Sergio Busquets i Burgos', NULL),
(700, 'David Villa Sánchez', NULL),
(701, 'Fernando José Torres Sanz', NULL),
(702, 'Jesús Navas González', NULL),
(703, 'Pedro Eliezer Rodríguez Ledesma', NULL),
(704, 'Álvaro Arbeloa Coca', NULL),
(705, 'Carlos Marchena López', NULL),
(706, 'Francesc Fàbregas i Soler', NULL),
(707, 'Fernando Llorente Torres', NULL),
(708, 'Javier Martínez Aginaga', NULL),
(709, 'Juan Manuel Mata García', NULL),
(710, 'José Manuel Reina Páez', NULL),
(711, 'Raúl Albiol Tortajada', NULL),
(712, 'Víctor Valdés Arribas', NULL),
(713, 'Diego Benaglio', NULL),
(714, 'Stéphane Grichting', NULL),
(715, 'Philippe Senderos', NULL),
(716, 'Stephan Lichtsteiner', NULL),
(717, 'Reto Ziegler', NULL),
(718, 'Tranquillo Barnetta', NULL),
(719, 'Benjamin Huggel', NULL),
(720, 'Gelson Fernandes', NULL),
(721, 'Gökhan İnler', NULL),
(722, 'Blaise N''Kufo', NULL),
(723, 'Eren Derdiyok', NULL),
(724, 'Steve von Bergen', NULL),
(725, 'Hakan Yakin', NULL),
(726, 'Mario Eggimann', NULL),
(727, 'Albert Bunjaku', NULL),
(728, 'Alexander Frei', NULL),
(729, 'Johnny Leoni', NULL),
(730, 'Ludovic Magnin', NULL),
(731, 'Marco Padalino', NULL),
(732, 'Marco Wölfli', NULL),
(733, 'Pirmin Schwegler', NULL),
(734, 'Valon Behrami', NULL),
(735, 'Xherdan Shaqiri', NULL);

-- --------------------------------------------------------

--
-- Table structure for table `playerPerMatch`
--

CREATE TABLE IF NOT EXISTS `playerPerMatch` (
  `player_id` int(11) NOT NULL DEFAULT '0',
  `match_id` int(11) NOT NULL DEFAULT '0',
  `intime` tinyint(4) DEFAULT NULL,
  `outtime` tinyint(4) DEFAULT NULL,
  PRIMARY KEY (`player_id`,`match_id`),
  KEY `player_per_match` (`match_id`)
) ENGINE=InnoDB DEFAULT CHARSET=utf8;

--
-- Dumping data for table `playerPerMatch`
--

INSERT INTO `playerPerMatch` (`player_id`, `match_id`, `intime`, `outtime`) VALUES
(1, 49, NULL, NULL),
(1, 51, NULL, NULL),
(1, 54, NULL, NULL),
(2, 49, NULL, NULL),
(2, 51, NULL, NULL),
(2, 54, NULL, NULL),
(3, 49, NULL, 70),
(3, 51, NULL, NULL),
(3, 54, NULL, NULL),
(4, 49, NULL, NULL),
(4, 51, NULL, NULL),
(4, 54, NULL, NULL),
(5, 49, NULL, NULL),
(5, 51, NULL, NULL),
(5, 54, 56, NULL),
(6, 49, NULL, 83),
(6, 51, NULL, 79),
(6, 54, NULL, NULL),
(7, 49, NULL, NULL),
(7, 51, NULL, NULL),
(7, 54, NULL, NULL),
(8, 49, NULL, NULL),
(8, 51, NULL, NULL),
(8, 54, NULL, NULL),
(9, 49, NULL, NULL),
(9, 51, NULL, NULL),
(9, 54, 78, NULL),
(10, 49, NULL, NULL),
(10, 51, NULL, 57),
(10, 54, NULL, NULL),
(11, 49, NULL, NULL),
(11, 51, NULL, NULL),
(11, 54, NULL, NULL),
(12, 49, 46, NULL),
(12, 51, NULL, NULL),
(12, 54, NULL, NULL),
(13, 49, 83, NULL),
(13, 51, NULL, NULL),
(13, 54, NULL, 68),
(14, 49, NULL, NULL),
(14, 51, NULL, NULL),
(14, 54, NULL, 56),
(15, 49, NULL, NULL),
(15, 51, NULL, NULL),
(15, 54, NULL, NULL),
(16, 49, NULL, NULL),
(16, 51, NULL, NULL),
(16, 54, NULL, NULL),
(17, 49, NULL, NULL),
(17, 51, 79, NULL),
(17, 54, NULL, NULL),
(18, 49, NULL, NULL),
(18, 51, NULL, NULL),
(18, 54, NULL, NULL),
(19, 49, NULL, NULL),
(19, 51, 57, NULL),
(19, 54, NULL, NULL),
(20, 49, NULL, NULL),
(20, 51, NULL, NULL),
(20, 54, 68, NULL),
(21, 49, NULL, NULL),
(21, 51, NULL, NULL),
(21, 54, NULL, NULL),
(22, 49, NULL, NULL),
(22, 51, NULL, NULL),
(22, 54, NULL, NULL),
(23, 49, NULL, NULL),
(23, 51, NULL, NULL),
(23, 54, NULL, 78),
(24, 49, NULL, NULL),
(24, 52, NULL, NULL),
(24, 53, NULL, NULL),
(24, 108, NULL, NULL),
(25, 49, NULL, NULL),
(25, 52, NULL, NULL),
(25, 53, NULL, NULL),
(25, 108, NULL, NULL),
(26, 49, NULL, NULL),
(26, 52, NULL, NULL),
(26, 53, NULL, NULL),
(26, 108, NULL, NULL),
(27, 49, NULL, 55),
(27, 52, NULL, NULL),
(27, 53, NULL, NULL),
(27, 108, NULL, NULL),
(28, 49, NULL, NULL),
(28, 52, NULL, 64),
(28, 53, NULL, NULL),
(28, 108, NULL, NULL),
(29, 49, NULL, NULL),
(29, 52, NULL, NULL),
(29, 53, NULL, NULL),
(29, 108, NULL, NULL),
(30, 49, NULL, NULL),
(30, 52, NULL, NULL),
(30, 53, NULL, NULL),
(30, 108, NULL, NULL),
(31, 49, NULL, NULL),
(31, 52, NULL, NULL),
(31, 53, NULL, NULL),
(31, 108, NULL, NULL),
(32, 49, NULL, 73),
(32, 52, NULL, 79),
(32, 53, NULL, NULL),
(32, 108, 61, NULL),
(33, 49, NULL, 69),
(33, 52, NULL, 31),
(33, 53, NULL, NULL),
(33, 108, NULL, NULL),
(34, 49, NULL, NULL),
(34, 52, NULL, NULL),
(34, 53, NULL, NULL),
(34, 108, NULL, NULL),
(35, 49, 55, NULL),
(35, 52, NULL, NULL),
(35, 53, NULL, 46),
(35, 108, NULL, 61),
(36, 49, 69, NULL),
(36, 52, 62, NULL),
(36, 53, NULL, 77),
(36, 108, NULL, NULL),
(37, 49, 73, NULL),
(37, 52, 55, NULL),
(37, 53, 63, NULL),
(37, 108, NULL, NULL),
(38, 49, NULL, NULL),
(38, 52, NULL, NULL),
(38, 53, NULL, NULL),
(38, 108, NULL, 46),
(39, 49, NULL, NULL),
(39, 52, NULL, NULL),
(39, 53, NULL, NULL),
(39, 108, NULL, NULL),
(40, 49, NULL, NULL),
(40, 52, NULL, NULL),
(40, 53, NULL, NULL),
(40, 108, NULL, NULL),
(41, 49, NULL, NULL),
(41, 52, NULL, NULL),
(41, 53, NULL, 86),
(41, 108, NULL, NULL),
(42, 49, NULL, NULL),
(42, 52, NULL, NULL),
(42, 53, 57, NULL),
(42, 108, NULL, NULL),
(43, 49, NULL, NULL),
(43, 52, NULL, NULL),
(43, 53, NULL, NULL),
(43, 108, NULL, NULL),
(44, 49, NULL, NULL),
(44, 52, NULL, NULL),
(44, 53, NULL, NULL),
(44, 108, NULL, NULL),
(45, 49, NULL, NULL),
(45, 52, NULL, NULL),
(45, 53, NULL, NULL),
(45, 108, NULL, NULL),
(46, 49, NULL, NULL),
(46, 52, 31, NULL),
(46, 53, 46, NULL),
(46, 108, 46, NULL),
(47, 50, NULL, NULL),
(47, 51, NULL, NULL),
(47, 53, NULL, NULL),
(47, 98, NULL, NULL),
(47, 99, NULL, NULL),
(47, 102, NULL, NULL),
(47, 105, NULL, NULL),
(48, 50, NULL, NULL),
(48, 51, NULL, NULL),
(48, 53, NULL, NULL),
(48, 98, NULL, NULL),
(48, 99, NULL, NULL),
(48, 102, NULL, 38),
(48, 105, NULL, NULL),
(49, 50, NULL, NULL),
(49, 51, NULL, NULL),
(49, 53, NULL, NULL),
(49, 98, NULL, NULL),
(49, 99, NULL, NULL),
(49, 102, NULL, NULL),
(49, 105, NULL, NULL),
(50, 50, NULL, NULL),
(50, 51, NULL, NULL),
(50, 53, NULL, NULL),
(50, 98, NULL, NULL),
(50, 99, NULL, NULL),
(50, 102, NULL, NULL),
(50, 105, NULL, 46),
(51, 50, NULL, NULL),
(51, 51, NULL, NULL),
(51, 53, NULL, NULL),
(51, 98, NULL, NULL),
(51, 99, NULL, NULL),
(51, 102, NULL, NULL),
(51, 105, 46, NULL),
(52, 50, NULL, NULL),
(52, 51, NULL, NULL),
(52, 53, NULL, 77),
(52, 98, NULL, NULL),
(52, 99, NULL, 78),
(52, 102, NULL, NULL),
(52, 105, NULL, 74),
(53, 50, NULL, 88),
(53, 51, NULL, 90),
(53, 53, NULL, NULL),
(53, 98, NULL, 77),
(53, 99, NULL, NULL),
(53, 102, NULL, NULL),
(53, 105, NULL, NULL),
(54, 50, NULL, 81),
(54, 51, NULL, NULL),
(54, 53, NULL, NULL),
(54, 98, NULL, NULL),
(54, 99, NULL, NULL),
(54, 102, NULL, NULL),
(54, 105, NULL, NULL),
(55, 50, NULL, NULL),
(55, 51, NULL, NULL),
(55, 53, NULL, NULL),
(55, 98, NULL, NULL),
(55, 99, NULL, NULL),
(55, 102, NULL, NULL),
(55, 105, NULL, NULL),
(56, 50, NULL, 73),
(56, 51, NULL, NULL),
(56, 53, NULL, 85),
(56, 98, NULL, NULL),
(56, 99, NULL, NULL),
(56, 102, NULL, NULL),
(56, 105, NULL, 84),
(57, 50, NULL, NULL),
(57, 51, NULL, NULL),
(57, 53, NULL, NULL),
(57, 98, NULL, NULL),
(57, 99, NULL, 84),
(57, 102, NULL, NULL),
(57, 105, NULL, NULL),
(58, 50, 63, NULL),
(58, 51, NULL, NULL),
(58, 53, NULL, NULL),
(58, 98, NULL, NULL),
(58, 99, NULL, NULL),
(58, 102, 46, NULL),
(58, 105, 74, NULL),
(59, 50, 73, NULL),
(59, 51, NULL, NULL),
(59, 53, NULL, NULL),
(59, 98, 88, NULL),
(59, 99, 78, NULL),
(59, 102, 76, NULL),
(59, 105, NULL, NULL),
(60, 50, 88, NULL),
(60, 51, NULL, NULL),
(60, 53, NULL, NULL),
(60, 98, NULL, NULL),
(60, 99, NULL, NULL),
(60, 102, NULL, NULL),
(60, 105, NULL, NULL),
(61, 50, NULL, NULL),
(61, 51, 71, NULL),
(61, 53, 85, NULL),
(61, 98, NULL, NULL),
(61, 99, NULL, NULL),
(61, 102, NULL, 46),
(61, 105, 84, NULL),
(62, 50, NULL, NULL),
(62, 51, NULL, NULL),
(62, 53, 77, NULL),
(62, 98, NULL, NULL),
(62, 99, NULL, NULL),
(62, 102, 38, NULL),
(62, 105, NULL, NULL),
(63, 50, NULL, NULL),
(63, 51, NULL, 90),
(63, 53, NULL, NULL),
(63, 98, NULL, 88),
(63, 99, NULL, NULL),
(63, 102, NULL, 76),
(63, 105, NULL, NULL),
(64, 50, NULL, NULL),
(64, 51, NULL, NULL),
(64, 53, NULL, NULL),
(64, 98, NULL, NULL),
(64, 99, NULL, NULL),
(64, 102, NULL, NULL),
(64, 105, NULL, NULL),
(65, 50, NULL, NULL),
(65, 51, NULL, 71),
(65, 53, NULL, NULL),
(65, 98, NULL, NULL),
(65, 99, NULL, NULL),
(65, 102, NULL, NULL),
(65, 105, NULL, NULL),
(66, 50, NULL, NULL),
(66, 51, NULL, NULL),
(66, 53, NULL, NULL),
(66, 98, NULL, NULL),
(66, 99, NULL, NULL),
(66, 102, NULL, NULL),
(66, 105, NULL, NULL),
(67, 50, NULL, NULL),
(67, 51, NULL, NULL),
(67, 53, NULL, NULL),
(67, 98, NULL, NULL),
(67, 99, NULL, NULL),
(67, 102, NULL, NULL),
(67, 105, NULL, NULL),
(68, 50, NULL, NULL),
(68, 51, 90, NULL),
(68, 53, NULL, NULL),
(68, 98, NULL, NULL),
(68, 99, 84, NULL),
(68, 102, NULL, NULL),
(68, 105, NULL, NULL),
(69, 50, NULL, NULL),
(69, 51, 90, NULL),
(69, 53, NULL, NULL),
(69, 98, 77, NULL),
(69, 99, NULL, NULL),
(69, 102, NULL, NULL),
(69, 105, NULL, NULL),
(70, 50, NULL, NULL),
(70, 52, NULL, NULL),
(70, 54, NULL, NULL),
(71, 50, NULL, NULL),
(71, 52, NULL, NULL),
(71, 54, NULL, NULL),
(72, 50, NULL, NULL),
(72, 52, NULL, NULL),
(72, 54, NULL, NULL),
(73, 50, NULL, NULL),
(73, 52, NULL, NULL),
(73, 54, NULL, NULL),
(74, 50, NULL, NULL),
(74, 52, NULL, NULL),
(74, 54, NULL, NULL),
(75, 50, NULL, NULL),
(75, 52, NULL, NULL),
(75, 54, NULL, NULL),
(76, 50, NULL, NULL),
(76, 52, NULL, NULL),
(76, 54, NULL, NULL),
(77, 50, NULL, NULL),
(77, 52, NULL, NULL),
(77, 54, NULL, NULL),
(78, 50, NULL, 75),
(78, 52, NULL, NULL),
(78, 54, NULL, NULL),
(79, 50, NULL, 85),
(79, 52, NULL, 69),
(79, 54, 82, NULL),
(80, 50, NULL, 72),
(80, 52, NULL, 46),
(80, 54, NULL, NULL),
(81, 50, 72, NULL),
(81, 52, NULL, NULL),
(81, 54, 55, NULL),
(82, 50, 75, NULL),
(82, 52, NULL, NULL),
(82, 54, 46, NULL),
(83, 50, 85, NULL),
(83, 52, 46, NULL),
(83, 54, NULL, 70),
(84, 50, NULL, NULL),
(84, 52, NULL, NULL),
(84, 54, NULL, 82),
(85, 50, NULL, NULL),
(85, 52, NULL, NULL),
(85, 54, NULL, NULL),
(86, 50, NULL, NULL),
(86, 52, NULL, NULL),
(86, 54, NULL, NULL),
(87, 50, NULL, NULL),
(87, 52, NULL, NULL),
(87, 54, NULL, 55),
(88, 50, NULL, NULL),
(88, 52, NULL, NULL),
(88, 54, NULL, NULL),
(89, 50, NULL, NULL),
(89, 52, NULL, NULL),
(89, 54, NULL, NULL),
(90, 50, NULL, NULL),
(90, 52, 69, NULL),
(90, 54, NULL, NULL),
(91, 50, NULL, NULL),
(91, 52, NULL, NULL),
(91, 54, NULL, NULL),
(92, 50, NULL, NULL),
(92, 52, NULL, NULL),
(92, 54, NULL, NULL),
(93, 55, NULL, NULL),
(93, 57, NULL, NULL),
(93, 60, NULL, NULL),
(93, 105, NULL, NULL),
(94, 55, NULL, NULL),
(94, 57, NULL, NULL),
(94, 60, NULL, NULL),
(94, 105, NULL, NULL),
(95, 55, NULL, NULL),
(95, 57, NULL, NULL),
(95, 60, NULL, NULL),
(95, 105, NULL, NULL),
(96, 55, NULL, NULL),
(96, 57, NULL, NULL),
(96, 60, NULL, NULL),
(96, 105, NULL, NULL),
(97, 55, NULL, NULL),
(97, 57, NULL, NULL),
(97, 60, NULL, NULL),
(97, 105, NULL, NULL),
(98, 55, NULL, NULL),
(98, 57, NULL, NULL),
(98, 60, NULL, NULL),
(98, 105, NULL, NULL),
(99, 55, NULL, 75),
(99, 57, NULL, 46),
(99, 60, NULL, 87),
(99, 105, NULL, 85),
(100, 55, NULL, 90),
(100, 57, NULL, NULL),
(100, 60, NULL, NULL),
(100, 105, NULL, NULL),
(101, 55, NULL, NULL),
(101, 57, NULL, NULL),
(101, 60, NULL, NULL),
(101, 105, NULL, NULL),
(102, 55, NULL, 87),
(102, 57, NULL, 81),
(102, 60, NULL, 90),
(102, 105, NULL, NULL),
(103, 55, NULL, NULL),
(103, 57, NULL, NULL),
(103, 60, NULL, 68),
(103, 105, 85, NULL),
(104, 55, 75, NULL),
(104, 57, 46, NULL),
(104, 60, 64, NULL),
(104, 105, NULL, NULL),
(105, 55, 87, NULL),
(105, 57, NULL, NULL),
(105, 60, NULL, NULL),
(105, 105, NULL, NULL),
(106, 55, 90, NULL),
(106, 57, NULL, NULL),
(106, 60, 87, NULL),
(106, 105, NULL, 61),
(107, 55, NULL, NULL),
(107, 57, NULL, NULL),
(107, 60, NULL, NULL),
(107, 105, NULL, NULL),
(108, 55, NULL, NULL),
(108, 57, NULL, NULL),
(108, 60, NULL, NULL),
(108, 105, NULL, NULL),
(109, 55, NULL, NULL),
(109, 57, 81, NULL),
(109, 60, NULL, NULL),
(109, 105, 61, NULL),
(110, 55, NULL, NULL),
(110, 57, NULL, NULL),
(110, 60, 90, NULL),
(110, 105, NULL, NULL),
(111, 55, NULL, NULL),
(111, 57, NULL, NULL),
(111, 60, NULL, NULL),
(111, 105, NULL, NULL),
(112, 55, NULL, NULL),
(112, 57, NULL, NULL),
(112, 60, NULL, NULL),
(112, 105, NULL, NULL),
(113, 55, NULL, NULL),
(113, 57, NULL, NULL),
(113, 60, NULL, NULL),
(113, 105, NULL, NULL),
(114, 55, NULL, NULL),
(114, 57, NULL, NULL),
(114, 60, NULL, NULL),
(114, 105, NULL, NULL),
(115, 55, NULL, NULL),
(115, 57, NULL, NULL),
(115, 60, NULL, NULL),
(115, 105, NULL, NULL),
(116, 55, NULL, NULL),
(116, 58, NULL, NULL),
(116, 59, NULL, NULL),
(117, 55, NULL, NULL),
(117, 58, NULL, NULL),
(117, 59, NULL, NULL),
(118, 55, NULL, NULL),
(118, 58, NULL, NULL),
(118, 59, NULL, NULL),
(119, 55, NULL, NULL),
(119, 58, NULL, NULL),
(119, 59, NULL, 55),
(120, 55, NULL, NULL),
(120, 58, NULL, NULL),
(120, 59, NULL, NULL),
(121, 55, NULL, 46),
(121, 58, NULL, NULL),
(121, 59, NULL, 46),
(122, 55, NULL, NULL),
(122, 58, NULL, NULL),
(122, 59, NULL, 54),
(123, 55, NULL, NULL),
(123, 58, NULL, NULL),
(123, 59, NULL, NULL),
(124, 55, NULL, 61),
(124, 58, NULL, NULL),
(124, 59, NULL, NULL),
(125, 55, NULL, 59),
(125, 58, 37, NULL),
(125, 59, NULL, NULL),
(126, 55, NULL, NULL),
(126, 58, NULL, 79),
(126, 59, NULL, NULL),
(127, 55, 46, NULL),
(127, 58, NULL, NULL),
(127, 59, 55, NULL),
(128, 55, 59, NULL),
(128, 58, NULL, NULL),
(128, 59, NULL, NULL),
(129, 55, 61, NULL),
(129, 58, NULL, NULL),
(129, 59, NULL, NULL),
(130, 55, NULL, NULL),
(130, 58, NULL, NULL),
(130, 59, NULL, NULL),
(131, 55, NULL, NULL),
(131, 58, NULL, NULL),
(131, 59, NULL, NULL),
(132, 55, NULL, NULL),
(132, 58, NULL, NULL),
(132, 59, NULL, NULL),
(133, 55, NULL, NULL),
(133, 58, NULL, NULL),
(133, 59, NULL, NULL),
(134, 55, NULL, NULL),
(134, 58, NULL, NULL),
(134, 59, 46, NULL),
(135, 55, NULL, NULL),
(135, 58, NULL, NULL),
(135, 59, NULL, NULL),
(136, 55, NULL, NULL),
(136, 58, NULL, NULL),
(136, 59, NULL, NULL),
(137, 55, NULL, NULL),
(137, 58, 79, NULL),
(137, 59, 54, NULL),
(138, 55, NULL, NULL),
(138, 58, NULL, 88),
(138, 59, NULL, NULL),
(139, 56, NULL, NULL),
(139, 57, NULL, NULL),
(139, 59, NULL, NULL),
(139, 103, NULL, NULL),
(139, 108, NULL, NULL),
(140, 56, NULL, NULL),
(140, 57, NULL, NULL),
(140, 59, NULL, NULL),
(140, 103, NULL, NULL),
(140, 108, NULL, NULL),
(141, 56, NULL, NULL),
(141, 57, NULL, NULL),
(141, 59, NULL, NULL),
(141, 103, NULL, NULL),
(141, 108, NULL, NULL),
(142, 56, NULL, NULL),
(142, 57, NULL, 23),
(142, 59, NULL, NULL),
(142, 103, NULL, NULL),
(142, 108, NULL, NULL),
(143, 56, NULL, NULL),
(143, 57, NULL, NULL),
(143, 59, NULL, NULL),
(143, 103, NULL, NULL),
(143, 108, NULL, NULL),
(144, 56, NULL, NULL),
(144, 57, NULL, NULL),
(144, 59, NULL, NULL),
(144, 103, NULL, NULL),
(144, 108, 79, NULL),
(145, 56, NULL, 74),
(145, 57, NULL, NULL),
(145, 59, NULL, NULL),
(145, 103, NULL, NULL),
(145, 108, 69, NULL),
(146, 56, NULL, 85),
(146, 57, NULL, NULL),
(146, 59, 63, NULL),
(146, 103, NULL, 76),
(146, 108, NULL, 79),
(147, 56, NULL, NULL),
(147, 57, NULL, NULL),
(147, 59, NULL, NULL),
(147, 103, NULL, NULL),
(147, 108, NULL, NULL),
(148, 56, NULL, NULL),
(148, 57, NULL, 75),
(148, 59, NULL, NULL),
(148, 103, NULL, NULL),
(148, 108, NULL, 69),
(149, 56, NULL, 79),
(149, 57, NULL, 82),
(149, 59, NULL, NULL),
(149, 103, NULL, NULL),
(149, 108, NULL, NULL),
(150, 56, 74, NULL),
(150, 57, NULL, NULL),
(150, 59, NULL, 63),
(150, 103, NULL, NULL),
(150, 108, NULL, 87),
(151, 56, 79, NULL),
(151, 57, NULL, NULL),
(151, 59, NULL, 89),
(151, 103, NULL, NULL),
(151, 108, NULL, NULL),
(152, 56, 85, NULL),
(152, 57, 23, NULL),
(152, 59, NULL, NULL),
(152, 103, NULL, NULL),
(152, 108, NULL, NULL),
(153, 56, NULL, NULL),
(153, 57, NULL, NULL),
(153, 59, NULL, NULL),
(153, 103, NULL, NULL),
(153, 108, NULL, NULL),
(154, 56, NULL, NULL),
(154, 57, NULL, NULL),
(154, 59, NULL, NULL),
(154, 103, NULL, NULL),
(154, 108, NULL, NULL),
(155, 56, NULL, NULL),
(155, 57, NULL, NULL),
(155, 59, NULL, NULL),
(155, 103, NULL, NULL),
(155, 108, NULL, NULL),
(156, 56, NULL, NULL),
(156, 57, NULL, NULL),
(156, 59, 77, NULL),
(156, 103, 70, NULL),
(156, 108, 87, NULL),
(157, 56, NULL, NULL),
(157, 57, NULL, NULL),
(157, 59, NULL, NULL),
(157, 103, NULL, NULL),
(157, 108, NULL, NULL),
(158, 56, NULL, NULL),
(158, 57, 82, NULL),
(158, 59, NULL, NULL),
(158, 103, NULL, NULL),
(158, 108, NULL, NULL),
(159, 56, NULL, NULL),
(159, 57, NULL, NULL),
(159, 59, 80, NULL),
(159, 103, NULL, NULL),
(159, 108, NULL, NULL),
(160, 56, NULL, NULL),
(160, 57, NULL, NULL),
(160, 59, NULL, NULL),
(160, 103, NULL, 70),
(160, 108, NULL, NULL),
(161, 56, NULL, NULL),
(161, 57, 75, NULL),
(161, 59, NULL, 77),
(161, 103, 76, NULL),
(161, 108, NULL, NULL),
(162, 56, NULL, NULL),
(162, 58, NULL, NULL),
(162, 60, NULL, NULL),
(163, 56, NULL, 74),
(163, 58, NULL, 55),
(163, 60, NULL, NULL),
(164, 56, NULL, NULL),
(164, 58, NULL, NULL),
(164, 60, NULL, NULL),
(165, 56, NULL, NULL),
(165, 58, NULL, NULL),
(165, 60, NULL, 46),
(166, 56, NULL, NULL),
(166, 58, NULL, NULL),
(166, 60, NULL, NULL),
(167, 56, NULL, NULL),
(167, 58, NULL, NULL),
(167, 60, NULL, NULL),
(168, 56, NULL, NULL),
(168, 58, NULL, NULL),
(168, 60, NULL, NULL),
(169, 56, NULL, NULL),
(169, 58, NULL, NULL),
(169, 60, NULL, NULL),
(170, 56, NULL, NULL),
(170, 58, NULL, NULL),
(170, 60, NULL, 71),
(171, 56, NULL, 52),
(171, 58, NULL, NULL),
(171, 60, 71, NULL),
(172, 56, NULL, 60),
(172, 58, 46, NULL),
(172, 60, NULL, NULL),
(173, 56, 52, NULL),
(173, 58, NULL, NULL),
(173, 60, 57, NULL),
(174, 56, 60, NULL),
(174, 58, NULL, 89),
(174, 60, NULL, NULL),
(175, 56, 74, NULL),
(175, 58, NULL, NULL),
(175, 60, NULL, NULL),
(176, 56, NULL, NULL),
(176, 58, NULL, NULL),
(176, 60, NULL, NULL),
(177, 56, NULL, NULL),
(177, 58, NULL, NULL),
(177, 60, NULL, NULL),
(178, 56, NULL, NULL),
(178, 58, NULL, NULL),
(178, 60, NULL, NULL),
(179, 56, NULL, NULL),
(179, 58, NULL, NULL),
(179, 60, NULL, NULL),
(180, 56, NULL, NULL),
(180, 58, NULL, NULL),
(180, 60, NULL, NULL),
(181, 56, NULL, NULL),
(181, 58, NULL, NULL),
(181, 60, NULL, 57),
(182, 56, NULL, NULL),
(182, 58, 77, NULL),
(182, 60, NULL, NULL),
(183, 56, NULL, NULL),
(183, 58, 55, 77),
(183, 60, 46, NULL),
(184, 56, NULL, NULL),
(184, 58, NULL, NULL),
(184, 60, NULL, NULL),
(185, 61, NULL, NULL),
(185, 64, NULL, NULL),
(185, 66, NULL, NULL),
(185, 107, NULL, NULL),
(186, 61, NULL, NULL),
(186, 64, NULL, NULL),
(186, 66, NULL, NULL),
(186, 107, NULL, NULL),
(187, 61, NULL, NULL),
(187, 64, NULL, NULL),
(187, 66, NULL, NULL),
(187, 107, NULL, NULL),
(188, 61, NULL, NULL),
(188, 64, NULL, NULL),
(188, 66, NULL, NULL),
(188, 107, NULL, 87),
(189, 61, NULL, 59),
(189, 64, NULL, NULL),
(189, 66, NULL, NULL),
(189, 107, NULL, NULL),
(190, 61, NULL, NULL),
(190, 64, NULL, NULL),
(190, 66, NULL, NULL),
(190, 107, NULL, NULL),
(191, 61, NULL, NULL),
(191, 64, NULL, NULL),
(191, 66, NULL, NULL),
(191, 107, NULL, NULL),
(192, 61, NULL, NULL),
(192, 64, NULL, 63),
(192, 66, NULL, NULL),
(192, 107, NULL, NULL),
(193, 61, NULL, 31),
(193, 64, NULL, NULL),
(193, 66, NULL, NULL),
(193, 107, NULL, 64),
(194, 61, NULL, NULL),
(194, 64, NULL, NULL),
(194, 66, NULL, 72),
(194, 107, NULL, NULL),
(195, 61, NULL, 79),
(195, 64, NULL, 74),
(195, 66, 86, NULL),
(195, 107, 71, NULL),
(196, 61, 31, NULL),
(196, 64, 63, NULL),
(196, 66, NULL, NULL),
(196, 107, 87, NULL),
(197, 61, 46, NULL),
(197, 64, NULL, NULL),
(197, 66, NULL, NULL),
(197, 107, NULL, NULL),
(198, 61, 79, NULL),
(198, 64, 84, NULL),
(198, 66, NULL, NULL),
(198, 107, NULL, NULL),
(199, 61, NULL, NULL),
(199, 64, NULL, NULL),
(199, 66, NULL, NULL),
(199, 107, NULL, NULL),
(200, 61, NULL, NULL),
(200, 64, NULL, 84),
(200, 66, NULL, NULL),
(200, 107, NULL, NULL),
(201, 61, NULL, NULL),
(201, 64, NULL, NULL),
(201, 66, 72, NULL),
(201, 107, 64, NULL),
(202, 61, NULL, NULL),
(202, 64, 74, NULL),
(202, 66, NULL, 86),
(202, 107, NULL, 71),
(203, 61, NULL, NULL),
(203, 64, NULL, NULL),
(203, 66, NULL, NULL),
(203, 107, NULL, NULL),
(204, 61, NULL, NULL),
(204, 64, NULL, NULL),
(204, 66, NULL, NULL),
(204, 107, NULL, NULL),
(205, 61, NULL, NULL),
(205, 64, NULL, NULL),
(205, 66, NULL, NULL),
(205, 107, NULL, NULL),
(206, 61, NULL, NULL),
(206, 64, NULL, NULL),
(206, 66, NULL, NULL),
(206, 107, NULL, NULL),
(207, 61, NULL, NULL),
(207, 64, NULL, NULL),
(207, 66, NULL, NULL),
(207, 107, NULL, NULL),
(208, 61, NULL, NULL),
(208, 63, NULL, NULL),
(208, 65, NULL, NULL),
(208, 106, NULL, NULL),
(209, 61, NULL, NULL),
(209, 63, NULL, NULL),
(209, 65, NULL, NULL),
(209, 106, NULL, NULL),
(210, 61, NULL, NULL),
(210, 63, NULL, 80),
(210, 65, NULL, NULL),
(210, 106, NULL, NULL),
(211, 61, NULL, NULL),
(211, 63, NULL, NULL),
(211, 65, NULL, NULL),
(211, 106, NULL, NULL),
(212, 61, NULL, NULL),
(212, 63, NULL, NULL),
(212, 65, NULL, NULL),
(212, 106, NULL, NULL),
(213, 61, NULL, NULL),
(213, 63, NULL, NULL),
(213, 65, NULL, NULL),
(213, 106, NULL, NULL),
(214, 61, NULL, NULL),
(214, 63, NULL, NULL),
(214, 65, NULL, NULL),
(214, 106, NULL, 31),
(215, 61, NULL, NULL),
(215, 63, NULL, NULL),
(215, 65, NULL, NULL),
(215, 106, NULL, NULL),
(216, 61, NULL, NULL),
(216, 63, NULL, NULL),
(216, 65, NULL, NULL),
(216, 106, NULL, NULL),
(217, 61, NULL, 77),
(217, 63, NULL, 46),
(217, 65, NULL, NULL),
(217, 106, NULL, 46),
(218, 61, NULL, 86),
(218, 63, NULL, NULL),
(218, 65, NULL, NULL),
(218, 106, NULL, 91),
(219, 61, 77, NULL),
(219, 63, NULL, NULL),
(219, 65, 64, NULL),
(219, 106, NULL, NULL),
(220, 61, 86, NULL),
(220, 63, NULL, NULL),
(220, 65, NULL, NULL),
(220, 106, NULL, NULL),
(221, 61, NULL, NULL),
(221, 63, 46, NULL),
(221, 65, 46, NULL),
(221, 106, 46, NULL),
(222, 61, NULL, NULL),
(222, 63, NULL, NULL),
(222, 65, NULL, NULL),
(222, 106, NULL, NULL),
(223, 61, NULL, NULL),
(223, 63, NULL, NULL),
(223, 65, NULL, NULL),
(223, 106, NULL, NULL),
(224, 61, NULL, NULL),
(224, 63, NULL, NULL),
(224, 65, 80, NULL),
(224, 106, NULL, NULL),
(225, 61, NULL, NULL),
(225, 63, 80, NULL),
(225, 65, NULL, 46),
(225, 106, 91, NULL),
(226, 61, NULL, NULL),
(226, 63, NULL, NULL),
(226, 65, NULL, 90),
(226, 106, NULL, NULL),
(227, 61, NULL, NULL),
(227, 63, NULL, NULL),
(227, 65, NULL, NULL),
(227, 106, NULL, NULL),
(228, 61, NULL, NULL),
(228, 63, NULL, 46),
(228, 65, NULL, NULL),
(228, 106, NULL, NULL),
(229, 61, NULL, NULL),
(229, 63, 46, NULL),
(229, 65, NULL, 64),
(229, 106, 31, NULL),
(230, 61, NULL, NULL),
(230, 63, NULL, NULL),
(230, 65, NULL, NULL),
(230, 106, NULL, NULL),
(231, 62, NULL, NULL),
(231, 64, NULL, NULL),
(231, 65, NULL, NULL),
(232, 62, NULL, NULL),
(232, 64, NULL, NULL),
(232, 65, NULL, NULL),
(233, 62, NULL, NULL),
(233, 64, NULL, NULL),
(233, 65, NULL, NULL),
(234, 62, NULL, NULL),
(234, 64, NULL, NULL),
(234, 65, NULL, NULL),
(235, 62, NULL, NULL),
(235, 64, NULL, NULL),
(235, 65, NULL, NULL),
(236, 62, NULL, NULL),
(236, 64, NULL, 81),
(236, 65, NULL, 69),
(237, 62, NULL, NULL),
(237, 64, NULL, 89),
(237, 65, NULL, NULL),
(238, 62, NULL, 80),
(238, 64, NULL, NULL),
(238, 65, NULL, 85),
(239, 62, NULL, 82),
(239, 64, NULL, NULL),
(239, 65, NULL, NULL),
(240, 62, NULL, NULL),
(240, 64, NULL, NULL),
(240, 65, NULL, NULL),
(241, 62, NULL, 73),
(241, 64, NULL, NULL),
(241, 65, NULL, 65),
(242, 62, 58, NULL),
(242, 64, NULL, NULL),
(242, 65, 65, NULL),
(243, 62, 80, NULL),
(243, 64, NULL, NULL),
(243, 65, 85, NULL),
(244, 62, 82, NULL),
(244, 64, 81, NULL),
(244, 65, 69, NULL),
(245, 62, NULL, NULL),
(245, 64, NULL, NULL),
(245, 65, NULL, NULL),
(246, 62, NULL, NULL),
(246, 64, NULL, NULL),
(246, 65, NULL, NULL),
(247, 62, NULL, NULL),
(247, 64, 74, NULL),
(247, 65, NULL, NULL),
(248, 62, NULL, NULL),
(248, 64, 89, NULL),
(248, 65, NULL, NULL),
(249, 62, NULL, NULL),
(249, 64, NULL, NULL),
(249, 65, NULL, NULL),
(250, 62, NULL, NULL),
(250, 64, NULL, NULL),
(250, 65, NULL, NULL),
(251, 62, NULL, NULL),
(251, 64, NULL, 74),
(251, 65, NULL, NULL),
(252, 62, NULL, NULL),
(252, 64, NULL, NULL),
(252, 65, NULL, NULL),
(253, 62, NULL, NULL),
(253, 64, NULL, NULL),
(253, 65, NULL, NULL),
(254, 62, NULL, NULL),
(254, 63, NULL, NULL),
(254, 66, NULL, NULL),
(255, 62, NULL, NULL),
(255, 63, NULL, NULL),
(255, 66, NULL, NULL),
(256, 62, NULL, NULL),
(256, 63, NULL, NULL),
(256, 66, NULL, NULL),
(257, 62, NULL, NULL),
(257, 63, NULL, NULL),
(257, 66, NULL, NULL),
(258, 62, NULL, NULL),
(258, 63, NULL, NULL),
(258, 66, NULL, NULL),
(259, 62, NULL, 84),
(259, 63, NULL, 87),
(259, 66, NULL, NULL),
(260, 62, NULL, NULL),
(260, 63, NULL, NULL),
(260, 66, NULL, NULL),
(261, 62, NULL, 90),
(261, 63, NULL, NULL),
(261, 66, NULL, NULL),
(262, 62, NULL, 53),
(262, 63, 87, NULL),
(262, 66, 62, NULL),
(263, 62, NULL, NULL),
(263, 63, NULL, NULL),
(263, 66, NULL, NULL),
(264, 62, NULL, NULL),
(264, 63, NULL, NULL),
(264, 66, NULL, 79),
(265, 62, 53, NULL),
(265, 63, NULL, 74),
(265, 66, NULL, 81),
(266, 62, 84, NULL),
(266, 63, 74, 90),
(266, 66, NULL, NULL),
(267, 62, 87, NULL),
(267, 63, 90, NULL),
(267, 66, NULL, NULL),
(268, 62, NULL, NULL),
(268, 63, NULL, NULL),
(268, 66, NULL, NULL),
(269, 62, NULL, NULL),
(269, 63, NULL, NULL),
(269, 66, NULL, NULL),
(270, 62, NULL, NULL),
(270, 63, NULL, NULL),
(270, 66, NULL, NULL),
(271, 62, NULL, NULL),
(271, 63, NULL, NULL),
(271, 66, NULL, NULL),
(272, 62, NULL, NULL),
(272, 63, NULL, NULL),
(272, 66, NULL, NULL),
(273, 62, NULL, NULL),
(273, 63, NULL, NULL),
(273, 66, NULL, NULL),
(274, 62, NULL, NULL),
(274, 63, NULL, NULL),
(274, 66, NULL, NULL),
(275, 62, NULL, NULL),
(275, 63, NULL, NULL),
(275, 66, NULL, NULL),
(276, 62, NULL, NULL),
(276, 63, NULL, NULL),
(276, 66, 79, NULL),
(277, 67, NULL, NULL),
(277, 69, NULL, NULL),
(277, 72, NULL, NULL),
(278, 67, NULL, NULL),
(278, 69, NULL, NULL),
(278, 72, NULL, NULL),
(279, 67, NULL, NULL),
(279, 69, NULL, NULL),
(279, 72, NULL, NULL),
(280, 67, NULL, NULL),
(280, 69, NULL, NULL),
(280, 72, NULL, NULL),
(281, 67, NULL, NULL),
(281, 69, NULL, NULL),
(281, 72, NULL, NULL),
(282, 67, NULL, NULL),
(282, 69, NULL, NULL),
(282, 72, NULL, NULL),
(283, 67, NULL, NULL),
(283, 69, NULL, NULL),
(283, 72, NULL, 62),
(284, 67, NULL, 83),
(284, 69, NULL, NULL),
(284, 72, NULL, NULL),
(285, 67, NULL, 69),
(285, 69, NULL, NULL),
(285, 72, NULL, 84),
(286, 67, NULL, NULL),
(286, 69, NULL, NULL),
(286, 72, 67, NULL),
(287, 67, NULL, 76),
(287, 69, NULL, 79),
(287, 72, NULL, NULL),
(288, 67, 62, NULL),
(288, 69, NULL, 75),
(288, 72, NULL, 77),
(289, 67, 69, NULL),
(289, 69, 79, NULL),
(289, 72, 77, NULL),
(290, 67, 76, NULL),
(290, 69, NULL, NULL),
(290, 72, NULL, NULL),
(291, 67, NULL, NULL),
(291, 69, NULL, NULL),
(291, 72, NULL, NULL),
(292, 67, NULL, NULL),
(292, 69, NULL, NULL),
(292, 72, NULL, NULL),
(293, 67, NULL, NULL),
(293, 69, NULL, NULL),
(293, 72, NULL, NULL),
(294, 67, NULL, NULL),
(294, 69, NULL, NULL),
(294, 72, NULL, NULL),
(295, 67, NULL, NULL),
(295, 69, 70, NULL),
(295, 72, NULL, NULL),
(296, 67, NULL, NULL),
(296, 69, NULL, NULL),
(296, 72, NULL, NULL),
(297, 67, NULL, NULL),
(297, 69, NULL, 70),
(297, 72, NULL, NULL),
(298, 67, NULL, NULL),
(298, 69, 75, NULL),
(298, 72, NULL, NULL),
(299, 67, NULL, NULL),
(299, 69, NULL, NULL),
(299, 72, 62, NULL),
(300, 67, NULL, NULL),
(300, 70, NULL, NULL),
(300, 71, NULL, NULL),
(300, 102, NULL, NULL),
(300, 106, NULL, NULL),
(301, 67, NULL, NULL),
(301, 70, NULL, NULL),
(301, 71, NULL, NULL),
(301, 102, NULL, NULL),
(301, 106, NULL, NULL),
(302, 67, NULL, NULL),
(302, 70, NULL, NULL),
(302, 71, NULL, NULL),
(302, 102, NULL, NULL),
(302, 106, NULL, NULL),
(303, 67, NULL, NULL),
(303, 70, NULL, NULL),
(303, 71, NULL, NULL),
(303, 102, NULL, NULL),
(303, 106, NULL, 73),
(304, 67, NULL, NULL),
(304, 70, NULL, NULL),
(304, 71, NULL, NULL),
(304, 102, NULL, NULL),
(304, 106, NULL, NULL),
(305, 67, NULL, 90),
(305, 70, NULL, 87),
(305, 71, NULL, NULL),
(305, 102, NULL, NULL),
(305, 106, NULL, 78),
(306, 67, NULL, NULL),
(306, 70, NULL, NULL),
(306, 71, NULL, NULL),
(306, 102, NULL, NULL),
(306, 106, NULL, NULL),
(307, 67, NULL, 73),
(307, 70, NULL, 77),
(307, 71, NULL, NULL),
(307, 102, NULL, NULL),
(307, 106, NULL, NULL),
(308, 67, NULL, 90),
(308, 70, NULL, NULL),
(308, 71, NULL, 82),
(308, 102, NULL, NULL),
(308, 106, NULL, NULL),
(309, 67, NULL, NULL),
(309, 70, NULL, NULL),
(309, 71, NULL, 90),
(309, 102, NULL, NULL),
(309, 106, NULL, NULL),
(310, 67, NULL, NULL),
(310, 70, NULL, 56),
(310, 71, NULL, 64),
(310, 102, NULL, NULL),
(310, 106, NULL, NULL),
(311, 67, 73, NULL),
(311, 70, NULL, NULL),
(311, 71, NULL, NULL),
(311, 102, 74, NULL),
(311, 106, 78, NULL),
(312, 67, 90, NULL),
(312, 70, NULL, NULL),
(312, 71, NULL, NULL),
(312, 102, NULL, NULL),
(312, 106, 73, NULL),
(313, 67, 90, NULL),
(313, 70, 56, NULL),
(313, 71, NULL, NULL),
(313, 102, NULL, NULL),
(313, 106, NULL, NULL),
(314, 67, NULL, NULL),
(314, 70, NULL, NULL),
(314, 71, 90, NULL),
(314, 102, 88, NULL),
(314, 106, NULL, NULL),
(315, 67, NULL, NULL),
(315, 70, NULL, NULL),
(315, 71, NULL, NULL),
(315, 102, NULL, NULL),
(315, 106, NULL, NULL),
(316, 67, NULL, NULL),
(316, 70, NULL, NULL),
(316, 71, NULL, NULL),
(316, 102, NULL, NULL),
(316, 106, NULL, NULL),
(317, 67, NULL, NULL),
(317, 70, NULL, NULL),
(317, 71, NULL, NULL),
(317, 102, NULL, NULL),
(317, 106, NULL, NULL),
(318, 67, NULL, NULL),
(318, 70, NULL, NULL),
(318, 71, NULL, NULL),
(318, 102, NULL, NULL),
(318, 106, NULL, NULL),
(319, 67, NULL, NULL),
(319, 70, 87, NULL),
(319, 71, 82, NULL),
(319, 102, NULL, NULL),
(319, 106, NULL, NULL),
(320, 67, NULL, NULL),
(320, 70, NULL, NULL),
(320, 71, NULL, NULL),
(320, 102, NULL, NULL),
(320, 106, NULL, NULL),
(321, 67, NULL, NULL),
(321, 70, NULL, NULL),
(321, 71, NULL, NULL),
(321, 102, NULL, 74),
(321, 106, NULL, 113),
(322, 67, NULL, NULL),
(322, 70, 77, NULL),
(322, 71, 64, NULL),
(322, 102, NULL, 88),
(322, 106, 113, NULL),
(323, 68, NULL, NULL),
(323, 69, NULL, NULL),
(323, 71, NULL, NULL),
(323, 98, NULL, NULL),
(323, 100, NULL, NULL),
(323, 103, NULL, NULL),
(323, 107, NULL, NULL),
(324, 68, NULL, NULL),
(324, 69, NULL, NULL),
(324, 71, NULL, NULL),
(324, 98, NULL, NULL),
(324, 100, NULL, NULL),
(324, 103, NULL, NULL),
(324, 107, NULL, NULL),
(325, 68, NULL, NULL),
(325, 69, NULL, NULL),
(325, 71, NULL, NULL),
(325, 98, NULL, NULL),
(325, 100, NULL, NULL),
(325, 103, NULL, NULL),
(325, 107, NULL, NULL),
(326, 68, NULL, NULL),
(326, 69, NULL, NULL),
(326, 71, NULL, NULL),
(326, 98, NULL, NULL),
(326, 100, NULL, NULL),
(326, 103, NULL, NULL),
(326, 107, NULL, NULL),
(327, 68, NULL, NULL),
(327, 69, NULL, 77),
(327, 71, NULL, NULL),
(327, 98, NULL, NULL),
(327, 100, NULL, NULL),
(327, 103, NULL, NULL),
(327, 107, NULL, NULL),
(328, 68, NULL, NULL),
(328, 69, NULL, NULL),
(328, 71, NULL, 81),
(328, 98, NULL, NULL),
(328, 100, NULL, NULL),
(328, 103, NULL, NULL),
(328, 107, NULL, NULL),
(329, 68, NULL, 74),
(329, 69, NULL, 70),
(329, 71, NULL, NULL),
(329, 98, NULL, 90),
(329, 100, NULL, NULL),
(329, 103, NULL, NULL),
(329, 107, NULL, 83),
(330, 68, NULL, NULL),
(330, 69, NULL, NULL),
(330, 71, NULL, NULL),
(330, 98, NULL, NULL),
(330, 100, NULL, 81),
(330, 103, NULL, 78),
(330, 107, NULL, NULL),
(331, 68, NULL, 90),
(331, 69, NULL, NULL),
(331, 71, NULL, NULL),
(331, 98, NULL, NULL),
(331, 100, NULL, NULL),
(331, 103, NULL, NULL),
(331, 107, NULL, 72),
(332, 68, NULL, 81),
(332, 69, NULL, NULL),
(332, 71, NULL, NULL),
(332, 98, NULL, NULL),
(332, 100, NULL, NULL),
(332, 103, NULL, NULL),
(332, 107, NULL, NULL),
(333, 68, NULL, NULL),
(333, 69, NULL, 70),
(333, 71, NULL, 68),
(333, 98, NULL, NULL),
(333, 100, NULL, NULL),
(333, 103, NULL, 84),
(333, 107, NULL, 72),
(334, 68, 68, NULL),
(334, 69, 70, NULL),
(334, 71, NULL, NULL),
(334, 98, NULL, 73),
(334, 100, NULL, NULL),
(334, 103, NULL, NULL),
(334, 107, NULL, NULL),
(335, 68, 74, NULL),
(335, 69, 77, NULL),
(335, 71, NULL, NULL),
(335, 98, NULL, NULL),
(335, 100, 81, NULL),
(335, 103, NULL, NULL),
(335, 107, 72, NULL),
(336, 68, 81, NULL),
(336, 69, 70, NULL),
(336, 71, NULL, NULL),
(336, 98, NULL, NULL),
(336, 100, NULL, NULL),
(336, 103, NULL, NULL),
(336, 107, NULL, NULL),
(337, 68, NULL, NULL),
(337, 69, NULL, NULL),
(337, 71, NULL, NULL),
(337, 98, NULL, NULL),
(337, 100, NULL, NULL),
(337, 103, NULL, NULL),
(337, 107, NULL, NULL),
(338, 68, NULL, NULL),
(338, 69, NULL, NULL),
(338, 71, NULL, NULL),
(338, 98, NULL, NULL),
(338, 100, NULL, NULL),
(338, 103, NULL, NULL),
(338, 107, NULL, NULL),
(339, 68, NULL, NULL),
(339, 69, NULL, NULL),
(339, 71, NULL, 73),
(339, 98, NULL, NULL),
(339, 100, NULL, 52),
(339, 103, NULL, 72),
(339, 107, NULL, NULL),
(340, 68, NULL, NULL),
(340, 69, NULL, NULL),
(340, 71, 73, NULL),
(340, 98, NULL, 81),
(340, 100, 52, NULL),
(340, 103, 72, NULL),
(340, 107, NULL, NULL),
(341, 68, NULL, NULL),
(341, 69, NULL, NULL),
(341, 71, 68, NULL),
(341, 98, NULL, NULL),
(341, 100, NULL, 62),
(341, 103, 84, NULL),
(341, 107, 72, NULL),
(342, 68, NULL, NULL),
(342, 69, NULL, NULL),
(342, 71, NULL, NULL),
(342, 98, 73, NULL),
(342, 100, NULL, NULL),
(342, 103, NULL, NULL),
(342, 107, 83, NULL),
(343, 68, NULL, NULL),
(343, 69, NULL, NULL),
(343, 71, NULL, NULL),
(343, 98, 90, NULL),
(343, 100, NULL, NULL),
(343, 103, NULL, NULL),
(343, 107, NULL, NULL),
(344, 68, NULL, NULL),
(344, 69, NULL, NULL),
(344, 71, 81, NULL),
(344, 98, 81, NULL),
(344, 100, 62, NULL),
(344, 103, 78, NULL),
(344, 107, NULL, NULL),
(345, 68, NULL, NULL),
(345, 69, NULL, NULL),
(345, 71, NULL, NULL),
(345, 98, NULL, NULL),
(345, 100, NULL, NULL),
(345, 103, NULL, NULL),
(345, 107, NULL, NULL),
(346, 68, NULL, NULL),
(346, 70, NULL, NULL),
(346, 72, NULL, NULL),
(347, 68, NULL, NULL),
(347, 70, NULL, NULL),
(347, 72, NULL, NULL),
(348, 68, NULL, NULL),
(348, 70, NULL, NULL),
(348, 72, NULL, NULL),
(349, 68, NULL, NULL),
(349, 70, NULL, 85),
(349, 72, NULL, 82),
(350, 68, NULL, NULL),
(350, 70, NULL, NULL),
(350, 72, NULL, NULL),
(351, 68, NULL, NULL),
(351, 70, 66, NULL),
(351, 72, 66, NULL),
(352, 68, NULL, NULL),
(352, 70, NULL, NULL),
(352, 72, NULL, NULL),
(353, 68, NULL, 74),
(353, 70, NULL, NULL),
(353, 72, NULL, NULL),
(354, 68, NULL, 46),
(354, 70, NULL, NULL),
(354, 72, NULL, NULL),
(355, 68, NULL, NULL),
(355, 70, NULL, NULL),
(355, 72, NULL, 73),
(356, 68, NULL, 64),
(356, 70, NULL, NULL),
(356, 72, 82, NULL),
(357, 68, 46, NULL),
(357, 70, NULL, 68),
(357, 72, 65, NULL),
(358, 68, 64, NULL),
(358, 70, 85, NULL),
(358, 72, NULL, NULL),
(359, 68, 74, NULL),
(359, 70, NULL, NULL),
(359, 72, NULL, NULL),
(360, 68, NULL, NULL),
(360, 70, NULL, NULL),
(360, 72, NULL, NULL),
(361, 68, NULL, NULL),
(361, 70, NULL, NULL),
(361, 72, NULL, NULL),
(362, 68, NULL, NULL),
(362, 70, NULL, NULL),
(362, 72, NULL, NULL),
(363, 68, NULL, NULL),
(363, 70, NULL, NULL),
(363, 72, NULL, NULL),
(364, 68, NULL, NULL),
(364, 70, 68, NULL),
(364, 72, NULL, NULL),
(365, 68, NULL, NULL),
(365, 70, NULL, NULL),
(365, 72, NULL, NULL),
(366, 68, NULL, NULL),
(366, 70, NULL, 66),
(366, 72, NULL, 66),
(367, 68, NULL, NULL),
(367, 70, NULL, NULL),
(367, 72, NULL, NULL),
(368, 68, NULL, NULL),
(368, 70, NULL, NULL),
(368, 72, NULL, NULL),
(369, 73, NULL, NULL),
(369, 75, NULL, NULL),
(369, 78, NULL, NULL),
(369, 97, NULL, NULL),
(369, 99, NULL, NULL),
(369, 101, NULL, NULL),
(369, 109, NULL, NULL),
(370, 73, NULL, NULL),
(370, 75, NULL, NULL),
(370, 78, NULL, NULL),
(370, 97, NULL, NULL),
(370, 99, NULL, NULL),
(370, 101, NULL, NULL),
(370, 109, NULL, NULL),
(371, 73, NULL, NULL),
(371, 75, NULL, NULL),
(371, 78, NULL, NULL),
(371, 97, NULL, NULL),
(371, 99, NULL, NULL),
(371, 101, NULL, NULL),
(371, 109, NULL, NULL),
(372, 73, NULL, NULL),
(372, 75, NULL, NULL),
(372, 78, NULL, NULL),
(372, 97, NULL, 105),
(372, 99, NULL, NULL),
(372, 101, NULL, NULL),
(372, 109, NULL, NULL),
(373, 73, NULL, NULL),
(373, 75, NULL, NULL),
(373, 78, NULL, NULL),
(373, 97, NULL, NULL),
(373, 99, NULL, NULL),
(373, 101, NULL, NULL),
(373, 109, NULL, NULL),
(374, 73, NULL, NULL),
(374, 75, NULL, 83),
(374, 78, NULL, NULL),
(374, 97, NULL, NULL),
(374, 99, NULL, NULL),
(374, 101, NULL, NULL),
(374, 109, NULL, 90),
(375, 73, NULL, NULL),
(375, 75, NULL, NULL),
(375, 78, NULL, NULL),
(375, 97, NULL, NULL),
(375, 99, NULL, NULL),
(375, 101, NULL, NULL),
(375, 109, NULL, NULL),
(376, 73, NULL, 67),
(376, 75, NULL, 72),
(376, 78, NULL, 73),
(376, 97, 99, NULL),
(376, 99, 46, NULL),
(376, 101, NULL, NULL),
(376, 109, NULL, NULL),
(377, 73, NULL, 88),
(377, 75, NULL, NULL),
(377, 78, NULL, NULL),
(377, 97, NULL, 99),
(377, 99, NULL, NULL),
(377, 101, NULL, NULL),
(377, 109, NULL, NULL),
(378, 73, NULL, NULL),
(378, 75, NULL, NULL),
(378, 78, NULL, 67),
(378, 97, NULL, 71),
(378, 99, NULL, NULL),
(378, 101, NULL, NULL),
(378, 109, NULL, NULL),
(379, 73, NULL, 77),
(379, 75, NULL, 88),
(379, 78, NULL, 83),
(379, 97, NULL, NULL),
(379, 99, NULL, NULL),
(379, 101, NULL, 85),
(379, 109, NULL, 80),
(380, 73, 67, NULL),
(380, 75, 72, NULL),
(380, 78, 67, NULL),
(380, 97, 71, NULL),
(380, 99, 90, NULL),
(380, 101, NULL, NULL),
(380, 109, 71, NULL),
(381, 73, 77, NULL),
(381, 75, 83, NULL),
(381, 78, NULL, NULL),
(381, 97, NULL, NULL),
(381, 99, NULL, NULL),
(381, 101, NULL, NULL),
(381, 109, 90, NULL),
(382, 73, 88, NULL),
(382, 75, NULL, NULL),
(382, 78, NULL, NULL),
(382, 97, NULL, NULL),
(382, 99, NULL, 46),
(382, 101, NULL, NULL),
(382, 109, NULL, NULL),
(383, 73, NULL, NULL),
(383, 75, NULL, NULL),
(383, 78, NULL, NULL),
(383, 97, NULL, NULL),
(383, 99, NULL, NULL),
(383, 101, NULL, NULL),
(383, 109, NULL, NULL),
(384, 73, NULL, NULL),
(384, 75, NULL, NULL),
(384, 78, 73, NULL),
(384, 97, NULL, NULL),
(384, 99, NULL, 90),
(384, 101, NULL, NULL),
(384, 109, NULL, 71),
(385, 73, NULL, NULL),
(385, 75, NULL, NULL),
(385, 78, NULL, NULL),
(385, 97, 105, NULL),
(385, 99, NULL, NULL),
(385, 101, NULL, NULL),
(385, 109, NULL, NULL),
(386, 73, NULL, NULL),
(386, 75, NULL, NULL),
(386, 78, NULL, NULL),
(386, 97, NULL, NULL),
(386, 99, NULL, NULL),
(386, 101, NULL, NULL),
(386, 109, NULL, NULL),
(387, 73, NULL, NULL),
(387, 75, 88, NULL),
(387, 78, 59, NULL),
(387, 97, NULL, NULL),
(387, 99, NULL, NULL),
(387, 101, 85, NULL),
(387, 109, 80, NULL),
(388, 73, NULL, NULL),
(388, 75, NULL, NULL),
(388, 78, NULL, NULL),
(388, 97, NULL, NULL),
(388, 99, NULL, NULL),
(388, 101, NULL, NULL),
(388, 109, NULL, NULL),
(389, 73, NULL, NULL),
(389, 75, NULL, NULL),
(389, 78, NULL, NULL),
(389, 97, NULL, NULL),
(389, 99, NULL, NULL),
(389, 101, NULL, NULL),
(389, 109, NULL, NULL),
(390, 73, NULL, NULL),
(390, 75, NULL, NULL),
(390, 78, NULL, NULL),
(390, 97, NULL, NULL),
(390, 99, NULL, NULL),
(390, 101, NULL, NULL),
(390, 109, NULL, NULL),
(391, 73, NULL, NULL),
(391, 75, NULL, NULL),
(391, 78, NULL, NULL),
(391, 97, NULL, NULL),
(391, 99, NULL, NULL),
(391, 101, NULL, NULL),
(391, 109, NULL, NULL),
(392, 73, NULL, NULL),
(392, 76, NULL, NULL),
(392, 77, NULL, NULL),
(393, 73, NULL, NULL),
(393, 76, NULL, NULL),
(393, 77, NULL, NULL),
(394, 73, NULL, NULL),
(394, 76, NULL, NULL),
(394, 77, NULL, NULL),
(395, 73, NULL, NULL),
(395, 76, NULL, NULL),
(395, 77, NULL, NULL),
(396, 73, NULL, NULL),
(396, 76, NULL, NULL),
(396, 77, NULL, NULL),
(397, 73, NULL, 73),
(397, 76, 66, NULL),
(397, 77, NULL, 63),
(398, 73, NULL, NULL),
(398, 76, NULL, 46),
(398, 77, NULL, 34),
(399, 73, NULL, NULL),
(399, 76, NULL, NULL),
(399, 77, NULL, NULL),
(400, 73, NULL, 56),
(400, 76, NULL, NULL),
(400, 77, NULL, NULL),
(401, 73, NULL, NULL),
(401, 76, NULL, NULL),
(401, 77, NULL, NULL),
(402, 73, NULL, 62),
(402, 76, NULL, NULL),
(402, 77, NULL, NULL),
(403, 73, 56, NULL),
(403, 76, NULL, 66),
(403, 77, NULL, NULL),
(404, 73, 62, NULL),
(404, 76, NULL, NULL),
(404, 77, NULL, NULL),
(405, 73, 73, NULL),
(405, 76, NULL, NULL),
(405, 77, 63, NULL),
(406, 73, NULL, NULL),
(406, 76, 46, NULL),
(406, 77, NULL, NULL),
(407, 73, NULL, NULL),
(407, 76, NULL, NULL),
(407, 77, NULL, NULL),
(408, 73, NULL, NULL),
(408, 76, 86, NULL),
(408, 77, 34, NULL),
(409, 73, NULL, NULL),
(409, 76, NULL, 86),
(409, 77, NULL, NULL),
(410, 73, NULL, NULL),
(410, 76, NULL, NULL),
(410, 77, NULL, 56),
(411, 73, NULL, NULL),
(411, 76, NULL, NULL),
(411, 77, NULL, NULL),
(412, 73, NULL, NULL),
(412, 76, NULL, NULL),
(412, 77, NULL, NULL),
(413, 73, NULL, NULL),
(413, 76, NULL, NULL),
(413, 77, 56, NULL),
(414, 73, NULL, NULL),
(414, 76, NULL, NULL),
(414, 77, NULL, NULL),
(415, 74, NULL, NULL),
(415, 75, NULL, NULL),
(415, 77, NULL, NULL),
(415, 111, NULL, NULL),
(416, 74, NULL, NULL),
(416, 75, NULL, NULL),
(416, 77, NULL, NULL),
(416, 111, NULL, NULL),
(417, 74, NULL, NULL),
(417, 75, NULL, NULL),
(417, 77, NULL, NULL),
(417, 111, NULL, NULL),
(418, 74, NULL, NULL),
(418, 75, NULL, NULL),
(418, 77, NULL, NULL),
(418, 111, NULL, NULL),
(419, 74, NULL, NULL),
(419, 75, NULL, NULL),
(419, 77, NULL, NULL),
(419, 111, NULL, NULL),
(420, 74, NULL, NULL),
(420, 75, NULL, NULL),
(420, 77, NULL, 90),
(420, 111, NULL, NULL),
(421, 74, NULL, 69),
(421, 75, NULL, 64),
(421, 77, NULL, 87),
(421, 111, NULL, 66),
(422, 74, NULL, 88),
(422, 75, NULL, 77),
(422, 77, NULL, NULL),
(422, 111, NULL, NULL),
(423, 74, NULL, NULL),
(423, 75, NULL, NULL),
(423, 77, NULL, NULL),
(423, 111, NULL, 81),
(424, 74, NULL, NULL),
(424, 75, NULL, NULL),
(424, 77, NULL, NULL),
(424, 111, NULL, NULL),
(425, 74, NULL, 82),
(425, 75, NULL, 77),
(425, 77, NULL, 88),
(425, 111, NULL, 106),
(426, 74, 69, NULL),
(426, 75, 77, NULL),
(426, 77, 74, NULL),
(426, 111, 66, NULL),
(427, 74, 82, NULL),
(427, 75, NULL, NULL),
(427, 77, NULL, NULL),
(427, 111, NULL, NULL),
(428, 74, 88, NULL),
(428, 75, NULL, NULL),
(428, 77, 90, NULL),
(428, 111, NULL, NULL),
(429, 74, NULL, NULL),
(429, 75, NULL, NULL),
(429, 77, NULL, NULL),
(429, 111, NULL, NULL),
(430, 74, NULL, NULL),
(430, 75, NULL, NULL),
(430, 77, NULL, NULL),
(430, 111, NULL, NULL),
(431, 74, NULL, NULL),
(431, 75, NULL, NULL),
(431, 77, NULL, NULL),
(431, 111, 81, NULL),
(432, 74, NULL, NULL),
(432, 75, 77, NULL),
(432, 77, NULL, NULL),
(432, 111, 106, NULL),
(433, 74, NULL, NULL),
(433, 75, 64, NULL),
(433, 77, NULL, NULL),
(433, 111, NULL, NULL),
(434, 74, NULL, NULL),
(434, 75, NULL, NULL),
(434, 77, NULL, NULL),
(434, 111, NULL, NULL),
(435, 74, NULL, NULL),
(435, 75, NULL, NULL),
(435, 77, NULL, NULL),
(435, 111, NULL, NULL),
(436, 74, NULL, NULL),
(436, 75, NULL, NULL),
(436, 77, NULL, NULL),
(436, 111, NULL, NULL),
(437, 74, NULL, NULL),
(437, 75, NULL, NULL),
(437, 77, 88, NULL),
(437, 111, NULL, NULL),
(438, 74, NULL, NULL),
(438, 76, NULL, NULL),
(438, 78, NULL, NULL),
(439, 74, NULL, NULL),
(439, 76, NULL, NULL),
(439, 78, NULL, NULL),
(440, 74, NULL, NULL),
(440, 76, NULL, 73),
(440, 78, NULL, NULL),
(441, 74, NULL, NULL),
(441, 76, NULL, NULL),
(441, 78, NULL, 74),
(442, 74, NULL, 63),
(442, 76, NULL, NULL),
(442, 78, NULL, NULL),
(443, 74, NULL, NULL),
(443, 76, NULL, NULL),
(443, 78, NULL, NULL),
(444, 74, NULL, 75),
(444, 76, 46, NULL),
(444, 78, NULL, NULL),
(445, 74, NULL, NULL),
(445, 76, NULL, 46),
(445, 78, NULL, NULL),
(446, 74, NULL, NULL),
(446, 76, NULL, NULL),
(446, 78, NULL, NULL),
(447, 74, NULL, NULL),
(447, 76, NULL, 79),
(447, 78, NULL, NULL),
(448, 74, NULL, 75),
(448, 76, NULL, NULL),
(448, 78, NULL, 72),
(449, 74, 63, NULL),
(449, 76, NULL, NULL),
(449, 78, NULL, NULL),
(450, 74, 75, NULL),
(450, 76, NULL, NULL),
(450, 78, NULL, NULL),
(451, 74, 75, NULL),
(451, 76, 73, NULL),
(451, 78, 72, NULL),
(452, 74, NULL, NULL),
(452, 76, NULL, NULL),
(452, 78, NULL, NULL),
(453, 74, NULL, NULL),
(453, 76, NULL, NULL),
(453, 78, NULL, NULL),
(454, 74, NULL, NULL),
(454, 76, NULL, NULL),
(454, 78, NULL, NULL),
(455, 74, NULL, NULL),
(455, 76, NULL, NULL),
(455, 78, NULL, 56),
(456, 74, NULL, NULL),
(456, 76, NULL, NULL),
(456, 78, NULL, NULL),
(457, 74, NULL, NULL),
(457, 76, NULL, NULL),
(457, 78, NULL, NULL),
(458, 74, NULL, NULL),
(458, 76, NULL, NULL),
(458, 78, NULL, NULL),
(459, 74, NULL, NULL),
(459, 76, NULL, NULL),
(459, 78, 74, NULL),
(460, 74, NULL, NULL),
(460, 76, 79, NULL),
(460, 78, 56, NULL),
(461, 79, NULL, 46),
(461, 82, NULL, NULL),
(461, 84, NULL, NULL),
(462, 79, NULL, NULL),
(462, 82, NULL, NULL),
(462, 84, NULL, NULL),
(463, 79, NULL, NULL),
(463, 82, NULL, NULL),
(463, 84, NULL, NULL),
(464, 79, NULL, NULL),
(464, 82, NULL, NULL),
(464, 84, NULL, NULL),
(465, 79, NULL, NULL),
(465, 82, NULL, NULL),
(465, 84, NULL, 46),
(466, 79, NULL, NULL),
(466, 82, NULL, NULL),
(466, 84, NULL, NULL),
(467, 79, NULL, NULL),
(467, 82, NULL, NULL),
(467, 84, NULL, 56),
(468, 79, NULL, NULL),
(468, 82, NULL, 46),
(468, 84, NULL, NULL),
(469, 79, NULL, 70),
(469, 82, NULL, 61),
(469, 84, NULL, NULL),
(470, 79, NULL, 72),
(470, 82, NULL, 46),
(470, 84, NULL, NULL),
(471, 79, NULL, NULL),
(471, 82, NULL, NULL),
(471, 84, NULL, NULL),
(472, 79, 46, NULL),
(472, 82, NULL, NULL),
(472, 84, NULL, NULL),
(473, 79, 59, NULL),
(473, 82, 46, NULL),
(473, 84, NULL, NULL),
(474, 79, 72, NULL),
(474, 82, 46, NULL),
(474, 84, NULL, NULL),
(475, 79, NULL, NULL),
(475, 82, NULL, NULL),
(475, 84, NULL, NULL),
(476, 79, NULL, NULL),
(476, 82, NULL, NULL),
(476, 84, 56, NULL),
(477, 79, NULL, NULL),
(477, 82, NULL, NULL),
(477, 84, 46, NULL),
(478, 79, NULL, NULL),
(478, 82, NULL, NULL),
(478, 84, 46, NULL),
(479, 79, NULL, NULL),
(479, 82, NULL, NULL),
(479, 84, NULL, 83),
(480, 79, NULL, NULL),
(480, 82, 61, NULL),
(480, 84, NULL, NULL),
(481, 79, NULL, NULL),
(481, 82, NULL, NULL),
(481, 84, NULL, NULL),
(482, 79, NULL, NULL),
(482, 82, NULL, NULL),
(482, 84, NULL, NULL),
(483, 79, NULL, NULL),
(483, 82, NULL, NULL),
(483, 84, NULL, NULL),
(484, 79, NULL, NULL),
(484, 81, NULL, NULL),
(484, 83, NULL, NULL),
(484, 104, NULL, NULL),
(484, 111, NULL, NULL),
(485, 79, NULL, NULL),
(485, 81, NULL, NULL),
(485, 83, NULL, NULL),
(485, 104, NULL, NULL),
(485, 111, NULL, NULL),
(486, 79, NULL, 60),
(486, 81, 68, NULL),
(486, 83, NULL, NULL),
(486, 104, NULL, NULL),
(486, 111, NULL, NULL),
(487, 79, NULL, NULL),
(487, 81, NULL, NULL),
(487, 83, NULL, NULL),
(487, 104, NULL, NULL),
(487, 111, NULL, NULL),
(488, 79, NULL, NULL),
(488, 81, NULL, NULL),
(488, 83, NULL, NULL),
(488, 104, NULL, NULL),
(488, 111, NULL, NULL),
(489, 79, NULL, NULL),
(489, 81, NULL, NULL),
(489, 83, NULL, NULL),
(489, 104, NULL, NULL),
(489, 111, NULL, NULL),
(490, 79, NULL, NULL),
(490, 81, NULL, NULL),
(490, 83, NULL, NULL),
(490, 104, NULL, NULL),
(490, 111, NULL, NULL),
(491, 79, NULL, NULL),
(491, 81, NULL, 88),
(491, 83, NULL, NULL),
(491, 104, 64, NULL),
(491, 111, NULL, NULL),
(492, 79, NULL, NULL),
(492, 81, NULL, NULL),
(492, 83, NULL, NULL),
(492, 104, NULL, 84),
(492, 111, NULL, NULL),
(493, 79, NULL, 68),
(493, 81, NULL, 68),
(493, 83, NULL, 67),
(493, 104, NULL, 73),
(493, 111, 60, NULL),
(494, 79, NULL, 76),
(494, 81, NULL, 82),
(494, 83, 66, NULL),
(494, 104, 84, NULL),
(494, 111, NULL, NULL),
(495, 79, 60, NULL),
(495, 81, NULL, NULL),
(495, 83, NULL, NULL),
(495, 104, NULL, NULL),
(495, 111, NULL, NULL),
(496, 79, 68, NULL),
(496, 81, NULL, NULL),
(496, 83, NULL, NULL),
(496, 104, 73, NULL),
(496, 111, NULL, 94),
(497, 79, 76, NULL),
(497, 81, 82, NULL),
(497, 83, NULL, 66),
(497, 104, NULL, NULL),
(497, 111, 94, NULL),
(498, 79, NULL, NULL),
(498, 81, NULL, NULL),
(498, 83, NULL, NULL),
(498, 104, NULL, NULL),
(498, 111, NULL, NULL),
(499, 79, NULL, NULL),
(499, 81, NULL, NULL),
(499, 83, NULL, NULL),
(499, 104, NULL, NULL),
(499, 111, NULL, NULL),
(500, 79, NULL, NULL),
(500, 81, NULL, NULL),
(500, 83, NULL, NULL),
(500, 104, NULL, NULL),
(500, 111, NULL, NULL),
(501, 79, NULL, NULL),
(501, 81, NULL, NULL),
(501, 83, NULL, NULL),
(501, 104, NULL, NULL),
(501, 111, NULL, NULL),
(502, 79, NULL, NULL),
(502, 81, 88, NULL),
(502, 83, NULL, NULL),
(502, 104, NULL, 64),
(502, 111, 75, NULL),
(503, 79, NULL, NULL),
(503, 81, NULL, NULL),
(503, 83, 67, NULL),
(503, 104, NULL, NULL),
(503, 111, NULL, 60),
(504, 79, NULL, NULL),
(504, 81, NULL, NULL),
(504, 83, NULL, NULL),
(504, 104, NULL, NULL),
(504, 111, NULL, NULL),
(505, 79, NULL, NULL),
(505, 81, NULL, NULL),
(505, 83, NULL, NULL),
(505, 104, NULL, NULL),
(505, 111, NULL, 75),
(506, 79, NULL, NULL),
(506, 81, NULL, NULL),
(506, 83, NULL, NULL),
(506, 104, NULL, NULL),
(506, 111, NULL, NULL),
(507, 80, NULL, NULL),
(507, 82, NULL, NULL),
(507, 83, NULL, NULL),
(508, 80, NULL, 78),
(508, 82, NULL, 81),
(508, 83, NULL, NULL),
(509, 80, NULL, NULL),
(509, 82, NULL, NULL),
(509, 83, NULL, NULL),
(510, 80, NULL, NULL),
(510, 82, NULL, NULL),
(510, 83, NULL, NULL),
(511, 80, NULL, NULL),
(511, 82, NULL, NULL),
(511, 83, NULL, NULL),
(512, 80, NULL, NULL),
(512, 82, NULL, NULL),
(512, 83, NULL, NULL),
(513, 80, NULL, NULL),
(513, 82, NULL, NULL),
(513, 83, NULL, NULL),
(514, 80, NULL, 72),
(514, 82, NULL, 90),
(514, 83, NULL, 79),
(515, 80, NULL, NULL),
(515, 82, NULL, 63),
(515, 83, NULL, 69),
(516, 80, NULL, NULL),
(516, 82, NULL, NULL),
(516, 83, NULL, NULL),
(517, 80, NULL, NULL),
(517, 82, NULL, NULL),
(517, 83, NULL, NULL),
(518, 80, 72, NULL),
(518, 82, 63, NULL),
(518, 83, 69, NULL),
(519, 80, 78, NULL),
(519, 82, 81, NULL),
(519, 83, NULL, NULL),
(520, 80, NULL, NULL),
(520, 82, 90, NULL),
(520, 83, NULL, NULL),
(521, 80, NULL, NULL),
(521, 82, NULL, NULL),
(521, 83, NULL, NULL),
(522, 80, NULL, NULL),
(522, 82, NULL, NULL),
(522, 83, NULL, NULL),
(523, 80, NULL, NULL),
(523, 82, NULL, NULL),
(523, 83, NULL, NULL),
(524, 80, NULL, NULL),
(524, 82, NULL, NULL),
(524, 83, NULL, NULL),
(525, 80, NULL, NULL),
(525, 82, NULL, NULL),
(525, 83, NULL, NULL),
(526, 80, NULL, NULL),
(526, 82, NULL, NULL),
(526, 83, NULL, NULL),
(527, 80, NULL, NULL),
(527, 82, NULL, NULL),
(527, 83, 79, NULL),
(528, 80, NULL, NULL),
(528, 82, NULL, NULL),
(528, 83, NULL, NULL),
(529, 80, NULL, NULL),
(529, 82, NULL, NULL),
(529, 83, NULL, NULL),
(530, 80, NULL, NULL),
(530, 81, NULL, NULL),
(530, 84, NULL, NULL),
(530, 109, NULL, NULL),
(531, 80, NULL, NULL),
(531, 81, NULL, NULL),
(531, 84, NULL, NULL),
(531, 109, NULL, NULL),
(532, 80, NULL, NULL),
(532, 81, NULL, NULL),
(532, 84, NULL, NULL),
(532, 109, NULL, NULL),
(533, 80, NULL, NULL),
(533, 81, NULL, NULL),
(533, 84, NULL, NULL),
(533, 109, NULL, 88),
(534, 80, NULL, NULL),
(534, 81, NULL, NULL),
(534, 84, NULL, NULL),
(534, 109, NULL, NULL),
(535, 80, NULL, 81),
(535, 81, NULL, 70),
(535, 84, 90, NULL),
(535, 109, NULL, NULL),
(536, 80, NULL, NULL),
(536, 81, NULL, NULL),
(536, 84, NULL, NULL),
(536, 109, NULL, 87),
(537, 80, NULL, NULL),
(537, 81, NULL, NULL),
(537, 84, NULL, 89),
(537, 109, NULL, NULL),
(538, 80, NULL, 90),
(538, 81, NULL, NULL),
(538, 84, NULL, NULL),
(538, 109, NULL, NULL),
(539, 80, NULL, 84),
(539, 81, NULL, NULL),
(539, 84, NULL, 90),
(539, 109, NULL, NULL),
(540, 80, NULL, NULL),
(540, 81, NULL, NULL),
(540, 84, NULL, 90),
(540, 109, NULL, 72),
(541, 80, 81, NULL),
(541, 81, 70, NULL),
(541, 84, NULL, NULL),
(541, 109, NULL, NULL),
(542, 80, 84, NULL),
(542, 81, 83, NULL),
(542, 84, NULL, NULL),
(542, 109, NULL, NULL),
(543, 80, 90, NULL),
(543, 81, NULL, NULL),
(543, 84, NULL, NULL),
(543, 109, NULL, NULL),
(544, 80, NULL, NULL),
(544, 81, NULL, NULL),
(544, 84, NULL, NULL),
(544, 109, NULL, NULL),
(545, 80, NULL, NULL),
(545, 81, NULL, NULL),
(545, 84, NULL, NULL),
(545, 109, NULL, NULL),
(546, 80, NULL, NULL),
(546, 81, NULL, NULL),
(546, 84, NULL, NULL),
(546, 109, NULL, NULL),
(547, 80, NULL, NULL),
(547, 81, NULL, NULL),
(547, 84, 87, NULL),
(547, 109, 72, NULL),
(548, 80, NULL, NULL),
(548, 81, NULL, 83),
(548, 84, NULL, NULL),
(548, 109, NULL, NULL),
(549, 80, NULL, NULL),
(549, 81, NULL, NULL),
(549, 84, NULL, NULL),
(549, 109, 88, NULL),
(550, 80, NULL, NULL),
(550, 81, NULL, NULL),
(550, 84, 90, NULL),
(550, 109, NULL, NULL),
(551, 80, NULL, NULL),
(551, 81, NULL, NULL),
(551, 84, NULL, NULL),
(551, 109, 87, NULL),
(552, 80, NULL, NULL),
(552, 81, NULL, NULL),
(552, 84, NULL, NULL),
(552, 109, NULL, NULL),
(553, 85, NULL, NULL),
(553, 87, NULL, NULL),
(553, 90, NULL, NULL),
(554, 85, NULL, 89),
(554, 87, NULL, 72),
(554, 90, NULL, NULL),
(555, 85, NULL, NULL),
(555, 87, NULL, NULL),
(555, 90, NULL, NULL),
(556, 85, NULL, NULL),
(556, 87, NULL, NULL),
(556, 90, NULL, NULL),
(557, 85, NULL, NULL),
(557, 87, NULL, NULL),
(557, 90, NULL, NULL),
(558, 85, NULL, NULL),
(558, 87, NULL, NULL),
(558, 90, NULL, NULL),
(559, 85, NULL, NULL),
(559, 87, NULL, NULL),
(559, 90, NULL, NULL),
(560, 85, NULL, NULL),
(560, 87, NULL, NULL),
(560, 90, NULL, NULL),
(561, 85, NULL, NULL),
(561, 87, NULL, 54),
(561, 90, 64, NULL),
(562, 85, NULL, 66),
(562, 87, NULL, 75),
(562, 90, 64, NULL),
(563, 85, NULL, 82),
(563, 87, 54, NULL),
(563, 90, NULL, 64),
(564, 85, 66, NULL),
(564, 87, NULL, NULL),
(564, 90, NULL, NULL),
(565, 85, 82, NULL),
(565, 87, 68, NULL),
(565, 90, NULL, 82),
(566, 85, 89, NULL),
(566, 87, 72, NULL),
(566, 90, NULL, 79),
(567, 85, NULL, NULL),
(567, 87, NULL, NULL),
(567, 90, NULL, NULL),
(568, 85, NULL, NULL),
(568, 87, NULL, NULL),
(568, 90, NULL, NULL),
(569, 85, NULL, NULL),
(569, 87, NULL, NULL),
(569, 90, NULL, NULL),
(570, 85, NULL, NULL),
(570, 87, NULL, NULL),
(570, 90, NULL, NULL),
(571, 85, NULL, NULL),
(571, 87, NULL, NULL),
(571, 90, NULL, NULL),
(572, 85, NULL, NULL),
(572, 87, NULL, NULL),
(572, 90, NULL, NULL),
(573, 85, NULL, NULL),
(573, 87, NULL, NULL),
(573, 90, NULL, NULL),
(574, 85, NULL, NULL),
(574, 87, NULL, NULL),
(574, 90, 79, NULL),
(575, 85, NULL, NULL),
(575, 87, NULL, NULL),
(575, 90, NULL, NULL),
(576, 85, NULL, NULL),
(576, 88, NULL, NULL),
(576, 89, NULL, NULL),
(576, 112, NULL, NULL),
(577, 85, NULL, NULL),
(577, 88, NULL, NULL),
(577, 89, NULL, NULL),
(577, 112, NULL, NULL),
(578, 85, NULL, NULL),
(578, 88, NULL, NULL),
(578, 89, NULL, NULL),
(578, 112, NULL, NULL),
(579, 85, NULL, NULL),
(579, 88, NULL, NULL),
(579, 89, NULL, NULL),
(579, 112, NULL, NULL),
(580, 85, NULL, NULL),
(580, 88, NULL, NULL),
(580, 89, NULL, NULL),
(580, 112, NULL, NULL),
(581, 85, NULL, 62),
(581, 88, NULL, NULL),
(581, 89, NULL, NULL),
(581, 112, NULL, NULL),
(582, 85, NULL, NULL),
(582, 88, NULL, NULL),
(582, 89, 64, NULL),
(582, 112, 72, NULL),
(583, 85, NULL, 85),
(583, 88, NULL, 70),
(583, 89, NULL, 84),
(583, 112, NULL, NULL),
(584, 85, NULL, 55),
(584, 88, NULL, NULL),
(584, 89, NULL, NULL),
(584, 112, 59, NULL),
(585, 85, NULL, NULL),
(585, 88, NULL, NULL),
(585, 89, NULL, NULL),
(585, 112, NULL, NULL),
(586, 85, NULL, NULL),
(586, 88, 77, NULL),
(586, 89, NULL, NULL),
(586, 112, 72, NULL),
(587, 85, 55, NULL),
(587, 88, NULL, 74),
(587, 89, 54, NULL),
(587, 112, NULL, 72),
(588, 85, 62, NULL),
(588, 88, NULL, NULL),
(588, 89, NULL, NULL),
(588, 112, NULL, NULL),
(589, 85, 85, NULL),
(589, 88, NULL, NULL),
(589, 89, NULL, NULL),
(589, 112, NULL, NULL),
(590, 85, NULL, NULL),
(590, 88, NULL, NULL),
(590, 89, NULL, NULL),
(590, 112, NULL, NULL),
(591, 85, NULL, NULL),
(591, 88, NULL, NULL),
(591, 89, NULL, NULL),
(591, 112, NULL, NULL),
(592, 85, NULL, NULL),
(592, 88, 74, NULL),
(592, 89, NULL, 54),
(592, 112, NULL, NULL),
(593, 85, NULL, NULL),
(593, 88, NULL, 81),
(593, 89, NULL, NULL),
(593, 112, NULL, 59),
(594, 85, NULL, NULL),
(594, 88, NULL, NULL),
(594, 89, NULL, NULL),
(594, 112, NULL, NULL),
(595, 85, NULL, NULL),
(595, 88, 70, NULL),
(595, 89, 84, NULL),
(595, 112, NULL, NULL),
(596, 85, NULL, NULL),
(596, 88, NULL, NULL),
(596, 89, NULL, 64),
(596, 112, NULL, 72),
(597, 85, NULL, NULL),
(597, 88, NULL, NULL),
(597, 89, NULL, NULL),
(597, 112, NULL, NULL),
(598, 85, NULL, NULL),
(598, 88, NULL, NULL),
(598, 89, NULL, NULL),
(598, 112, NULL, NULL),
(599, 86, NULL, NULL),
(599, 87, NULL, NULL),
(599, 89, NULL, NULL),
(599, 101, NULL, NULL),
(599, 110, NULL, NULL),
(600, 86, NULL, NULL),
(600, 87, NULL, NULL),
(600, 89, NULL, NULL),
(600, 101, NULL, NULL),
(600, 110, NULL, NULL),
(601, 86, NULL, NULL),
(601, 87, NULL, NULL),
(601, 89, NULL, NULL),
(601, 101, NULL, NULL),
(601, 110, NULL, NULL),
(602, 86, NULL, NULL),
(602, 87, NULL, NULL),
(602, 89, NULL, NULL),
(602, 101, NULL, NULL),
(602, 110, NULL, NULL),
(603, 86, NULL, NULL),
(603, 87, NULL, NULL),
(603, 89, NULL, NULL),
(603, 101, NULL, NULL),
(603, 110, NULL, NULL),
(604, 86, NULL, NULL),
(604, 87, NULL, NULL),
(604, 89, NULL, NULL),
(604, 101, NULL, 62),
(604, 110, NULL, NULL),
(605, 86, NULL, 88),
(605, 87, NULL, NULL),
(605, 89, NULL, 44),
(605, 101, NULL, NULL),
(605, 110, NULL, NULL),
(606, 86, NULL, 73),
(606, 87, NULL, 67),
(606, 89, NULL, NULL),
(606, 101, NULL, NULL),
(606, 110, NULL, NULL),
(607, 86, NULL, 78),
(607, 87, NULL, NULL),
(607, 89, NULL, NULL),
(607, 101, NULL, NULL),
(607, 110, NULL, 81),
(608, 86, NULL, NULL),
(608, 87, NULL, 90),
(608, 89, NULL, NULL),
(608, 101, NULL, NULL),
(608, 110, NULL, 85),
(609, 86, NULL, NULL),
(609, 87, NULL, NULL),
(609, 89, NULL, 85),
(609, 101, NULL, 77),
(609, 110, NULL, 76),
(610, 86, 73, NULL),
(610, 87, 67, NULL),
(610, 89, NULL, NULL),
(610, 101, NULL, NULL),
(610, 110, NULL, NULL),
(611, 86, 78, NULL),
(611, 87, NULL, NULL);
INSERT INTO `playerPerMatch` (`player_id`, `match_id`, `intime`, `outtime`) VALUES
(611, 89, NULL, NULL),
(611, 101, 77, NULL),
(611, 110, 76, NULL),
(612, 86, 84, NULL),
(612, 87, 90, NULL),
(612, 89, 82, NULL),
(612, 101, NULL, NULL),
(612, 110, NULL, NULL),
(613, 86, NULL, NULL),
(613, 87, NULL, NULL),
(613, 89, NULL, NULL),
(613, 101, NULL, NULL),
(613, 110, NULL, NULL),
(614, 86, NULL, NULL),
(614, 87, NULL, NULL),
(614, 89, NULL, NULL),
(614, 101, 62, NULL),
(614, 110, 85, NULL),
(615, 86, NULL, NULL),
(615, 87, NULL, NULL),
(615, 89, NULL, NULL),
(615, 101, NULL, NULL),
(615, 110, NULL, NULL),
(616, 86, NULL, NULL),
(616, 87, NULL, NULL),
(616, 89, 85, NULL),
(616, 101, NULL, NULL),
(616, 110, NULL, NULL),
(617, 86, NULL, NULL),
(617, 87, NULL, NULL),
(617, 89, 44, NULL),
(617, 101, NULL, NULL),
(617, 110, NULL, NULL),
(618, 86, NULL, NULL),
(618, 87, NULL, NULL),
(618, 89, NULL, 82),
(618, 101, NULL, NULL),
(618, 110, NULL, NULL),
(619, 86, NULL, NULL),
(619, 87, NULL, NULL),
(619, 89, NULL, NULL),
(619, 101, NULL, NULL),
(619, 110, 81, NULL),
(620, 86, NULL, NULL),
(620, 87, NULL, NULL),
(620, 89, NULL, NULL),
(620, 101, NULL, NULL),
(620, 110, NULL, NULL),
(621, 86, NULL, NULL),
(621, 87, NULL, NULL),
(621, 89, NULL, NULL),
(621, 101, NULL, NULL),
(621, 110, NULL, NULL),
(622, 86, NULL, NULL),
(622, 88, NULL, NULL),
(622, 90, NULL, NULL),
(623, 86, NULL, NULL),
(623, 88, NULL, 75),
(623, 90, NULL, NULL),
(624, 86, NULL, NULL),
(624, 88, NULL, NULL),
(624, 90, NULL, NULL),
(625, 86, NULL, NULL),
(625, 88, NULL, NULL),
(625, 90, NULL, NULL),
(626, 86, NULL, NULL),
(626, 88, NULL, NULL),
(626, 90, NULL, NULL),
(627, 86, NULL, NULL),
(627, 88, NULL, NULL),
(627, 90, NULL, NULL),
(628, 86, NULL, 80),
(628, 88, NULL, 58),
(628, 90, NULL, 67),
(629, 86, NULL, NULL),
(629, 88, NULL, 58),
(629, 90, NULL, NULL),
(630, 86, NULL, NULL),
(630, 88, NULL, NULL),
(630, 90, NULL, NULL),
(631, 86, NULL, NULL),
(631, 88, NULL, NULL),
(631, 90, NULL, NULL),
(632, 86, NULL, NULL),
(632, 88, NULL, NULL),
(632, 90, NULL, NULL),
(633, 86, 80, NULL),
(633, 88, 58, NULL),
(633, 90, NULL, NULL),
(634, 86, NULL, NULL),
(634, 88, NULL, NULL),
(634, 90, NULL, NULL),
(635, 86, NULL, NULL),
(635, 88, NULL, NULL),
(635, 90, NULL, NULL),
(636, 86, NULL, NULL),
(636, 88, NULL, NULL),
(636, 90, 67, NULL),
(637, 86, NULL, NULL),
(637, 88, NULL, NULL),
(637, 90, NULL, NULL),
(638, 86, NULL, NULL),
(638, 88, NULL, NULL),
(638, 90, NULL, NULL),
(639, 86, NULL, NULL),
(639, 88, NULL, NULL),
(639, 90, NULL, NULL),
(640, 86, NULL, NULL),
(640, 88, NULL, NULL),
(640, 90, NULL, NULL),
(641, 86, NULL, NULL),
(641, 88, 75, NULL),
(641, 90, NULL, NULL),
(642, 86, NULL, NULL),
(642, 88, NULL, NULL),
(642, 90, NULL, NULL),
(643, 86, NULL, NULL),
(643, 88, 58, NULL),
(643, 90, NULL, NULL),
(644, 91, NULL, NULL),
(644, 94, NULL, NULL),
(644, 95, NULL, NULL),
(645, 91, NULL, NULL),
(645, 94, NULL, NULL),
(645, 95, NULL, NULL),
(646, 91, NULL, NULL),
(646, 94, NULL, NULL),
(646, 95, NULL, NULL),
(647, 91, NULL, NULL),
(647, 94, NULL, NULL),
(647, 95, NULL, NULL),
(648, 91, NULL, NULL),
(648, 94, NULL, NULL),
(648, 95, NULL, NULL),
(649, 91, NULL, NULL),
(649, 94, NULL, NULL),
(649, 95, NULL, NULL),
(650, 91, NULL, 78),
(650, 94, 63, NULL),
(650, 95, NULL, 67),
(651, 91, NULL, NULL),
(651, 94, NULL, NULL),
(651, 95, NULL, NULL),
(652, 91, NULL, NULL),
(652, 94, NULL, 46),
(652, 95, NULL, NULL),
(653, 91, NULL, 66),
(653, 94, NULL, NULL),
(653, 95, NULL, NULL),
(654, 91, NULL, 60),
(654, 94, NULL, NULL),
(654, 95, NULL, NULL),
(655, 91, 60, NULL),
(655, 94, 46, NULL),
(655, 95, 78, NULL),
(656, 91, 66, NULL),
(656, 94, NULL, NULL),
(656, 95, NULL, NULL),
(657, 91, 78, NULL),
(657, 94, NULL, NULL),
(657, 95, 67, NULL),
(658, 91, NULL, NULL),
(658, 94, NULL, NULL),
(658, 95, NULL, NULL),
(659, 91, NULL, NULL),
(659, 94, NULL, 84),
(659, 95, NULL, 87),
(660, 91, NULL, NULL),
(660, 94, NULL, 63),
(660, 95, 87, NULL),
(661, 91, NULL, NULL),
(661, 94, 84, NULL),
(661, 95, NULL, 78),
(662, 91, NULL, NULL),
(662, 94, NULL, NULL),
(662, 95, NULL, NULL),
(663, 91, NULL, NULL),
(663, 94, NULL, NULL),
(663, 95, NULL, NULL),
(664, 91, NULL, NULL),
(664, 94, NULL, NULL),
(664, 95, NULL, NULL),
(665, 91, NULL, NULL),
(665, 94, NULL, NULL),
(665, 95, NULL, NULL),
(666, 91, NULL, NULL),
(666, 94, NULL, NULL),
(666, 95, NULL, NULL),
(667, 91, NULL, NULL),
(667, 93, NULL, NULL),
(667, 96, NULL, NULL),
(667, 110, NULL, NULL),
(668, 91, NULL, NULL),
(668, 93, NULL, NULL),
(668, 96, NULL, NULL),
(668, 110, NULL, NULL),
(669, 91, NULL, 87),
(669, 93, 46, NULL),
(669, 96, NULL, 46),
(669, 110, 46, NULL),
(670, 91, NULL, NULL),
(670, 93, NULL, 65),
(670, 96, NULL, NULL),
(670, 110, NULL, NULL),
(671, 91, NULL, 81),
(671, 93, NULL, 75),
(671, 96, NULL, NULL),
(671, 110, NULL, NULL),
(672, 91, NULL, NULL),
(672, 93, NULL, NULL),
(672, 96, NULL, NULL),
(672, 110, NULL, 80),
(673, 91, NULL, NULL),
(673, 93, NULL, NULL),
(673, 96, NULL, NULL),
(673, 110, NULL, NULL),
(674, 91, NULL, NULL),
(674, 93, NULL, NULL),
(674, 96, NULL, NULL),
(674, 110, NULL, NULL),
(675, 91, NULL, NULL),
(675, 93, NULL, NULL),
(675, 96, NULL, NULL),
(675, 110, NULL, NULL),
(676, 91, NULL, 52),
(676, 93, NULL, NULL),
(676, 96, 46, NULL),
(676, 110, 62, NULL),
(677, 91, NULL, NULL),
(677, 93, NULL, NULL),
(677, 96, NULL, 65),
(677, 110, NULL, NULL),
(678, 91, 52, NULL),
(678, 93, NULL, NULL),
(678, 96, NULL, NULL),
(678, 110, NULL, NULL),
(679, 91, 81, NULL),
(679, 93, NULL, NULL),
(679, 96, NULL, NULL),
(679, 110, NULL, 46),
(680, 91, 87, NULL),
(680, 93, 46, NULL),
(680, 96, NULL, 47),
(680, 110, NULL, 46),
(681, 91, NULL, NULL),
(681, 93, 65, NULL),
(681, 96, 46, NULL),
(681, 110, NULL, NULL),
(682, 91, NULL, NULL),
(682, 93, NULL, NULL),
(682, 96, 65, NULL),
(682, 110, NULL, NULL),
(683, 91, NULL, NULL),
(683, 93, NULL, NULL),
(683, 96, NULL, NULL),
(683, 110, NULL, NULL),
(684, 91, NULL, NULL),
(684, 93, NULL, 90),
(684, 96, NULL, NULL),
(684, 110, NULL, NULL),
(685, 91, NULL, NULL),
(685, 93, NULL, NULL),
(685, 96, NULL, NULL),
(685, 110, NULL, NULL),
(686, 91, NULL, NULL),
(686, 93, NULL, NULL),
(686, 96, NULL, NULL),
(686, 110, NULL, NULL),
(687, 91, NULL, NULL),
(687, 93, NULL, NULL),
(687, 96, NULL, NULL),
(687, 110, NULL, NULL),
(688, 91, NULL, NULL),
(688, 93, NULL, NULL),
(688, 96, NULL, NULL),
(688, 110, NULL, NULL),
(689, 91, NULL, NULL),
(689, 93, NULL, NULL),
(689, 96, NULL, NULL),
(689, 110, 46, NULL),
(690, 92, NULL, NULL),
(690, 94, NULL, NULL),
(690, 96, NULL, NULL),
(690, 97, NULL, NULL),
(690, 100, NULL, NULL),
(690, 104, NULL, NULL),
(690, 112, NULL, NULL),
(691, 92, NULL, NULL),
(691, 94, NULL, NULL),
(691, 96, NULL, NULL),
(691, 97, NULL, NULL),
(691, 100, NULL, NULL),
(691, 104, NULL, 84),
(691, 112, NULL, NULL),
(692, 92, NULL, NULL),
(692, 94, NULL, 77),
(692, 96, NULL, NULL),
(692, 97, NULL, NULL),
(692, 100, NULL, NULL),
(692, 104, NULL, NULL),
(692, 112, NULL, NULL),
(693, 92, NULL, NULL),
(693, 94, NULL, NULL),
(693, 96, NULL, NULL),
(693, 97, NULL, NULL),
(693, 100, NULL, NULL),
(693, 104, NULL, NULL),
(693, 112, NULL, NULL),
(694, 92, NULL, NULL),
(694, 94, NULL, NULL),
(694, 96, NULL, NULL),
(694, 97, NULL, NULL),
(694, 100, NULL, NULL),
(694, 104, NULL, NULL),
(694, 112, NULL, NULL),
(695, 92, NULL, 77),
(695, 94, NULL, NULL),
(695, 96, NULL, NULL),
(695, 97, NULL, NULL),
(695, 100, NULL, NULL),
(695, 104, NULL, NULL),
(695, 112, NULL, NULL),
(696, 92, NULL, NULL),
(696, 94, NULL, NULL),
(696, 96, NULL, 73),
(696, 97, NULL, 87),
(696, 100, NULL, 90),
(696, 104, NULL, 75),
(696, 112, NULL, 90),
(697, 92, NULL, NULL),
(697, 94, NULL, 66),
(697, 96, NULL, NULL),
(697, 97, NULL, NULL),
(697, 100, NULL, NULL),
(697, 104, NULL, NULL),
(697, 112, NULL, NULL),
(698, 92, NULL, 62),
(698, 94, NULL, NULL),
(698, 96, NULL, NULL),
(698, 97, NULL, NULL),
(698, 100, 86, NULL),
(698, 104, NULL, NULL),
(698, 112, NULL, NULL),
(699, 92, NULL, 61),
(699, 94, NULL, NULL),
(699, 96, NULL, NULL),
(699, 97, NULL, NULL),
(699, 100, NULL, NULL),
(699, 104, NULL, NULL),
(699, 112, NULL, NULL),
(700, 92, NULL, NULL),
(700, 94, NULL, NULL),
(700, 96, NULL, NULL),
(700, 97, NULL, 106),
(700, 100, NULL, 81),
(700, 104, NULL, NULL),
(700, 112, NULL, 88),
(701, 92, 61, NULL),
(701, 94, NULL, 70),
(701, 96, NULL, 55),
(701, 97, 106, NULL),
(701, 100, 81, NULL),
(701, 104, NULL, 56),
(701, 112, NULL, 59),
(702, 92, 62, NULL),
(702, 94, NULL, NULL),
(702, 96, NULL, NULL),
(702, 97, 60, NULL),
(702, 100, NULL, NULL),
(702, 104, NULL, NULL),
(702, 112, NULL, NULL),
(703, 92, 77, NULL),
(703, 94, NULL, NULL),
(703, 96, NULL, NULL),
(703, 97, NULL, 60),
(703, 100, NULL, 86),
(703, 104, 75, NULL),
(703, 112, 88, NULL),
(704, 92, NULL, NULL),
(704, 94, 77, NULL),
(704, 96, NULL, NULL),
(704, 97, NULL, NULL),
(704, 100, NULL, NULL),
(704, 104, NULL, NULL),
(704, 112, NULL, NULL),
(705, 92, NULL, NULL),
(705, 94, NULL, NULL),
(705, 96, NULL, NULL),
(705, 97, NULL, NULL),
(705, 100, 90, NULL),
(705, 104, 84, NULL),
(705, 112, 90, NULL),
(706, 92, NULL, NULL),
(706, 94, 66, NULL),
(706, 96, 55, NULL),
(706, 97, 87, NULL),
(706, 100, NULL, NULL),
(706, 104, 56, NULL),
(706, 112, NULL, NULL),
(707, 92, NULL, NULL),
(707, 94, NULL, NULL),
(707, 96, NULL, NULL),
(707, 97, NULL, NULL),
(707, 100, NULL, NULL),
(707, 104, NULL, NULL),
(707, 112, 59, NULL),
(708, 92, NULL, NULL),
(708, 94, NULL, NULL),
(708, 96, 73, NULL),
(708, 97, NULL, NULL),
(708, 100, NULL, NULL),
(708, 104, NULL, NULL),
(708, 112, NULL, NULL),
(709, 92, NULL, NULL),
(709, 94, 70, NULL),
(709, 96, NULL, NULL),
(709, 97, NULL, NULL),
(709, 100, NULL, NULL),
(709, 104, NULL, NULL),
(709, 112, NULL, NULL),
(710, 92, NULL, NULL),
(710, 94, NULL, NULL),
(710, 96, NULL, NULL),
(710, 97, NULL, NULL),
(710, 100, NULL, NULL),
(710, 104, NULL, NULL),
(710, 112, NULL, NULL),
(711, 92, NULL, NULL),
(711, 94, NULL, NULL),
(711, 96, NULL, NULL),
(711, 97, NULL, NULL),
(711, 100, NULL, NULL),
(711, 104, NULL, NULL),
(711, 112, NULL, NULL),
(712, 92, NULL, NULL),
(712, 94, NULL, NULL),
(712, 96, NULL, NULL),
(712, 97, NULL, NULL),
(712, 100, NULL, NULL),
(712, 104, NULL, NULL),
(712, 112, NULL, NULL),
(713, 92, NULL, NULL),
(713, 93, NULL, NULL),
(713, 95, NULL, NULL),
(714, 92, NULL, NULL),
(714, 93, NULL, NULL),
(714, 95, NULL, NULL),
(715, 92, NULL, 36),
(715, 93, NULL, NULL),
(715, 95, NULL, NULL),
(716, 92, NULL, NULL),
(716, 93, NULL, NULL),
(716, 95, NULL, NULL),
(717, 92, NULL, NULL),
(717, 93, NULL, NULL),
(717, 95, NULL, NULL),
(718, 92, NULL, 90),
(718, 93, 42, NULL),
(718, 95, NULL, NULL),
(719, 92, NULL, NULL),
(719, 93, NULL, NULL),
(719, 95, NULL, 78),
(720, 92, NULL, NULL),
(720, 93, NULL, 77),
(720, 95, NULL, 46),
(721, 92, NULL, NULL),
(721, 93, NULL, NULL),
(721, 95, NULL, NULL),
(722, 92, NULL, NULL),
(722, 93, NULL, 68),
(722, 95, NULL, 69),
(723, 92, NULL, 90),
(723, 93, 68, NULL),
(723, 95, NULL, NULL),
(724, 92, 36, NULL),
(724, 93, NULL, NULL),
(724, 95, NULL, NULL),
(725, 92, 79, NULL),
(725, 93, NULL, NULL),
(725, 95, 46, NULL),
(726, 92, 90, NULL),
(726, 93, NULL, NULL),
(726, 95, NULL, NULL),
(727, 92, NULL, NULL),
(727, 93, 77, NULL),
(727, 95, NULL, NULL),
(728, 92, NULL, NULL),
(728, 93, NULL, 48),
(728, 95, 69, NULL),
(729, 92, NULL, NULL),
(729, 93, NULL, NULL),
(729, 95, NULL, NULL),
(730, 92, NULL, NULL),
(730, 93, NULL, NULL),
(730, 95, NULL, NULL),
(731, 92, NULL, NULL),
(731, 93, NULL, NULL),
(731, 95, NULL, NULL),
(732, 92, NULL, NULL),
(732, 93, NULL, NULL),
(732, 95, NULL, NULL),
(733, 92, NULL, NULL),
(733, 93, NULL, NULL),
(733, 95, NULL, NULL),
(734, 92, NULL, NULL),
(734, 93, NULL, NULL),
(734, 95, NULL, NULL),
(735, 92, NULL, NULL),
(735, 93, NULL, NULL),
(735, 95, 78, NULL);

-- --------------------------------------------------------

--
-- Table structure for table `playerPerTeam`
--

CREATE TABLE IF NOT EXISTS `playerPerTeam` (
  `player_id` int(11) NOT NULL DEFAULT '0',
  `team_id` int(11) NOT NULL DEFAULT '0',
  `position` enum('goalkeeper','defender','midfielder','attacker') DEFAULT NULL,
  PRIMARY KEY (`player_id`,`team_id`),
  KEY `player_per_team` (`team_id`)
) ENGINE=InnoDB DEFAULT CHARSET=utf8;

--
-- Dumping data for table `playerPerTeam`
--

INSERT INTO `playerPerTeam` (`player_id`, `team_id`, `position`) VALUES
(1, 65, 'goalkeeper'),
(2, 65, 'defender'),
(3, 65, 'defender'),
(4, 65, 'defender'),
(5, 65, 'defender'),
(6, 65, 'midfielder'),
(7, 65, 'midfielder'),
(8, 65, 'midfielder'),
(9, 65, 'midfielder'),
(10, 65, 'midfielder'),
(11, 65, 'attacker'),
(12, 65, 'defender'),
(13, 65, 'attacker'),
(14, 65, 'defender'),
(15, 65, 'midfielder'),
(16, 65, 'defender'),
(17, 65, 'goalkeeper'),
(18, 65, 'midfielder'),
(19, 65, 'midfielder'),
(20, 65, 'attacker'),
(21, 65, 'defender'),
(22, 65, 'goalkeeper'),
(23, 65, 'midfielder'),
(24, 19, 'goalkeeper'),
(25, 19, 'defender'),
(26, 19, 'defender'),
(27, 19, 'defender'),
(28, 19, 'defender'),
(29, 19, 'defender'),
(30, 19, 'midfielder'),
(31, 19, 'midfielder'),
(32, 19, 'attacker'),
(33, 19, 'attacker'),
(34, 19, 'attacker'),
(35, 19, 'defender'),
(36, 19, 'attacker'),
(37, 19, 'attacker'),
(38, 19, 'attacker'),
(39, 19, 'attacker'),
(40, 19, 'goalkeeper'),
(41, 19, 'defender'),
(42, 19, 'midfielder'),
(43, 19, 'defender'),
(44, 19, 'defender'),
(45, 19, 'goalkeeper'),
(46, 19, 'attacker'),
(47, 6, 'goalkeeper'),
(48, 6, 'defender'),
(49, 6, 'defender'),
(50, 6, 'defender'),
(51, 6, 'defender'),
(52, 6, 'defender'),
(53, 6, 'midfielder'),
(54, 6, 'midfielder'),
(55, 6, 'midfielder'),
(56, 6, 'attacker'),
(57, 6, 'attacker'),
(58, 6, 'midfielder'),
(59, 6, 'attacker'),
(60, 6, 'midfielder'),
(61, 6, 'midfielder'),
(62, 6, 'defender'),
(63, 6, 'attacker'),
(64, 6, 'goalkeeper'),
(65, 6, 'defender'),
(66, 6, 'defender'),
(67, 6, 'goalkeeper'),
(68, 6, 'attacker'),
(69, 6, 'midfielder'),
(70, 16, 'goalkeeper'),
(71, 16, 'defender'),
(72, 16, 'defender'),
(73, 16, 'defender'),
(74, 16, 'defender'),
(75, 16, 'midfielder'),
(76, 16, 'midfielder'),
(77, 16, 'midfielder'),
(78, 16, 'midfielder'),
(79, 16, 'attacker'),
(80, 16, 'attacker'),
(81, 16, 'attacker'),
(82, 16, 'midfielder'),
(83, 16, 'attacker'),
(84, 16, 'midfielder'),
(85, 16, 'defender'),
(86, 16, 'goalkeeper'),
(87, 16, 'attacker'),
(88, 16, 'defender'),
(89, 16, 'defender'),
(90, 16, 'midfielder'),
(91, 16, 'goalkeeper'),
(92, 16, 'defender'),
(93, 55, 'goalkeeper'),
(94, 55, 'defender'),
(95, 55, 'defender'),
(96, 55, 'defender'),
(97, 55, 'defender'),
(98, 55, 'midfielder'),
(99, 55, 'midfielder'),
(100, 55, 'midfielder'),
(101, 55, 'midfielder'),
(102, 55, 'attacker'),
(103, 55, 'attacker'),
(104, 55, 'midfielder'),
(105, 55, 'attacker'),
(106, 55, 'midfielder'),
(107, 55, 'defender'),
(108, 55, 'midfielder'),
(109, 55, 'attacker'),
(110, 55, 'defender'),
(111, 55, 'defender'),
(112, 55, 'goalkeeper'),
(113, 55, 'attacker'),
(114, 55, 'defender'),
(115, 55, 'goalkeeper'),
(116, 10, 'goalkeeper'),
(117, 10, 'defender'),
(118, 10, 'defender'),
(119, 10, 'defender'),
(120, 10, 'defender'),
(121, 10, 'midfielder'),
(122, 10, 'midfielder'),
(123, 10, 'midfielder'),
(124, 10, 'attacker'),
(125, 10, 'attacker'),
(126, 10, 'attacker'),
(127, 10, 'defender'),
(128, 10, 'attacker'),
(129, 10, 'attacker'),
(130, 10, 'midfielder'),
(131, 10, 'defender'),
(132, 10, 'goalkeeper'),
(133, 10, 'goalkeeper'),
(134, 10, 'defender'),
(135, 10, 'defender'),
(136, 10, 'defender'),
(137, 10, 'midfielder'),
(138, 10, 'defender'),
(139, 7, 'goalkeeper'),
(140, 7, 'defender'),
(141, 7, 'defender'),
(142, 7, 'defender'),
(143, 7, 'midfielder'),
(144, 7, 'midfielder'),
(145, 7, 'midfielder'),
(146, 7, 'midfielder'),
(147, 7, 'attacker'),
(148, 7, 'attacker'),
(149, 7, 'attacker'),
(150, 7, 'midfielder'),
(151, 7, 'attacker'),
(152, 7, 'defender'),
(153, 7, 'defender'),
(154, 7, 'defender'),
(155, 7, 'goalkeeper'),
(156, 7, 'midfielder'),
(157, 7, 'goalkeeper'),
(158, 7, 'midfielder'),
(159, 7, 'attacker'),
(160, 7, 'defender'),
(161, 7, 'attacker'),
(162, 44, 'goalkeeper'),
(163, 44, 'defender'),
(164, 44, 'defender'),
(165, 44, 'defender'),
(166, 44, 'defender'),
(167, 44, 'midfielder'),
(168, 44, 'midfielder'),
(169, 44, 'midfielder'),
(170, 44, 'attacker'),
(171, 44, 'attacker'),
(172, 44, 'attacker'),
(173, 44, 'attacker'),
(174, 44, 'attacker'),
(175, 44, 'attacker'),
(176, 44, 'defender'),
(177, 44, 'goalkeeper'),
(178, 44, 'goalkeeper'),
(179, 44, 'attacker'),
(180, 44, 'attacker'),
(181, 44, 'attacker'),
(182, 44, 'defender'),
(183, 44, 'defender'),
(184, 44, 'midfielder'),
(185, 11, 'goalkeeper'),
(186, 11, 'defender'),
(187, 11, 'defender'),
(188, 11, 'defender'),
(189, 11, 'defender'),
(190, 11, 'midfielder'),
(191, 11, 'midfielder'),
(192, 11, 'midfielder'),
(193, 11, 'midfielder'),
(194, 11, 'attacker'),
(195, 11, 'attacker'),
(196, 11, 'midfielder'),
(197, 11, 'defender'),
(198, 11, 'attacker'),
(199, 11, 'goalkeeper'),
(200, 11, 'midfielder'),
(201, 11, 'midfielder'),
(202, 11, 'attacker'),
(203, 11, 'goalkeeper'),
(204, 11, 'midfielder'),
(205, 11, 'defender'),
(206, 11, 'defender'),
(207, 11, 'defender'),
(208, 14, 'goalkeeper'),
(209, 14, 'defender'),
(210, 14, 'defender'),
(211, 14, 'defender'),
(212, 14, 'defender'),
(213, 14, 'midfielder'),
(214, 14, 'midfielder'),
(215, 14, 'attacker'),
(216, 14, 'attacker'),
(217, 14, 'attacker'),
(218, 14, 'attacker'),
(219, 14, 'attacker'),
(220, 14, 'midfielder'),
(221, 14, 'midfielder'),
(222, 14, 'goalkeeper'),
(223, 14, 'defender'),
(224, 14, 'defender'),
(225, 14, 'attacker'),
(226, 14, 'midfielder'),
(227, 14, 'midfielder'),
(228, 14, 'midfielder'),
(229, 14, 'midfielder'),
(230, 14, 'goalkeeper'),
(231, 27, 'goalkeeper'),
(232, 27, 'defender'),
(233, 27, 'defender'),
(234, 27, 'defender'),
(235, 27, 'defender'),
(236, 27, 'midfielder'),
(237, 27, 'midfielder'),
(238, 27, 'midfielder'),
(239, 27, 'midfielder'),
(240, 27, 'midfielder'),
(241, 27, 'attacker'),
(242, 27, 'attacker'),
(243, 27, 'attacker'),
(244, 27, 'midfielder'),
(245, 27, 'defender'),
(246, 27, 'midfielder'),
(247, 27, 'midfielder'),
(248, 27, 'defender'),
(249, 27, 'defender'),
(250, 27, 'goalkeeper'),
(251, 27, 'midfielder'),
(252, 27, 'goalkeeper'),
(253, 27, 'midfielder'),
(254, 29, 'goalkeeper'),
(255, 29, 'defender'),
(256, 29, 'defender'),
(257, 29, 'defender'),
(258, 29, 'defender'),
(259, 29, 'midfielder'),
(260, 29, 'midfielder'),
(261, 29, 'midfielder'),
(262, 29, 'attacker'),
(263, 29, 'attacker'),
(264, 29, 'attacker'),
(265, 29, 'attacker'),
(266, 29, 'midfielder'),
(267, 29, 'midfielder'),
(268, 29, 'goalkeeper'),
(269, 29, 'defender'),
(270, 29, 'midfielder'),
(271, 29, 'defender'),
(272, 29, 'goalkeeper'),
(273, 29, 'defender'),
(274, 29, 'midfielder'),
(275, 29, 'defender'),
(276, 29, 'attacker'),
(277, 30, 'goalkeeper'),
(278, 30, 'defender'),
(279, 30, 'defender'),
(280, 30, 'defender'),
(281, 30, 'defender'),
(282, 30, 'midfielder'),
(283, 30, 'midfielder'),
(284, 30, 'midfielder'),
(285, 30, 'attacker'),
(286, 30, 'attacker'),
(287, 30, 'attacker'),
(288, 30, 'midfielder'),
(289, 30, 'attacker'),
(290, 30, 'defender'),
(291, 30, 'goalkeeper'),
(292, 30, 'defender'),
(293, 30, 'goalkeeper'),
(294, 30, 'attacker'),
(295, 30, 'midfielder'),
(296, 30, 'defender'),
(297, 30, 'midfielder'),
(298, 30, 'midfielder'),
(299, 30, 'midfielder'),
(300, 38, 'goalkeeper'),
(301, 38, 'defender'),
(302, 38, 'defender'),
(303, 38, 'defender'),
(304, 38, 'defender'),
(305, 38, 'midfielder'),
(306, 38, 'midfielder'),
(307, 38, 'midfielder'),
(308, 38, 'attacker'),
(309, 38, 'attacker'),
(310, 38, 'attacker'),
(311, 38, 'midfielder'),
(312, 38, 'defender'),
(313, 38, 'midfielder'),
(314, 38, 'attacker'),
(315, 38, 'goalkeeper'),
(316, 38, 'midfielder'),
(317, 38, 'defender'),
(318, 38, 'defender'),
(319, 38, 'attacker'),
(320, 38, 'goalkeeper'),
(321, 38, 'defender'),
(322, 38, 'midfielder'),
(323, 2, 'goalkeeper'),
(324, 2, 'defender'),
(325, 2, 'defender'),
(326, 2, 'defender'),
(327, 2, 'defender'),
(328, 2, 'midfielder'),
(329, 2, 'midfielder'),
(330, 2, 'midfielder'),
(331, 2, 'attacker'),
(332, 2, 'attacker'),
(333, 2, 'attacker'),
(334, 2, 'attacker'),
(335, 2, 'attacker'),
(336, 2, 'midfielder'),
(337, 2, 'midfielder'),
(338, 2, 'goalkeeper'),
(339, 2, 'defender'),
(340, 2, 'defender'),
(341, 2, 'midfielder'),
(342, 2, 'attacker'),
(343, 2, 'defender'),
(344, 2, 'midfielder'),
(345, 2, 'goalkeeper'),
(346, 60, 'goalkeeper'),
(347, 60, 'defender'),
(348, 60, 'defender'),
(349, 60, 'defender'),
(350, 60, 'midfielder'),
(351, 60, 'midfielder'),
(352, 60, 'midfielder'),
(353, 60, 'midfielder'),
(354, 60, 'midfielder'),
(355, 60, 'midfielder'),
(356, 60, 'midfielder'),
(357, 60, 'midfielder'),
(358, 60, 'attacker'),
(359, 60, 'midfielder'),
(360, 60, 'goalkeeper'),
(361, 60, 'defender'),
(362, 60, 'midfielder'),
(363, 60, 'attacker'),
(364, 60, 'attacker'),
(365, 60, 'defender'),
(366, 60, 'midfielder'),
(367, 60, 'midfielder'),
(368, 60, 'goalkeeper'),
(369, 15, 'goalkeeper'),
(370, 15, 'defender'),
(371, 15, 'defender'),
(372, 15, 'defender'),
(373, 15, 'defender'),
(374, 15, 'midfielder'),
(375, 15, 'midfielder'),
(376, 15, 'midfielder'),
(377, 15, 'midfielder'),
(378, 15, 'attacker'),
(379, 15, 'attacker'),
(380, 15, 'midfielder'),
(381, 15, 'midfielder'),
(382, 15, 'midfielder'),
(383, 15, 'defender'),
(384, 15, 'midfielder'),
(385, 15, 'defender'),
(386, 15, 'defender'),
(387, 15, 'attacker'),
(388, 15, 'goalkeeper'),
(389, 15, 'attacker'),
(390, 15, 'goalkeeper'),
(391, 15, 'midfielder'),
(392, 23, 'goalkeeper'),
(393, 23, 'defender'),
(394, 23, 'defender'),
(395, 23, 'defender'),
(396, 23, 'defender'),
(397, 23, 'midfielder'),
(398, 23, 'midfielder'),
(399, 23, 'midfielder'),
(400, 23, 'midfielder'),
(401, 23, 'attacker'),
(402, 23, 'attacker'),
(403, 23, 'midfielder'),
(404, 23, 'midfielder'),
(405, 23, 'midfielder'),
(406, 23, 'midfielder'),
(407, 23, 'goalkeeper'),
(408, 23, 'midfielder'),
(409, 23, 'attacker'),
(410, 23, 'defender'),
(411, 23, 'defender'),
(412, 23, 'goalkeeper'),
(413, 23, 'attacker'),
(414, 23, 'midfielder'),
(415, 47, 'goalkeeper'),
(416, 47, 'defender'),
(417, 47, 'defender'),
(418, 47, 'defender'),
(419, 47, 'defender'),
(420, 47, 'midfielder'),
(421, 47, 'midfielder'),
(422, 47, 'midfielder'),
(423, 47, 'midfielder'),
(424, 47, 'attacker'),
(425, 47, 'attacker'),
(426, 47, 'midfielder'),
(427, 47, 'attacker'),
(428, 47, 'midfielder'),
(429, 47, 'defender'),
(430, 47, 'defender'),
(431, 47, 'midfielder'),
(432, 47, 'attacker'),
(433, 47, 'midfielder'),
(434, 47, 'goalkeeper'),
(435, 47, 'attacker'),
(436, 47, 'goalkeeper'),
(437, 47, 'defender'),
(438, 50, 'goalkeeper'),
(439, 50, 'defender'),
(440, 50, 'defender'),
(441, 50, 'defender'),
(442, 50, 'defender'),
(443, 50, 'midfielder'),
(444, 50, 'midfielder'),
(445, 50, 'midfielder'),
(446, 50, 'attacker'),
(447, 50, 'attacker'),
(448, 50, 'attacker'),
(449, 50, 'midfielder'),
(450, 50, 'midfielder'),
(451, 50, 'attacker'),
(452, 50, 'defender'),
(453, 50, 'midfielder'),
(454, 50, 'goalkeeper'),
(455, 50, 'defender'),
(456, 50, 'midfielder'),
(457, 50, 'goalkeeper'),
(458, 50, 'midfielder'),
(459, 50, 'defender'),
(460, 50, 'attacker'),
(461, 9, 'goalkeeper'),
(462, 9, 'defender'),
(463, 9, 'defender'),
(464, 9, 'defender'),
(465, 9, 'defender'),
(466, 9, 'midfielder'),
(467, 9, 'midfielder'),
(468, 9, 'midfielder'),
(469, 9, 'midfielder'),
(470, 9, 'attacker'),
(471, 9, 'attacker'),
(472, 9, 'goalkeeper'),
(473, 9, 'midfielder'),
(474, 9, 'attacker'),
(475, 9, 'defender'),
(476, 9, 'midfielder'),
(477, 9, 'midfielder'),
(478, 9, 'attacker'),
(479, 9, 'midfielder'),
(480, 9, 'attacker'),
(481, 9, 'defender'),
(482, 9, 'goalkeeper'),
(483, 9, 'defender'),
(484, 57, 'goalkeeper'),
(485, 57, 'defender'),
(486, 57, 'defender'),
(487, 57, 'defender'),
(488, 57, 'defender'),
(489, 57, 'defender'),
(490, 57, 'midfielder'),
(491, 57, 'midfielder'),
(492, 57, 'midfielder'),
(493, 57, 'attacker'),
(494, 57, 'attacker'),
(495, 57, 'midfielder'),
(496, 57, 'attacker'),
(497, 57, 'attacker'),
(498, 57, 'goalkeeper'),
(499, 57, 'goalkeeper'),
(500, 57, 'defender'),
(501, 57, 'defender'),
(502, 57, 'midfielder'),
(503, 57, 'attacker'),
(504, 57, 'defender'),
(505, 57, 'midfielder'),
(506, 57, 'attacker'),
(507, 111, 'goalkeeper'),
(508, 111, 'defender'),
(509, 111, 'defender'),
(510, 111, 'defender'),
(511, 111, 'defender'),
(512, 111, 'defender'),
(513, 111, 'midfielder'),
(514, 111, 'attacker'),
(515, 111, 'attacker'),
(516, 111, 'attacker'),
(517, 111, 'attacker'),
(518, 111, 'attacker'),
(519, 111, 'midfielder'),
(520, 111, 'midfielder'),
(521, 111, 'defender'),
(522, 111, 'midfielder'),
(523, 111, 'defender'),
(524, 111, 'defender'),
(525, 111, 'goalkeeper'),
(526, 111, 'goalkeeper'),
(527, 111, 'attacker'),
(528, 111, 'midfielder'),
(529, 111, 'midfielder'),
(530, 46, 'goalkeeper'),
(531, 46, 'defender'),
(532, 46, 'defender'),
(533, 46, 'defender'),
(534, 46, 'defender'),
(535, 46, 'midfielder'),
(536, 46, 'midfielder'),
(537, 46, 'midfielder'),
(538, 46, 'midfielder'),
(539, 46, 'attacker'),
(540, 46, 'attacker'),
(541, 46, 'attacker'),
(542, 46, 'midfielder'),
(543, 46, 'midfielder'),
(544, 46, 'goalkeeper'),
(545, 46, 'goalkeeper'),
(546, 46, 'midfielder'),
(547, 46, 'midfielder'),
(548, 46, 'defender'),
(549, 46, 'attacker'),
(550, 46, 'defender'),
(551, 46, 'midfielder'),
(552, 46, 'defender'),
(553, 21, 'goalkeeper'),
(554, 21, 'defender'),
(555, 21, 'defender'),
(556, 21, 'defender'),
(557, 21, 'defender'),
(558, 21, 'midfielder'),
(559, 21, 'midfielder'),
(560, 21, 'midfielder'),
(561, 21, 'attacker'),
(562, 21, 'attacker'),
(563, 21, 'attacker'),
(564, 21, 'attacker'),
(565, 21, 'midfielder'),
(566, 21, 'midfielder'),
(567, 21, 'defender'),
(568, 21, 'goalkeeper'),
(569, 21, 'defender'),
(570, 21, 'goalkeeper'),
(571, 21, 'midfielder'),
(572, 21, 'midfielder'),
(573, 21, 'defender'),
(574, 21, 'attacker'),
(575, 21, 'defender'),
(576, 3, 'goalkeeper'),
(577, 3, 'defender'),
(578, 3, 'defender'),
(579, 3, 'defender'),
(580, 3, 'defender'),
(581, 3, 'midfielder'),
(582, 3, 'midfielder'),
(583, 3, 'midfielder'),
(584, 3, 'midfielder'),
(585, 3, 'attacker'),
(586, 3, 'attacker'),
(587, 3, 'midfielder'),
(588, 3, 'midfielder'),
(589, 3, 'midfielder'),
(590, 3, 'goalkeeper'),
(591, 3, 'goalkeeper'),
(592, 3, 'midfielder'),
(593, 3, 'attacker'),
(594, 3, 'defender'),
(595, 3, 'midfielder'),
(596, 3, 'defender'),
(597, 3, 'defender'),
(598, 3, 'defender'),
(599, 4, 'goalkeeper'),
(600, 4, 'defender'),
(601, 4, 'defender'),
(602, 4, 'defender'),
(603, 4, 'midfielder'),
(604, 4, 'midfielder'),
(605, 4, 'midfielder'),
(606, 4, 'midfielder'),
(607, 4, 'attacker'),
(608, 4, 'attacker'),
(609, 4, 'attacker'),
(610, 4, 'defender'),
(611, 4, 'attacker'),
(612, 4, 'midfielder'),
(613, 4, 'goalkeeper'),
(614, 4, 'midfielder'),
(615, 4, 'goalkeeper'),
(616, 4, 'attacker'),
(617, 4, 'midfielder'),
(618, 4, 'attacker'),
(619, 4, 'midfielder'),
(620, 4, 'defender'),
(621, 4, 'defender'),
(622, 137, 'goalkeeper'),
(623, 137, 'defender'),
(624, 137, 'defender'),
(625, 137, 'defender'),
(626, 137, 'defender'),
(627, 137, 'midfielder'),
(628, 137, 'midfielder'),
(629, 137, 'midfielder'),
(630, 137, 'midfielder'),
(631, 137, 'attacker'),
(632, 137, 'attacker'),
(633, 137, 'attacker'),
(634, 137, 'attacker'),
(635, 137, 'midfielder'),
(636, 137, 'attacker'),
(637, 137, 'defender'),
(638, 137, 'midfielder'),
(639, 137, 'goalkeeper'),
(640, 137, 'attacker'),
(641, 137, 'defender'),
(642, 137, 'defender'),
(643, 137, 'midfielder'),
(644, 31, 'goalkeeper'),
(645, 31, 'defender'),
(646, 31, 'defender'),
(647, 31, 'defender'),
(648, 31, 'defender'),
(649, 31, 'midfielder'),
(650, 31, 'midfielder'),
(651, 31, 'midfielder'),
(652, 31, 'midfielder'),
(653, 31, 'midfielder'),
(654, 31, 'attacker'),
(655, 31, 'attacker'),
(656, 31, 'midfielder'),
(657, 31, 'attacker'),
(658, 31, 'goalkeeper'),
(659, 31, 'attacker'),
(660, 31, 'midfielder'),
(661, 31, 'attacker'),
(662, 31, 'defender'),
(663, 31, 'defender'),
(664, 31, 'midfielder'),
(665, 31, 'goalkeeper'),
(666, 31, 'defender'),
(667, 13, 'goalkeeper'),
(668, 13, 'defender'),
(669, 13, 'midfielder'),
(670, 13, 'midfielder'),
(671, 13, 'midfielder'),
(672, 13, 'midfielder'),
(673, 13, 'midfielder'),
(674, 13, 'midfielder'),
(675, 13, 'midfielder'),
(676, 13, 'midfielder'),
(677, 13, 'attacker'),
(678, 13, 'defender'),
(679, 13, 'defender'),
(680, 13, 'midfielder'),
(681, 13, 'attacker'),
(682, 13, 'midfielder'),
(683, 13, 'midfielder'),
(684, 13, 'attacker'),
(685, 13, 'defender'),
(686, 13, 'goalkeeper'),
(687, 13, 'midfielder'),
(688, 13, 'goalkeeper'),
(689, 13, 'midfielder'),
(690, 1, 'goalkeeper'),
(691, 1, 'defender'),
(692, 1, 'defender'),
(693, 1, 'defender'),
(694, 1, 'defender'),
(695, 1, 'midfielder'),
(696, 1, 'midfielder'),
(697, 1, 'midfielder'),
(698, 1, 'midfielder'),
(699, 1, 'midfielder'),
(700, 1, 'attacker'),
(701, 1, 'attacker'),
(702, 1, 'midfielder'),
(703, 1, 'attacker'),
(704, 1, 'defender'),
(705, 1, 'defender'),
(706, 1, 'midfielder'),
(707, 1, 'attacker'),
(708, 1, 'midfielder'),
(709, 1, 'attacker'),
(710, 1, 'goalkeeper'),
(711, 1, 'defender'),
(712, 1, 'goalkeeper'),
(713, 8, 'goalkeeper'),
(714, 8, 'defender'),
(715, 8, 'defender'),
(716, 8, 'defender'),
(717, 8, 'defender'),
(718, 8, 'midfielder'),
(719, 8, 'midfielder'),
(720, 8, 'midfielder'),
(721, 8, 'midfielder'),
(722, 8, 'attacker'),
(723, 8, 'attacker'),
(724, 8, 'defender'),
(725, 8, 'midfielder'),
(726, 8, 'defender'),
(727, 8, 'attacker'),
(728, 8, 'attacker'),
(729, 8, 'goalkeeper'),
(730, 8, 'defender'),
(731, 8, 'midfielder'),
(732, 8, 'goalkeeper'),
(733, 8, 'midfielder'),
(734, 8, 'midfielder'),
(735, 8, 'midfielder');

-- --------------------------------------------------------

--
-- Table structure for table `team`
--

CREATE TABLE IF NOT EXISTS `team` (
  `id` int(11) NOT NULL AUTO_INCREMENT,
  `name` varchar(40) DEFAULT NULL,
  `country_id` int(11) DEFAULT NULL,
  `coach_id` int(11) DEFAULT NULL,
  `fifapoints` int(11) DEFAULT NULL,
  `twitterAccount` varchar(40) NOT NULL,
  PRIMARY KEY (`id`),
  KEY `country` (`country_id`),
  KEY `coach` (`coach_id`)
) ENGINE=InnoDB  DEFAULT CHARSET=utf8 AUTO_INCREMENT=210 ;

--
-- Dumping data for table `team`
--

INSERT INTO `team` (`id`, `name`, `country_id`, `coach_id`, `fifapoints`, `twitterAccount`) VALUES
(1, 'Spain', 193, 1, 1460, ''),
(2, 'Germany', 76, 2, 1340, ''),
(3, 'Portugal', 169, 3, 1245, ''),
(4, 'Brazil', 28, 4, 1210, ''),
(5, 'Colombia', 45, 5, 1186, ''),
(6, 'Uruguay', 220, 6, 1181, ''),
(7, 'Argentina', 9, 7, 1178, ''),
(8, 'Switzerland', 200, 8, 1161, ''),
(9, 'Italy', 100, 9, 1115, ''),
(10, 'Greece', 79, 10, 1082, ''),
(11, 'England', 247, 11, 1043, ''),
(12, 'Belgium', 20, 12, 1039, ''),
(13, 'Chile', 41, 13, 1037, ''),
(14, 'United States', 219, 14, 1015, ''),
(15, 'Netherlands', 147, 15, 967, ''),
(16, 'France', 70, 16, 935, ''),
(17, 'Ukraine', 216, 17, 913, ''),
(18, 'Russia', 174, 18, 903, ''),
(19, 'Mexico', 135, 19, 877, ''),
(20, 'Croatia', 51, 20, 871, ''),
(21, 'Côte d''Ivoire', 50, 21, 830, ''),
(22, 'Scotland', 250, 22, 825, ''),
(23, 'Denmark', 55, 23, 819, ''),
(24, 'Egypt', 60, 24, 798, ''),
(25, 'Bosnia-Herzegovina', 26, 25, 795, ''),
(26, 'Sweden', 199, 26, 795, ''),
(27, 'Algeria', 3, 27, 795, ''),
(28, 'Ecuador', 59, 28, 794, ''),
(29, 'Slovenia', 189, 29, 787, ''),
(30, 'Serbia', 248, 30, 759, ''),
(31, 'Honduras', 91, 31, 759, ''),
(32, 'Romania', 173, 32, 756, ''),
(33, 'Armenia', 10, 33, 750, ''),
(34, 'Costa Rica', 49, 34, 748, ''),
(35, 'Panama', 162, 35, 739, ''),
(36, 'Czech Republic', 54, 36, 731, ''),
(37, 'Iran', 96, 37, 715, ''),
(38, 'Ghana', 77, 38, 713, ''),
(39, 'Turkey', 211, 39, 711, ''),
(40, 'Austria', 13, 40, 673, ''),
(41, 'Venezuela', 223, 41, 666, ''),
(42, 'Peru', 165, 42, 665, ''),
(43, 'Cape Verde Islands', 37, 43, 665, ''),
(44, 'Nigeria', 153, 44, 631, ''),
(45, 'Hungary', 92, 45, 623, ''),
(46, 'Slovakia', 188, 46, 616, ''),
(47, 'Japan', 103, 47, 613, ''),
(48, 'Wales', 251, 48, 613, ''),
(49, 'Tunisia', 210, 49, 597, ''),
(50, 'Cameroon', 35, 50, 583, ''),
(51, 'Guinea', 86, 51, 580, ''),
(52, 'Finland', 69, 52, 578, ''),
(53, 'Uzbekistan', 221, 53, 577, ''),
(54, 'Montenegro', 242, 54, 555, ''),
(55, 'Korea Republic', 110, 55, 551, ''),
(56, 'Norway', 157, 56, 551, ''),
(57, 'Paraguay', 164, 57, 551, ''),
(58, 'Iceland', 93, 58, 546, ''),
(59, 'Mali', 127, 59, 545, ''),
(60, 'Australia', 12, 60, 545, ''),
(61, 'Burkina Faso', 32, 61, 528, ''),
(62, 'Libya', 118, 62, 522, ''),
(63, 'Senegal', 183, 63, 511, ''),
(64, 'Jordan', 105, 64, 510, ''),
(65, 'South Africa', 192, 65, 507, ''),
(66, 'Republic of Ireland', 98, 66, 504, ''),
(67, 'UAE', 217, 67, 499, ''),
(68, 'Bolivia', 25, NULL, 497, ''),
(69, 'El Salvador', 61, 68, 488, ''),
(70, 'Albania', 2, 69, 486, ''),
(71, 'Sierra Leone', 186, 70, 484, ''),
(72, 'Poland', 168, 71, 479, ''),
(73, 'Bulgaria', 31, 72, 460, ''),
(74, 'Trinidad and Tobago', 209, 73, 457, ''),
(75, 'Saudi Arabia', 182, 74, 455, ''),
(76, 'Morocco', 141, 75, 454, ''),
(77, 'Haiti', 89, 76, 452, ''),
(78, 'Israel', 99, 77, 450, ''),
(79, 'Zambia', 231, 78, 448, ''),
(80, 'Macedonia FYR', 122, 79, 443, ''),
(81, 'Jamaica', 101, 80, 420, ''),
(82, 'Oman', 158, 81, 418, ''),
(83, 'Belarus', 19, 82, 404, ''),
(84, 'Northern Ireland', 252, 83, 400, ''),
(85, 'Azerbaijan', 14, 84, 398, ''),
(86, 'Uganda', 215, 85, 395, ''),
(87, 'Gabon', 73, 86, 386, ''),
(88, 'Congo DR', 230, 87, 380, ''),
(89, 'Togo', 206, 88, 374, ''),
(90, 'Cuba', 52, 89, 371, ''),
(91, 'Botswana', 27, NULL, 369, ''),
(92, 'Congo', 47, 90, 367, ''),
(93, 'Estonia', 64, 91, 366, ''),
(94, 'Angola', 6, 92, 347, ''),
(95, 'Qatar', 171, 93, 338, ''),
(96, 'China PR', 42, 94, 333, ''),
(97, 'Benin', 22, 95, 332, ''),
(98, 'Zimbabwe', 232, 96, 327, ''),
(99, 'Moldova', 137, 97, 325, ''),
(100, 'Iraq', 97, 98, 321, ''),
(101, 'Ethiopia', 65, 99, 319, ''),
(102, 'Niger', 152, 100, 315, ''),
(103, 'Georgia', 75, 101, 303, ''),
(104, 'Lithuania', 120, 102, 293, ''),
(105, 'Bahrain', 16, 103, 289, ''),
(106, 'Kenya', 107, 104, 284, ''),
(107, 'Central African Republic', 39, 105, 284, ''),
(108, 'Kuwait', 111, 106, 283, ''),
(109, 'Latvia', 114, 107, 273, ''),
(110, 'Canada', 36, 108, 272, ''),
(111, 'New Zealand', 150, 109, 271, ''),
(112, 'Luxembourg', 121, 110, 266, ''),
(113, 'Equatorial Guinea', 62, 111, 261, ''),
(114, 'Mozambique', 142, 112, 251, ''),
(115, 'Lebanon', 115, 113, 251, ''),
(116, 'Vietnam', 224, 114, 242, ''),
(117, 'Sudan', 195, 115, 241, ''),
(118, 'Kazakhstan', 106, 116, 235, ''),
(119, 'Liberia', 117, 117, 234, ''),
(120, 'Namibia', 144, 118, 233, ''),
(121, 'Tajikistan', 203, 119, 229, ''),
(122, 'Malawi', 124, 120, 227, ''),
(123, 'Tanzania', 204, 121, 227, ''),
(124, 'Guatemala', 84, 122, 223, ''),
(125, 'Burundi', 33, 123, 215, ''),
(126, 'Dominican Republic', 58, 124, 212, ''),
(127, 'St. Vincent / Grenadines', 179, 125, 212, ''),
(128, 'Malta', 128, 126, 204, ''),
(129, 'Afghanistan', 1, 127, 204, ''),
(130, 'Cyprus', 53, 128, 201, ''),
(131, 'Suriname', 196, 129, 197, ''),
(132, 'Rwanda', 175, 130, 197, ''),
(133, 'St. Lucia', 177, 131, 191, ''),
(134, 'Gambia', 74, 132, 190, ''),
(135, 'Syria', 201, 133, 190, ''),
(136, 'Grenada', 81, 134, 188, ''),
(137, 'Korea DPR', 109, 135, 175, ''),
(138, 'New Caledonia', 149, NULL, 174, ''),
(139, 'Mauritania', 132, 136, 165, ''),
(140, 'Philippines', 166, 137, 161, ''),
(141, 'Lesotho', 116, NULL, 159, ''),
(142, 'Antigua and Barbuda', 8, 138, 158, ''),
(143, 'Thailand', 205, 139, 156, ''),
(144, 'Belize', 21, 140, 152, ''),
(145, 'Malaysia', 125, 141, 149, ''),
(146, 'Kyrgyzstan', 112, 142, 148, ''),
(147, 'Singapore', 187, 143, 144, ''),
(148, 'India', 94, 144, 144, ''),
(149, 'Puerto Rico', 170, 145, 143, ''),
(150, 'Liechtenstein', 119, 146, 139, ''),
(151, 'Guyana', 88, NULL, 137, ''),
(152, 'Indonesia', 95, 147, 135, ''),
(153, 'Maldives', 126, 148, 124, ''),
(154, 'St. Kitts and Nevis', 176, 149, 124, ''),
(155, 'Aruba', 11, 150, 122, ''),
(156, 'Turkmenistan', 212, 151, 119, ''),
(157, 'Tahiti', 72, 152, 116, ''),
(158, 'Hong Kong', 233, 153, 111, ''),
(159, 'Pakistan', 159, 154, 102, ''),
(160, 'Nepal', 146, 155, 102, ''),
(161, 'Barbados', 18, 156, 101, ''),
(162, 'Bangladesh', 17, 157, 98, ''),
(163, 'Dominica', 57, 158, 93, ''),
(164, 'Faroe Islands', 67, 159, 91, ''),
(165, 'Chad', 40, 160, 88, ''),
(166, 'Palestine', 161, 161, 88, ''),
(167, 'São Tomé e Príncipe', 181, 162, 86, ''),
(168, 'Nicaragua', 151, 163, 84, ''),
(169, 'Bermuda', 23, 164, 83, ''),
(170, 'Chinese Taipei', 202, 165, 78, ''),
(171, 'Guam', 83, 166, 77, ''),
(172, 'Solomon Islands', 190, 167, 75, ''),
(173, 'Sri Lanka', 194, 168, 73, ''),
(174, 'Laos', 113, 169, 73, ''),
(175, 'Myanmar', 143, 170, 73, ''),
(176, 'Seychelles', 185, 171, 66, ''),
(177, 'Curaçao', 255, 172, 65, ''),
(178, 'Swaziland', 198, 173, 64, ''),
(179, 'Yemen', 229, 174, 63, ''),
(180, 'Mauritius', 133, 175, 55, ''),
(181, 'Vanuatu', 222, 176, 55, ''),
(182, 'Fiji', 68, 177, 47, ''),
(183, 'Samoa', 254, 178, 45, ''),
(184, 'Comoros', 46, 179, 43, ''),
(185, 'Guinea-Bissau', 87, NULL, 43, ''),
(186, 'Bahamas', 15, 180, 40, ''),
(187, 'Mongolia', 139, 181, 35, ''),
(188, 'Montserrat', 140, 182, 33, ''),
(189, 'Madagascar', 123, 183, 32, ''),
(190, 'Cambodia', 34, 184, 28, ''),
(191, 'Brunei', 30, 185, 26, ''),
(192, 'Timor-Leste', 238, 186, 26, ''),
(193, 'Tonga', 208, 187, 26, ''),
(194, 'US Virgin Islands', 225, 188, 23, ''),
(195, 'Cayman Islands', 38, 189, 21, ''),
(196, 'Papua New Guinea', 163, 190, 21, ''),
(197, 'British Virgin Islands', 29, 191, 18, ''),
(198, 'American Samoa', 4, 192, 18, ''),
(199, 'Andorra', 5, 193, 16, ''),
(200, 'Eritrea', 63, 194, 11, ''),
(201, 'South Sudan', 253, 195, 10, ''),
(202, 'Somalia', 191, 196, 8, ''),
(203, 'Macao', 234, 197, 8, ''),
(204, 'Djibouti', 56, 198, 6, ''),
(205, 'Cook Islands', 48, 199, 5, ''),
(206, 'Anguilla', 7, 200, 3, ''),
(207, 'Bhutan', 24, 201, 0, ''),
(208, 'San Marino', 180, NULL, 0, ''),
(209, 'Turks and Caicos Islands', 213, NULL, 0, '');

-- --------------------------------------------------------

--
-- Table structure for table `teamPerCompetition`
--

CREATE TABLE IF NOT EXISTS `teamPerCompetition` (
  `team_id` int(11) NOT NULL DEFAULT '0',
  `competition_id` int(11) NOT NULL DEFAULT '0',
  PRIMARY KEY (`team_id`,`competition_id`),
  KEY `tpc_competition` (`competition_id`)
) ENGINE=InnoDB DEFAULT CHARSET=utf8;

--
-- Dumping data for table `teamPerCompetition`
--

INSERT INTO `teamPerCompetition` (`team_id`, `competition_id`) VALUES
(1, 1),
(1, 2),
(2, 1),
(2, 2),
(3, 1),
(3, 2),
(4, 1),
(4, 2),
(5, 1),
(6, 1),
(6, 2),
(7, 1),
(7, 2),
(8, 1),
(8, 2),
(9, 1),
(9, 2),
(10, 1),
(10, 2),
(11, 1),
(11, 2),
(12, 1),
(13, 1),
(13, 2),
(14, 1),
(14, 2),
(15, 1),
(15, 2),
(16, 1),
(16, 2),
(18, 1),
(19, 1),
(19, 2),
(20, 1),
(21, 1),
(21, 2),
(23, 2),
(25, 1),
(27, 1),
(27, 2),
(28, 1),
(29, 2),
(30, 2),
(31, 1),
(31, 2),
(34, 1),
(37, 1),
(38, 1),
(38, 2),
(44, 1),
(44, 2),
(46, 2),
(47, 1),
(47, 2),
(50, 1),
(50, 2),
(55, 1),
(55, 2),
(57, 2),
(60, 1),
(60, 2),
(65, 2),
(111, 2),
(137, 2);

-- --------------------------------------------------------

--
-- Table structure for table `user`
--

CREATE TABLE IF NOT EXISTS `user` (
  `id` int(11) NOT NULL AUTO_INCREMENT,
  `facebookid` varchar(30) NOT NULL,
  `username` varchar(100) NOT NULL,
  `firstname` varchar(60) NOT NULL,
  `lastname` varchar(60) NOT NULL,
  `email` varchar(60) NOT NULL,
  `password` varchar(255) NOT NULL,
  `country_id` int(10) NOT NULL,
  `session_id` varchar(24) DEFAULT NULL,
  `registrationcode` varchar(24) DEFAULT NULL,
  `betscore` int(11) NOT NULL DEFAULT '0',
  `about` varchar(1024) NOT NULL,
  `recieve_email` tinyint(1) NOT NULL DEFAULT '1',
  `age` int(3) NOT NULL,
  `picture` varchar(200) NOT NULL,
  PRIMARY KEY (`id`)
) ENGINE=InnoDB DEFAULT CHARSET=utf8 AUTO_INCREMENT=1 ;

-- --------------------------------------------------------

--
-- Table structure for table `userGroup`
--

CREATE TABLE IF NOT EXISTS `userGroup` (
  `id` int(11) NOT NULL AUTO_INCREMENT,
  `name` varchar(60) NOT NULL,
  `private` tinyint(1) NOT NULL DEFAULT '0',
  `created` datetime NOT NULL,
  PRIMARY KEY (`id`)
) ENGINE=InnoDB DEFAULT CHARSET=utf8 AUTO_INCREMENT=1 ;

-- --------------------------------------------------------

--
-- Table structure for table `userGroupInvites`
--

CREATE TABLE IF NOT EXISTS `userGroupInvites` (
  `id` int(11) NOT NULL AUTO_INCREMENT,
  `userId` int(11) NOT NULL,
  `usergroupId` int(11) NOT NULL,
  `invitedById` int(11) NOT NULL,
  `created` datetime NOT NULL,
  PRIMARY KEY (`id`)
) ENGINE=InnoDB DEFAULT CHARSET=utf8 AUTO_INCREMENT=1 ;

-- --------------------------------------------------------

--
-- Table structure for table `userGroupMessages`
--

CREATE TABLE IF NOT EXISTS `userGroupMessages` (
  `id` int(11) NOT NULL AUTO_INCREMENT,
  `usergroup_id` int(11) NOT NULL,
  `user_id` int(11) NOT NULL,
  `title` varchar(60) NOT NULL,
  `created` datetime NOT NULL,
  PRIMARY KEY (`id`)
) ENGINE=InnoDB DEFAULT CHARSET=latin1 AUTO_INCREMENT=1 ;

-- --------------------------------------------------------

--
-- Table structure for table `userGroupMessagesContent`
--

CREATE TABLE IF NOT EXISTS `userGroupMessagesContent` (
  `id` int(11) NOT NULL AUTO_INCREMENT,
  `user_id` int(11) NOT NULL,
  `message_id` int(11) NOT NULL,
  `content` text NOT NULL,
  `created` datetime NOT NULL,
  PRIMARY KEY (`id`)
) ENGINE=InnoDB DEFAULT CHARSET=latin1 AUTO_INCREMENT=1 ;

-- --------------------------------------------------------

--
-- Table structure for table `userPerUserGroup`
--

CREATE TABLE IF NOT EXISTS `userPerUserGroup` (
  `user_id` int(11) NOT NULL,
  `userGroup_id` int(11) NOT NULL,
  `created` datetime NOT NULL,
  PRIMARY KEY (`user_id`,`userGroup_id`),
  KEY `userGroup_id` (`userGroup_id`)
) ENGINE=InnoDB DEFAULT CHARSET=utf8;

/*!40101 SET CHARACTER_SET_CLIENT=@OLD_CHARACTER_SET_CLIENT */;
/*!40101 SET CHARACTER_SET_RESULTS=@OLD_CHARACTER_SET_RESULTS */;
/*!40101 SET COLLATION_CONNECTION=@OLD_COLLATION_CONNECTION */;
