-- phpMyAdmin SQL Dump
-- version 3.5.8.2
-- http://www.phpmyadmin.net
--
-- Host: localhost
-- Generation Time: May 05, 2014 at 04:02 PM
-- Server version: 5.5.36-MariaDB
-- PHP Version: 5.5.11

SET SQL_MODE="NO_AUTO_VALUE_ON_ZERO";
SET time_zone = "+00:00";


/*!40101 SET @OLD_CHARACTER_SET_CLIENT=@@CHARACTER_SET_CLIENT */;
/*!40101 SET @OLD_CHARACTER_SET_RESULTS=@@CHARACTER_SET_RESULTS */;
/*!40101 SET @OLD_COLLATION_CONNECTION=@@COLLATION_CONNECTION */;
/*!40101 SET NAMES utf8 */;

--
-- Database: `coachcenter`
--

--
-- Dumping data for table `competition`
--

INSERT INTO `competition` (`id`, `name`) VALUES
(1, 'World Cup 2014 Brazil'),
(2, 'World Cup 2010 South Africa'),
(3, 'World Cup 2006 Germany'),
(4, 'World Cup 2002 Korea Rep/Japan'),
(5, 'World Cup 1998 France'),
(6, 'World Cup 1994 USA'),
(7, 'World Cup 1990 Italy'),
(8, 'World Cup 1986 Mexico');

--
-- Dumping data for table `goal`
--

INSERT INTO `goal` (`id`, `match_id`, `time`, `player_id`, `team_id`, `penaltyphase`) VALUES
(1, 49, 55, 1513, 66, NULL),
(2, 49, 79, 423, 19, NULL),
(3, 51, 24, 107, 5, NULL),
(4, 51, 80, 107, 5, NULL),
(5, 51, 90, 97, 5, NULL),
(6, 52, 64, 5070, 19, NULL),
(7, 52, 79, 5071, 19, NULL),
(8, 53, 20, 1498, 66, NULL),
(9, 53, 37, 5072, 66, NULL),
(10, 53, 70, 5073, 16, NULL),
(11, 54, 43, 109, 5, NULL),
(12, 55, 7, 5074, 56, NULL),
(13, 55, 52, 5075, 56, NULL),
(14, 56, 6, 5076, 6, NULL),
(15, 57, 16, 1278, 6, NULL),
(16, 57, 33, 132, 6, NULL),
(17, 57, 45, 1272, 56, NULL),
(18, 57, 76, 132, 6, NULL),
(19, 57, 80, 132, 6, NULL),
(20, 58, 16, 5077, 45, NULL),
(21, 58, 44, 220, 10, NULL),
(22, 58, 71, 208, 10, NULL),
(23, 59, 77, 5079, 6, NULL),
(24, 59, 89, 5080, 6, NULL),
(25, 60, 12, 5077, 45, NULL),
(26, 60, 38, 5074, 56, NULL),
(27, 60, 49, 1278, 56, NULL),
(28, 60, 69, 5078, 45, NULL),
(29, 61, 4, 237, 11, NULL),
(30, 61, 40, 292, 13, NULL),
(31, 62, 79, 5081, 29, NULL),
(32, 63, 13, 660, 29, NULL),
(33, 63, 42, 5082, 29, NULL),
(34, 63, 48, 293, 13, NULL),
(35, 63, 82, 286, 13, NULL),
(36, 65, 23, 245, 11, NULL),
(37, 66, 90, 293, 13, NULL),
(38, 67, 84, 854, 38, NULL),
(39, 68, 8, 42, 2, NULL),
(40, 68, 26, 40, 2, NULL),
(41, 68, 67, 5083, 2, NULL),
(42, 68, 70, 5084, 2, NULL),
(43, 69, 38, 5085, 30, NULL),
(44, 70, 12, 1359, 60, NULL),
(45, 70, 25, 854, 38, NULL),
(46, 71, 60, 37, 2, NULL),
(47, 72, 69, 1357, 60, NULL),
(48, 72, 73, 1359, 60, NULL),
(49, 72, 84, 5086, 30, NULL),
(50, 73, 46, 515, 15, NULL),
(51, 73, 85, 341, 15, NULL),
(52, 74, 39, 1076, 47, NULL),
(53, 75, 53, 336, 15, NULL),
(54, 76, 10, 1146, 50, NULL),
(55, 76, 33, 529, 23, NULL),
(56, 76, 61, 5087, 23, NULL),
(57, 77, 36, 342, 15, NULL),
(58, 77, 65, 1146, 50, NULL),
(59, 77, 83, 340, 15, NULL),
(60, 78, 17, 1076, 47, NULL),
(61, 78, 30, 1071, 47, NULL),
(62, 78, 81, 5088, 23, NULL),
(63, 78, 87, 1074, 47, NULL),
(64, 79, 39, 5089, 54, NULL),
(65, 79, 63, 5090, 9, NULL),
(66, 80, 50, 5091, 46, NULL),
(67, 80, 90, 5092, 111, NULL),
(68, 81, 27, 5093, 54, NULL),
(69, 81, 86, 1233, 54, NULL),
(70, 82, 7, 5094, 111, NULL),
(71, 82, 29, 5095, 9, NULL),
(72, 84, 25, 5091, 46, NULL),
(73, 84, 73, 5091, 46, NULL),
(74, 84, 81, 5096, 9, NULL),
(75, 84, 89, 5097, 46, NULL),
(76, 84, 90, 5098, 9, NULL),
(77, 86, 55, 5099, 7, NULL),
(78, 86, 72, 5100, 7, NULL),
(79, 86, 89, 5101, 137, NULL),
(80, 87, 25, 5102, 7, NULL),
(81, 87, 50, 5102, 7, NULL),
(82, 87, 62, 5100, 7, NULL),
(83, 87, 79, 478, 21, NULL),
(84, 88, 29, 60, 3, NULL),
(85, 88, 53, 5103, 3, NULL),
(86, 88, 56, 5104, 3, NULL),
(87, 88, 60, 5105, 3, NULL),
(88, 88, 81, 5106, 3, NULL),
(89, 88, 87, 62, 3, NULL),
(90, 88, 89, 5105, 3, NULL),
(91, 89, 14, 474, 21, NULL),
(92, 89, 20, 471, 21, NULL),
(93, 89, 82, 480, 21, NULL),
(94, 91, 34, 306, 14, NULL),
(95, 92, 52, 166, 8, NULL),
(96, 93, 75, 5107, 14, NULL),
(97, 94, 17, 5108, 1, NULL),
(98, 94, 51, 5108, 1, NULL),
(99, 95, 24, 5108, 1, NULL),
(100, 95, 37, 15, 1, NULL),
(101, 95, 47, 5109, 14, NULL),
(102, 97, 6, 28, 2, NULL),
(103, 97, 12, 5110, 34, NULL),
(104, 97, 17, 40, 2, NULL),
(105, 97, 61, 40, 2, NULL),
(106, 97, 73, 5110, 34, NULL),
(107, 97, 87, 5111, 2, NULL),
(108, 98, 24, 5112, 28, NULL),
(109, 98, 80, 5113, 28, NULL),
(110, 99, 90, 5114, 2, NULL),
(111, 100, 8, 5112, 28, NULL),
(112, 100, 54, 5113, 28, NULL),
(113, 100, 90, 5115, 28, NULL),
(114, 101, 25, 5116, 34, NULL),
(115, 101, 33, 5117, 72, NULL),
(116, 101, 66, 5117, 72, NULL),
(117, 102, 4, 40, 2, NULL),
(118, 102, 44, 40, 2, NULL),
(119, 102, 57, 42, 2, NULL),
(120, 103, 3, 5118, 11, NULL),
(121, 105, 83, 5119, 11, NULL),
(122, 105, 90, 237, 11, NULL),
(123, 106, 89, 5120, 26, NULL),
(124, 107, 25, 5121, 54, NULL),
(125, 107, 86, 5122, 54, NULL),
(126, 108, 34, 5123, 11, NULL),
(127, 108, 51, 5124, 26, NULL),
(128, 108, 85, 237, 11, NULL),
(129, 108, 90, 5125, 26, NULL),
(130, 109, 24, 5126, 6, NULL),
(131, 109, 38, 5127, 6, NULL),
(132, 109, 82, 478, 21, NULL),
(133, 110, 18, 334, 15, NULL),
(134, 111, 6, 129, 6, NULL),
(135, 111, 31, 5128, 6, NULL),
(136, 111, 41, 129, 6, NULL),
(137, 111, 78, 5126, 6, NULL),
(138, 111, 84, 5129, 6, NULL),
(139, 111, 88, 134, 6, NULL),
(140, 112, 23, 342, 15, NULL),
(141, 112, 27, 5130, 15, NULL),
(142, 112, 38, 5131, 21, NULL),
(143, 113, 10, 5132, 210, NULL),
(144, 113, 20, 5133, 210, NULL),
(145, 113, 37, 5134, 21, NULL),
(146, 113, 67, 5134, 21, NULL),
(147, 113, 86, 5135, 21, NULL),
(148, 115, 28, 5136, 19, NULL),
(149, 115, 36, 5137, 37, NULL),
(150, 115, 76, 5136, 19, NULL),
(151, 115, 79, 5138, 19, NULL),
(152, 116, 4, 5139, 3, NULL),
(153, 118, 63, 5140, 3, NULL),
(154, 118, 80, 62, 3, NULL),
(155, 119, 6, 5143, 3, NULL),
(156, 119, 24, 5103, 3, NULL),
(157, 119, 29, 5144, 19, NULL),
(158, 120, 60, 5141, 94, NULL),
(159, 120, 75, 5142, 37, NULL),
(160, 121, 5, 5145, 36, NULL),
(161, 121, 36, 827, 36, NULL),
(162, 121, 76, 827, 36, NULL),
(163, 122, 40, 195, 9, NULL),
(164, 122, 83, 5095, 9, NULL),
(165, 123, 2, 854, 38, NULL),
(166, 123, 82, 850, 38, NULL),
(167, 124, 22, 198, 9, NULL),
(168, 124, 27, 5146, 13, NULL),
(169, 125, 26, 5147, 9, NULL),
(170, 125, 87, 5148, 9, NULL),
(171, 126, 22, 5149, 38, NULL),
(172, 126, 43, 292, 13, NULL),
(173, 126, 45, 5150, 38, NULL),
(174, 127, 26, 5151, 47, NULL),
(175, 127, 84, 1357, 60, NULL),
(176, 127, 89, 1357, 60, NULL),
(177, 127, 90, 5152, 60, NULL),
(178, 128, 44, 5153, 7, NULL),
(179, 130, 49, 5154, 7, NULL),
(180, 130, 90, 151, 7, NULL),
(181, 131, 34, 5158, 47, NULL),
(182, 131, 45, 5159, 7, NULL),
(183, 131, 53, 5160, 7, NULL),
(184, 131, 59, 5161, 7, NULL),
(185, 131, 81, 5159, 7, NULL),
(186, 132, 2, 441, 20, NULL),
(187, 132, 38, 5155, 60, NULL),
(188, 132, 56, 5156, 20, NULL),
(189, 132, 79, 5157, 60, NULL),
(190, 133, 31, 5162, 89, NULL),
(191, 133, 54, 5163, 56, NULL),
(192, 133, 72, 5164, 56, NULL),
(193, 135, 9, 5165, 16, NULL),
(194, 135, 81, 5075, 56, NULL),
(195, 136, 16, 5166, 8, NULL),
(196, 136, 88, 163, 8, NULL),
(197, 137, 23, 161, 8, NULL),
(198, 137, 77, 5166, 8, NULL),
(199, 138, 55, 5167, 16, NULL),
(200, 138, 61, 5165, 16, NULL),
(201, 139, 13, 10, 1, NULL),
(202, 139, 17, 5108, 1, NULL),
(203, 139, 48, 5108, 1, NULL),
(204, 139, 81, 5168, 1, NULL),
(205, 140, 23, 5169, 49, NULL),
(206, 140, 57, 5170, 75, NULL),
(207, 140, 84, 5171, 75, NULL),
(208, 140, 90, 5172, 49, NULL),
(209, 141, 4, 5173, 17, NULL),
(210, 141, 36, 5174, 17, NULL),
(211, 141, 46, 5175, 17, NULL),
(212, 141, 84, 5176, 17, NULL),
(213, 142, 8, 5177, 49, NULL),
(214, 142, 71, 5178, 1, NULL),
(215, 142, 76, 5168, 1, NULL),
(216, 142, 90, 5168, 1, NULL),
(217, 143, 70, 5175, 17, NULL),
(218, 144, 36, 5179, 1, NULL),
(219, 145, 30, 5180, 63, NULL),
(220, 146, 45, 5088, 23, NULL),
(221, 146, 47, 5181, 5, NULL),
(222, 146, 83, 5088, 23, NULL),
(223, 147, 16, 5088, 23, NULL),
(224, 147, 52, 5182, 63, NULL),
(225, 149, 22, 5087, 23, NULL),
(226, 149, 67, 5088, 23, NULL),
(227, 150, 20, 5183, 63, NULL),
(228, 150, 26, 5180, 63, NULL),
(229, 150, 38, 5180, 63, NULL),
(230, 150, 46, 5184, 5, NULL),
(231, 150, 69, 107, 5, NULL),
(232, 150, 88, 5185, 5, NULL),
(233, 151, 39, 5186, 54, NULL),
(234, 151, 55, 5187, 54, NULL),
(235, 151, 63, 5188, 66, NULL),
(236, 151, 90, 5189, 66, NULL),
(237, 152, 44, 5178, 1, NULL),
(238, 152, 74, 5190, 1, NULL),
(239, 152, 82, 5191, 29, NULL),
(240, 152, 87, 5192, 1, NULL),
(241, 153, 10, 5193, 54, NULL),
(242, 153, 53, 5194, 1, NULL),
(243, 153, 69, 5194, 1, NULL),
(244, 153, 83, 5192, 1, NULL),
(245, 154, 4, 5195, 66, NULL),
(246, 155, 4, 5178, 1, NULL),
(247, 155, 31, 5196, 66, NULL),
(248, 155, 45, 5197, 1, NULL),
(249, 155, 53, 5198, 66, NULL),
(250, 155, 56, 5178, 1, NULL),
(251, 156, 45, 5199, 29, NULL),
(252, 156, 65, 5122, 54, NULL),
(253, 156, 73, 5200, 54, NULL),
(254, 156, 84, 5122, 54, NULL),
(255, 157, 45, 5201, 39, NULL),
(256, 157, 50, 5159, 7, NULL),
(257, 157, 87, 5202, 7, NULL),
(258, 158, 61, 5116, 34, NULL),
(259, 158, 65, 5203, 34, NULL),
(260, 159, 15, 5204, 7, NULL),
(261, 159, 32, 5202, 7, NULL),
(262, 159, 45, 5205, 7, NULL),
(263, 159, 55, 5159, 7, NULL),
(264, 160, 56, 5206, 39, NULL),
(265, 160, 86, 5207, 34, NULL),
(266, 161, 6, 5201, 39, NULL),
(267, 161, 9, 5208, 39, NULL),
(268, 161, 85, 5209, 39, NULL),
(269, 162, 10, 5159, 7, NULL),
(270, 162, 13, 5159, 7, NULL),
(271, 162, 38, 5210, 7, NULL),
(272, 162, 39, 5110, 34, NULL),
(273, 162, 56, 5116, 34, NULL),
(274, 162, 62, 5202, 7, NULL),
(275, 162, 64, 5211, 7, NULL),
(276, 163, 26, 5212, 56, NULL),
(277, 163, 53, 5213, 56, NULL),
(278, 164, 4, 5214, 13, NULL),
(279, 164, 29, 5215, 13, NULL),
(280, 164, 36, 5216, 13, NULL),
(281, 164, 39, 5217, 3, NULL),
(282, 164, 71, 5218, 3, NULL),
(283, 165, 24, 5219, 13, NULL),
(284, 165, 78, 5164, 56, NULL),
(285, 166, 14, 5139, 3, NULL),
(286, 166, 65, 5139, 3, NULL),
(287, 166, 77, 5139, 3, NULL),
(288, 166, 88, 5220, 3, NULL),
(289, 167, 3, 5221, 72, NULL),
(290, 167, 5, 5222, 72, NULL),
(291, 167, 66, 5223, 72, NULL),
(292, 167, 83, 293, 13, NULL),
(293, 168, 70, 5075, 56, NULL),
(294, 169, 39, 5224, 50, NULL),
(295, 169, 52, 5225, 65, NULL),
(296, 170, 20, 40, 2, NULL),
(297, 170, 25, 40, 2, NULL),
(298, 170, 40, 5226, 2, NULL),
(299, 170, 45, 5227, 2, NULL),
(300, 170, 70, 40, 2, NULL),
(301, 170, 72, 5228, 2, NULL),
(302, 170, 84, 5229, 2, NULL),
(303, 170, 90, 5230, 2, NULL),
(304, 171, 19, 40, 2, NULL),
(305, 171, 90, 5231, 65, NULL),
(306, 172, 66, 1146, 50, NULL),
(307, 173, 7, 5231, 65, NULL),
(308, 173, 61, 5233, 65, NULL),
(309, 173, 87, 5234, 65, NULL),
(310, 174, 50, 5232, 2, NULL),
(311, 174, 79, 40, 2, NULL),
(312, 175, 63, 5235, 6, NULL),
(313, 176, 24, 5236, 11, NULL),
(314, 176, 59, 5237, 26, NULL),
(315, 177, 27, 5238, 45, NULL),
(316, 177, 35, 5125, 26, NULL),
(317, 177, 63, 5125, 26, NULL),
(318, 178, 44, 5239, 11, NULL),
(319, 179, 59, 5240, 26, NULL),
(320, 179, 88, 5126, 6, NULL),
(321, 181, 60, 5071, 19, NULL),
(322, 182, 7, 5241, 9, NULL),
(323, 182, 27, 5241, 9, NULL),
(324, 183, 55, 5241, 9, NULL),
(325, 183, 73, 456, 20, NULL),
(326, 183, 76, 5242, 20, NULL),
(327, 184, 5, 5113, 28, NULL),
(328, 184, 28, 5243, 19, NULL),
(329, 184, 57, 5244, 19, NULL),
(330, 185, 48, 641, 28, NULL),
(331, 186, 34, 5243, 19, NULL),
(332, 186, 85, 5245, 9, NULL),
(333, 187, 57, 5246, 12, NULL),
(334, 187, 59, 5247, 47, NULL),
(335, 187, 67, 5248, 47, NULL),
(336, 187, 75, 5249, 12, NULL),
(337, 188, 59, 5250, 18, NULL),
(338, 188, 64, 5251, 18, NULL),
(339, 189, 51, 5248, 47, NULL),
(340, 190, 13, 5246, 12, NULL),
(341, 190, 17, 5252, 49, NULL),
(342, 191, 48, 5257, 47, NULL),
(343, 191, 75, 5258, 47, NULL),
(344, 192, 7, 5253, 12, NULL),
(345, 192, 52, 5254, 18, NULL),
(346, 192, 78, 5255, 12, NULL),
(347, 192, 82, 5246, 12, NULL),
(348, 192, 88, 5256, 18, NULL),
(349, 193, 5, 5259, 7, NULL),
(350, 193, 38, 5260, 22, NULL),
(351, 193, 73, 5261, 7, NULL),
(352, 194, 38, 5262, 77, NULL),
(353, 194, 45, 5263, 57, NULL),
(354, 194, 59, 5264, 77, NULL),
(355, 194, 60, 5265, 57, NULL),
(356, 195, 46, 5266, 57, NULL),
(357, 195, 66, 5267, 22, NULL),
(358, 196, 9, 5159, 7, NULL),
(359, 196, 45, 5202, 7, NULL),
(360, 196, 50, 5268, 7, NULL),
(361, 197, 23, 5269, 77, NULL),
(362, 197, 47, 5264, 77, NULL),
(363, 197, 85, 5269, 77, NULL),
(364, 198, 78, 5268, 7, NULL),
(365, 198, 83, 5270, 57, NULL),
(366, 198, 89, 5271, 57, NULL),
(367, 199, 10, 5241, 9, NULL),
(368, 199, 45, 5272, 14, NULL),
(369, 199, 49, 5272, 14, NULL),
(370, 199, 85, 5273, 9, NULL),
(371, 200, 77, 5274, 50, NULL),
(372, 200, 90, 5275, 40, NULL),
(373, 201, 70, 5272, 14, NULL),
(374, 201, 90, 5276, 40, NULL),
(375, 202, 7, 5277, 9, NULL),
(376, 202, 75, 5241, 9, NULL),
(377, 202, 89, 5241, 9, NULL),
(378, 203, 20, 5278, 14, NULL),
(379, 203, 56, 5224, 50, NULL),
(380, 204, 49, 5241, 9, NULL),
(381, 204, 90, 5273, 9, NULL),
(382, 204, 90, 5279, 40, NULL),
(383, 205, 69, 5280, 23, NULL),
(384, 206, 34, 5281, 16, NULL),
(385, 206, 77, 5282, 16, NULL),
(386, 206, 90, 5165, 16, NULL),
(387, 207, 13, 5283, 23, NULL),
(388, 207, 52, 5196, 66, NULL),
(389, 208, 36, 5165, 16, NULL),
(390, 208, 68, 5284, 16, NULL),
(391, 208, 77, 5165, 16, NULL),
(392, 208, 85, 5285, 16, NULL),
(393, 209, 18, 5286, 66, NULL),
(394, 209, 45, 5171, 75, NULL),
(395, 209, 74, 5287, 75, NULL),
(396, 209, 90, 5286, 66, NULL),
(397, 210, 12, 5288, 16, NULL),
(398, 210, 42, 5289, 23, NULL),
(399, 210, 57, 5290, 16, NULL),
(400, 212, 21, 5192, 1, NULL),
(401, 212, 24, 5291, 45, NULL),
(402, 212, 47, 5178, 1, NULL),
(403, 212, 73, 5292, 45, NULL),
(404, 212, 78, 5293, 45, NULL),
(405, 213, 26, 5294, 45, NULL),
(406, 215, 6, 5192, 1, NULL),
(407, 215, 18, 5299, 1, NULL),
(408, 215, 55, 5194, 1, NULL),
(409, 215, 58, 5300, 73, NULL),
(410, 215, 81, 5194, 1, NULL),
(411, 215, 88, 5301, 1, NULL),
(412, 215, 90, 5302, 1, NULL),
(413, 216, 1, 5295, 54, NULL),
(414, 216, 11, 5296, 45, NULL),
(415, 216, 59, 5297, 54, NULL),
(416, 216, 86, 5298, 54, NULL),
(417, 217, 28, 5303, 56, NULL),
(418, 217, 51, 5304, 19, NULL),
(419, 217, 74, 5305, 19, NULL),
(420, 217, 84, 5305, 19, NULL),
(421, 219, 43, 5246, 12, NULL),
(422, 219, 47, 5246, 12, NULL),
(423, 219, 55, 5306, 19, NULL),
(424, 219, 62, 5071, 19, NULL),
(425, 220, 38, 5307, 15, NULL),
(426, 220, 42, 5308, 15, NULL),
(427, 220, 71, 5309, 15, NULL),
(428, 220, 80, 5310, 15, NULL),
(429, 220, 83, 5311, 15, NULL),
(430, 221, 4, 5307, 15, NULL),
(431, 221, 18, 5311, 15, NULL),
(432, 221, 75, 5304, 19, NULL),
(433, 221, 90, 5312, 19, NULL),
(434, 222, 7, 5313, 12, NULL),
(435, 222, 71, 5213, 56, NULL),
(436, 223, 73, 5314, 211, NULL),
(437, 224, 9, 5315, 2, NULL),
(438, 224, 65, 5316, 2, NULL),
(439, 225, 13, 5317, 211, NULL),
(440, 225, 54, 5318, 211, NULL),
(441, 225, 72, 5314, 2, NULL),
(442, 225, 80, 5229, 2, NULL),
(443, 226, 40, 5319, 37, NULL),
(444, 226, 84, 5320, 37, NULL),
(445, 226, 87, 5216, 13, NULL),
(446, 227, 50, 5229, 2, NULL),
(447, 227, 58, 5316, 2, NULL),
(448, 228, 4, 5321, 211, NULL),
(449, 229, 43, 5322, 11, NULL),
(450, 229, 89, 5323, 11, NULL),
(451, 230, 45, 5324, 31, NULL),
(452, 231, 83, 5325, 4, NULL),
(453, 232, 47, 5326, 31, NULL),
(454, 232, 83, 5327, 11, NULL),
(455, 232, 90, 5328, 31, NULL),
(456, 233, 20, 5329, 11, NULL),
(457, 233, 29, 5239, 11, NULL),
(458, 234, 10, 5330, 49, NULL),
(459, 234, 72, 5326, 31, NULL),
(460, 235, 28, 5235, 6, NULL),
(461, 236, 27, 5331, 20, NULL),
(462, 236, 45, 5332, 82, NULL),
(463, 236, 53, 5333, 20, NULL),
(464, 236, 69, 5334, 20, NULL),
(465, 237, 77, 5334, 20, NULL),
(466, 238, 32, 5335, 6, NULL),
(467, 238, 55, 5335, 6, NULL),
(468, 238, 72, 5235, 6, NULL),
(469, 238, 79, 5235, 6, NULL),
(470, 238, 83, 5235, 6, NULL),
(471, 239, 39, 5336, 82, NULL),
(472, 239, 54, 5336, 82, NULL),
(473, 239, 74, 5337, 47, NULL),
(474, 240, 36, 5338, 6, NULL),
(475, 241, 39, 5339, 8, NULL),
(476, 241, 45, 5340, 13, NULL),
(477, 242, 16, 5341, 31, NULL),
(478, 242, 34, 5342, 31, NULL),
(479, 242, 43, 5343, 4, NULL),
(480, 242, 89, 5341, 31, NULL),
(481, 243, 16, 5344, 8, NULL),
(482, 243, 35, 5342, 31, NULL),
(483, 243, 52, 5345, 8, NULL),
(484, 243, 66, 5346, 8, NULL),
(485, 243, 72, 5346, 8, NULL),
(486, 244, 35, 5347, 13, NULL),
(487, 244, 52, 5348, 13, NULL),
(488, 244, 90, 5343, 4, NULL),
(489, 245, 44, 5349, 4, NULL),
(490, 245, 90, 5350, 4, NULL),
(491, 246, 18, 5328, 31, NULL),
(492, 247, 8, 5351, 26, NULL),
(493, 247, 31, 5352, 50, NULL),
(494, 247, 47, 5353, 50, NULL),
(495, 247, 75, 5354, 26, NULL),
(496, 248, 26, 5355, 7, NULL),
(497, 248, 52, 5356, 7, NULL),
(498, 249, 39, 5355, 7, NULL),
(499, 249, 66, 5357, 7, NULL),
(500, 249, 73, 5268, 7, NULL),
(501, 250, 4, 5358, 18, NULL),
(502, 250, 37, 5359, 26, NULL),
(503, 250, 59, 5354, 26, NULL),
(504, 250, 81, 5354, 26, NULL),
(505, 251, 15, 5358, 18, NULL),
(506, 251, 41, 5358, 18, NULL),
(507, 251, 44, 5358, 18, NULL),
(508, 251, 46, 5360, 50, NULL),
(509, 251, 72, 5358, 18, NULL),
(510, 251, 75, 5358, 18, NULL),
(511, 251, 81, 5361, 18, NULL),
(512, 252, 23, 5362, 26, NULL),
(513, 252, 46, 5355, 7, NULL),
(514, 253, 61, 5316, 2, NULL),
(515, 254, 51, 5363, 1, NULL),
(516, 254, 56, 5364, 1, NULL),
(517, 254, 85, 5365, 56, NULL),
(518, 254, 90, 5366, 56, NULL),
(519, 255, 14, 5364, 1, NULL),
(520, 255, 48, 5316, 2, NULL),
(521, 257, 19, 5367, 1, NULL),
(522, 257, 66, 5368, 1, NULL),
(523, 257, 67, 5369, 68, NULL),
(524, 257, 71, 5368, 1, NULL),
(525, 258, 12, 5316, 2, NULL),
(526, 258, 20, 5370, 2, NULL),
(527, 258, 37, 5316, 2, NULL),
(528, 258, 52, 5212, 56, NULL),
(529, 258, 63, 5365, 56, NULL),
(530, 259, 2, 5235, 6, NULL),
(531, 259, 44, 5235, 6, NULL),
(532, 259, 60, 5371, 6, NULL),
(533, 259, 90, 5235, 6, NULL),
(534, 260, 21, 5372, 45, NULL),
(535, 260, 43, 5373, 45, NULL),
(536, 260, 55, 5374, 45, NULL),
(537, 261, 8, 5375, 45, NULL),
(538, 261, 21, 5376, 6, NULL),
(539, 261, 28, 5376, 6, NULL),
(540, 262, 5, 5377, 73, NULL),
(541, 262, 55, 5377, 73, NULL),
(542, 262, 66, 5378, 73, NULL),
(543, 262, 90, 5379, 73, NULL),
(544, 263, 45, 5380, 45, NULL),
(545, 263, 90, 5373, 45, NULL),
(546, 264, 61, 5377, 73, NULL),
(547, 264, 90, 5381, 73, NULL),
(548, 265, 12, 5382, 65, NULL),
(549, 266, 85, 5271, 57, NULL),
(550, 267, 69, 5383, 9, NULL),
(551, 268, 44, 5384, 19, NULL),
(552, 268, 66, 5384, 19, NULL),
(553, 268, 84, 5385, 65, NULL),
(554, 269, 48, 5386, 9, NULL),
(555, 269, 58, 5387, 19, NULL),
(556, 271, 11, 5388, 12, NULL),
(557, 272, 6, 5389, 75, NULL),
(558, 272, 50, 5390, 15, NULL),
(559, 272, 86, 5391, 15, NULL),
(560, 273, 65, 5392, 12, NULL),
(561, 274, 8, 5171, 75, NULL),
(562, 274, 27, 5393, 77, NULL),
(563, 274, 45, 5389, 75, NULL),
(564, 275, 5, 5394, 75, NULL),
(565, 276, 42, 5309, 15, NULL),
(566, 276, 46, 5395, 77, NULL),
(567, 276, 79, 5396, 15, NULL),
(568, 277, 78, 5397, 9, NULL),
(569, 278, 25, 5398, 212, NULL),
(570, 278, 39, 5399, 212, NULL),
(571, 278, 50, 5400, 212, NULL),
(572, 278, 61, 5401, 13, NULL),
(573, 278, 78, 5398, 212, NULL),
(574, 278, 90, 5402, 212, NULL),
(575, 279, 11, 5403, 9, NULL),
(576, 280, 30, 5399, 212, NULL),
(577, 281, 10, 5397, 9, NULL),
(578, 281, 78, 5273, 9, NULL),
(579, 282, 52, 5404, 40, NULL),
(580, 282, 65, 5405, 40, NULL),
(581, 282, 85, 5406, 13, NULL),
(582, 283, 65, 5353, 50, NULL),
(583, 284, 41, 5407, 31, NULL),
(584, 284, 54, 5407, 31, NULL),
(585, 285, 76, 5360, 50, NULL),
(586, 285, 86, 5360, 50, NULL),
(587, 285, 88, 5408, 31, NULL),
(588, 286, 27, 5409, 6, NULL),
(589, 286, 79, 5410, 6, NULL),
(590, 287, 62, 5411, 6, NULL),
(591, 287, 68, 5408, 31, NULL),
(592, 288, 20, 5412, 213, NULL),
(593, 288, 29, 5413, 213, NULL),
(594, 288, 52, 5414, 213, NULL),
(595, 288, 63, 5415, 213, NULL),
(596, 289, 40, 5416, 7, NULL),
(597, 289, 63, 5416, 7, NULL),
(598, 289, 79, 5359, 26, NULL),
(599, 290, 49, 5417, 34, NULL),
(600, 291, 33, 5418, 7, NULL),
(601, 292, 11, 5419, 22, NULL),
(602, 292, 80, 5420, 22, NULL),
(603, 292, 86, 5421, 26, NULL),
(604, 293, 82, 5418, 7, NULL),
(605, 294, 32, 5422, 26, NULL),
(606, 294, 75, 5423, 34, NULL),
(607, 294, 87, 5424, 34, NULL),
(608, 295, 50, 5425, 4, NULL),
(609, 295, 85, 5426, 4, NULL),
(610, 296, 28, 5427, 214, NULL),
(611, 296, 39, 5316, 214, NULL),
(612, 296, 55, 5428, 211, NULL),
(613, 296, 64, 5427, 214, NULL),
(614, 296, 70, 5429, 214, NULL),
(615, 297, 73, 5428, 211, NULL),
(616, 298, 35, 5429, 214, NULL),
(617, 298, 36, 5316, 214, NULL),
(618, 298, 46, 5430, 67, NULL),
(619, 298, 47, 5427, 214, NULL),
(620, 298, 59, 5431, 214, NULL),
(621, 298, 75, 5429, 214, NULL),
(622, 299, 5, 5432, 211, NULL),
(623, 299, 9, 5433, 211, NULL),
(624, 299, 22, 5434, 67, NULL),
(625, 299, 46, 5433, 211, NULL),
(626, 299, 90, 5333, 211, NULL),
(627, 300, 88, 5435, 214, NULL),
(628, 300, 90, 5436, 4, NULL),
(629, 301, 53, 5388, 12, NULL),
(630, 301, 64, 5437, 12, NULL),
(631, 303, 15, 5438, 12, NULL),
(632, 303, 22, 5439, 12, NULL),
(633, 303, 47, 5440, 12, NULL),
(634, 303, 73, 5441, 5, NULL),
(635, 304, 23, 5442, 1, NULL),
(636, 304, 43, 5443, 56, NULL),
(637, 304, 61, 5442, 1, NULL),
(638, 304, 81, 5442, 1, NULL),
(639, 305, 27, 5442, 1, NULL),
(640, 305, 29, 5444, 12, NULL),
(641, 305, 38, 5445, 1, NULL),
(642, 306, 90, 5446, 5, NULL),
(643, 307, 9, 5447, 11, NULL),
(644, 307, 73, 5448, 65, NULL),
(645, 308, 58, 5449, 15, NULL),
(646, 308, 83, 5450, 24, NULL),
(647, 311, 11, 5451, 15, NULL),
(648, 311, 71, 5452, 65, NULL),
(649, 312, 58, 5453, 11, NULL),
(650, 313, 43, 5454, 9, NULL),
(651, 313, 85, 5381, 73, NULL),
(652, 314, 6, 5455, 6, NULL),
(653, 314, 18, 5456, 6, NULL),
(654, 314, 46, 5455, 6, NULL),
(655, 314, 73, 5457, 56, NULL),
(656, 315, 6, 5454, 9, NULL),
(657, 315, 34, 5371, 6, NULL),
(658, 316, 11, 5458, 73, NULL),
(659, 316, 70, 5459, 56, NULL),
(660, 317, 17, 5454, 9, NULL),
(661, 317, 62, 5460, 56, NULL),
(662, 317, 73, 5454, 9, NULL),
(663, 317, 82, 5461, 9, NULL),
(664, 317, 89, 5462, 56, NULL),
(665, 318, 3, 5455, 6, NULL),
(666, 318, 76, 5410, 6, NULL),
(667, 319, 23, 5463, 19, NULL),
(668, 319, 39, 5464, 19, NULL),
(669, 319, 45, 5465, 12, NULL),
(670, 320, 35, 5466, 54, NULL),
(671, 321, 3, 5467, 19, NULL),
(672, 321, 85, 5466, 54, NULL),
(673, 322, 16, 5439, 12, NULL),
(674, 322, 21, 5468, 12, NULL),
(675, 322, 59, 5469, 100, NULL),
(676, 323, 54, 5463, 19, NULL),
(677, 324, 30, 5470, 12, NULL),
(678, 324, 50, 5471, 54, NULL),
(679, 324, 59, 5472, 12, NULL),
(680, 324, 76, 5471, 54, NULL),
(681, 325, 79, 5473, 16, NULL),
(682, 326, 2, 5474, 213, NULL),
(683, 326, 4, 5475, 213, NULL),
(684, 326, 24, 5476, 213, NULL),
(685, 326, 66, 5477, 213, NULL),
(686, 326, 73, 5478, 213, NULL),
(687, 326, 80, 5479, 213, NULL),
(688, 327, 53, 5480, 213, NULL),
(689, 327, 62, 5481, 16, NULL),
(690, 328, 2, 5482, 44, NULL),
(691, 328, 75, 5483, 44, NULL),
(692, 329, 58, 5484, 213, NULL),
(693, 329, 74, 5414, 213, NULL),
(694, 330, 29, 5485, 16, NULL),
(695, 330, 62, 5486, 16, NULL),
(696, 330, 84, 5487, 16, NULL),
(697, 331, 62, 5488, 7, NULL),
(698, 332, 6, 5489, 84, NULL),
(699, 332, 59, 5490, 27, NULL),
(700, 333, 66, 5416, 7, NULL),
(701, 334, 2, 5491, 1, NULL),
(702, 334, 18, 5363, 1, NULL),
(703, 334, 47, 5492, 84, NULL),
(704, 335, 15, 5416, 7, NULL),
(705, 335, 42, 5493, 7, NULL),
(706, 335, 87, 5416, 7, NULL),
(707, 336, 15, 5494, 1, NULL),
(708, 336, 68, 5494, 1, NULL),
(709, 336, 70, 5495, 1, NULL),
(710, 337, 4, 5496, 5, NULL),
(711, 337, 84, 5497, 214, NULL),
(712, 338, 57, 5498, 23, NULL),
(713, 339, 18, 5499, 22, NULL),
(714, 339, 22, 5429, 214, NULL),
(715, 339, 50, 5497, 214, NULL),
(716, 340, 11, 5498, 23, NULL),
(717, 340, 41, 5500, 23, NULL),
(718, 340, 45, 5501, 5, NULL),
(719, 340, 52, 5289, 23, NULL),
(720, 340, 67, 5498, 23, NULL),
(721, 340, 80, 5498, 23, NULL),
(722, 340, 88, 5502, 23, NULL),
(723, 342, 43, 5502, 23, NULL),
(724, 342, 62, 5503, 23, NULL),
(725, 344, 75, 5504, 3, NULL),
(726, 346, 68, 5505, 72, NULL),
(727, 347, 19, 5506, 77, NULL),
(728, 347, 27, 5506, 77, NULL),
(729, 347, 62, 5507, 77, NULL),
(730, 347, 79, 5508, 3, NULL),
(731, 348, 9, 5447, 11, NULL),
(732, 348, 14, 5447, 11, NULL),
(733, 348, 34, 5447, 11, NULL);

--
-- Dumping data for table `match`
--

INSERT INTO `match` (`id`, `hometeam_id`, `awayteam_id`, `competition_id`, `date`) VALUES
(1, 7, 20, 1, '2014-06-12 22:00:00'),
(2, 19, 50, 1, '2014-06-13 18:00:00'),
(3, 7, 19, 1, '2014-06-17 21:00:00'),
(4, 50, 20, 1, '2014-06-19 00:00:00'),
(5, 50, 7, 1, '2014-06-23 22:00:00'),
(6, 20, 19, 1, '2014-06-23 22:00:00'),
(7, 1, 15, 1, '2014-06-13 21:00:00'),
(8, 14, 60, 1, '2014-06-14 00:00:00'),
(9, 60, 15, 1, '2014-06-18 18:00:00'),
(10, 1, 14, 1, '2014-06-18 21:00:00'),
(11, 60, 1, 1, '2014-06-23 18:00:00'),
(12, 15, 14, 1, '2014-06-23 18:00:00'),
(13, 4, 10, 1, '2014-06-14 18:00:00'),
(14, 21, 47, 1, '2014-06-15 03:00:00'),
(15, 4, 21, 1, '2014-06-19 18:00:00'),
(16, 47, 10, 1, '2014-06-20 00:00:00'),
(17, 47, 4, 1, '2014-06-24 22:00:00'),
(18, 10, 21, 1, '2014-06-24 22:00:00'),
(19, 5, 34, 1, '2014-06-14 21:00:00'),
(20, 11, 9, 1, '2014-06-15 00:00:00'),
(21, 5, 11, 1, '2014-06-19 21:00:00'),
(22, 9, 34, 1, '2014-06-20 18:00:00'),
(23, 34, 11, 1, '2014-06-24 18:00:00'),
(24, 9, 5, 1, '2014-06-24 18:00:00'),
(25, 8, 28, 1, '2014-06-15 18:00:00'),
(26, 16, 32, 1, '2014-06-15 21:00:00'),
(27, 8, 16, 1, '2014-06-20 21:00:00'),
(28, 32, 28, 1, '2014-06-21 00:00:00'),
(29, 32, 8, 1, '2014-06-25 22:00:00'),
(30, 28, 16, 1, '2014-06-25 22:00:00'),
(31, 6, 25, 1, '2014-06-16 00:00:00'),
(32, 37, 45, 1, '2014-06-16 21:00:00'),
(33, 6, 37, 1, '2014-06-21 18:00:00'),
(34, 45, 25, 1, '2014-06-22 00:00:00'),
(35, 45, 6, 1, '2014-06-25 18:00:00'),
(36, 25, 37, 1, '2014-06-25 18:00:00'),
(37, 2, 3, 1, '2014-06-16 18:00:00'),
(38, 38, 13, 1, '2014-06-17 00:00:00'),
(39, 2, 38, 1, '2014-06-21 21:00:00'),
(40, 13, 3, 1, '2014-06-23 00:00:00'),
(41, 3, 38, 1, '2014-06-26 18:00:00'),
(42, 13, 2, 1, '2014-06-26 18:00:00'),
(43, 12, 27, 1, '2014-06-17 18:00:00'),
(44, 18, 56, 1, '2014-06-18 00:00:00'),
(45, 12, 18, 1, '2014-06-22 18:00:00'),
(46, 56, 27, 1, '2014-06-22 21:00:00'),
(47, 27, 18, 1, '2014-06-26 22:00:00'),
(48, 56, 12, 1, '2014-06-26 22:00:00'),
(49, 66, 19, 2, '2010-06-11 00:00:00'),
(50, 5, 16, 2, '2010-06-11 00:00:00'),
(51, 66, 5, 2, '2010-06-16 00:00:00'),
(52, 16, 19, 2, '2010-06-17 00:00:00'),
(53, 16, 66, 2, '2010-06-22 00:00:00'),
(54, 19, 5, 2, '2010-06-22 00:00:00'),
(55, 56, 10, 2, '2010-06-12 00:00:00'),
(56, 6, 45, 2, '2010-06-12 00:00:00'),
(57, 6, 56, 2, '2010-06-17 00:00:00'),
(58, 10, 45, 2, '2010-06-17 00:00:00'),
(59, 10, 6, 2, '2010-06-22 00:00:00'),
(60, 45, 56, 2, '2010-06-22 00:00:00'),
(61, 11, 13, 2, '2010-06-12 00:00:00'),
(62, 27, 29, 2, '2010-06-13 00:00:00'),
(63, 29, 13, 2, '2010-06-18 00:00:00'),
(64, 11, 27, 2, '2010-06-18 00:00:00'),
(65, 29, 11, 2, '2010-06-23 00:00:00'),
(66, 13, 27, 2, '2010-06-23 00:00:00'),
(67, 30, 38, 2, '2010-06-13 00:00:00'),
(68, 2, 60, 2, '2010-06-13 00:00:00'),
(69, 2, 30, 2, '2010-06-18 00:00:00'),
(70, 38, 60, 2, '2010-06-19 00:00:00'),
(71, 38, 2, 2, '2010-06-23 00:00:00'),
(72, 60, 30, 2, '2010-06-23 00:00:00'),
(73, 15, 23, 2, '2010-06-14 00:00:00'),
(74, 47, 50, 2, '2010-06-14 00:00:00'),
(75, 15, 47, 2, '2010-06-19 00:00:00'),
(76, 50, 23, 2, '2010-06-19 00:00:00'),
(77, 50, 15, 2, '2010-06-24 00:00:00'),
(78, 23, 47, 2, '2010-06-24 00:00:00'),
(79, 9, 54, 2, '2010-06-14 00:00:00'),
(80, 111, 46, 2, '2010-06-15 00:00:00'),
(81, 46, 54, 2, '2010-06-20 00:00:00'),
(82, 9, 111, 2, '2010-06-20 00:00:00'),
(83, 54, 111, 2, '2010-06-24 00:00:00'),
(84, 46, 9, 2, '2010-06-24 00:00:00'),
(85, 21, 3, 2, '2010-06-15 00:00:00'),
(86, 7, 137, 2, '2010-06-15 00:00:00'),
(87, 7, 21, 2, '2010-06-20 00:00:00'),
(88, 3, 137, 2, '2010-06-21 00:00:00'),
(89, 137, 21, 2, '2010-06-25 00:00:00'),
(90, 3, 7, 2, '2010-06-25 00:00:00'),
(91, 32, 14, 2, '2010-06-16 00:00:00'),
(92, 1, 8, 2, '2010-06-16 00:00:00'),
(93, 14, 8, 2, '2010-06-21 00:00:00'),
(94, 1, 32, 2, '2010-06-21 00:00:00'),
(95, 14, 1, 2, '2010-06-25 00:00:00'),
(96, 8, 32, 2, '2010-06-25 00:00:00'),
(97, 2, 34, 3, '2006-06-09 00:00:00'),
(98, 72, 28, 3, '2006-06-09 00:00:00'),
(99, 2, 72, 3, '2006-06-14 00:00:00'),
(100, 28, 34, 3, '2006-06-15 00:00:00'),
(101, 34, 72, 3, '2006-06-20 00:00:00'),
(102, 28, 2, 3, '2006-06-20 00:00:00'),
(103, 11, 54, 3, '2006-06-10 00:00:00'),
(104, 76, 26, 3, '2006-06-10 00:00:00'),
(105, 11, 76, 3, '2006-06-15 00:00:00'),
(106, 26, 54, 3, '2006-06-15 00:00:00'),
(107, 54, 76, 3, '2006-06-20 00:00:00'),
(108, 26, 11, 3, '2006-06-20 00:00:00'),
(109, 6, 21, 3, '2006-06-10 00:00:00'),
(110, 210, 15, 3, '2006-06-11 00:00:00'),
(111, 6, 210, 3, '2006-06-16 00:00:00'),
(112, 15, 21, 3, '2006-06-16 00:00:00'),
(113, 21, 210, 3, '2006-06-21 00:00:00'),
(114, 15, 6, 3, '2006-06-21 00:00:00'),
(115, 19, 37, 3, '2006-06-11 00:00:00'),
(116, 94, 3, 3, '2006-06-11 00:00:00'),
(117, 19, 94, 3, '2006-06-16 00:00:00'),
(118, 3, 37, 3, '2006-06-17 00:00:00'),
(119, 3, 19, 3, '2006-06-21 00:00:00'),
(120, 37, 94, 3, '2006-06-21 00:00:00'),
(121, 13, 36, 3, '2006-06-12 00:00:00'),
(122, 9, 38, 3, '2006-06-12 00:00:00'),
(123, 36, 38, 3, '2006-06-17 00:00:00'),
(124, 9, 13, 3, '2006-06-17 00:00:00'),
(125, 36, 9, 3, '2006-06-22 00:00:00'),
(126, 38, 13, 3, '2006-06-22 00:00:00'),
(127, 60, 47, 3, '2006-06-12 00:00:00'),
(128, 7, 20, 3, '2006-06-13 00:00:00'),
(129, 47, 20, 3, '2006-06-18 00:00:00'),
(130, 7, 60, 3, '2006-06-18 00:00:00'),
(131, 47, 7, 3, '2006-06-22 00:00:00'),
(132, 20, 60, 3, '2006-06-22 00:00:00'),
(133, 56, 89, 3, '2006-06-13 00:00:00'),
(134, 16, 8, 3, '2006-06-13 00:00:00'),
(135, 16, 56, 3, '2006-06-18 00:00:00'),
(136, 89, 8, 3, '2006-06-19 00:00:00'),
(137, 8, 56, 3, '2006-06-23 00:00:00'),
(138, 89, 16, 3, '2006-06-23 00:00:00'),
(139, 1, 17, 3, '2006-06-14 00:00:00'),
(140, 49, 75, 3, '2006-06-14 00:00:00'),
(141, 75, 17, 3, '2006-06-19 00:00:00'),
(142, 1, 49, 3, '2006-06-19 00:00:00'),
(143, 17, 49, 3, '2006-06-23 00:00:00'),
(144, 75, 1, 3, '2006-06-23 00:00:00'),
(145, 16, 63, 4, '2002-05-31 00:00:00'),
(146, 5, 23, 4, '2002-06-01 00:00:00'),
(147, 23, 63, 4, '2002-06-06 00:00:00'),
(148, 16, 5, 4, '2002-06-06 00:00:00'),
(149, 23, 16, 4, '2002-06-11 00:00:00'),
(150, 63, 5, 4, '2002-06-11 00:00:00'),
(151, 54, 66, 4, '2002-06-02 00:00:00'),
(152, 1, 29, 4, '2002-06-02 00:00:00'),
(153, 1, 54, 4, '2002-06-07 00:00:00'),
(154, 66, 29, 4, '2002-06-08 00:00:00'),
(155, 66, 1, 4, '2002-06-12 00:00:00'),
(156, 29, 54, 4, '2002-06-12 00:00:00'),
(157, 7, 39, 4, '2002-06-03 00:00:00'),
(158, 96, 34, 4, '2002-06-04 00:00:00'),
(159, 7, 96, 4, '2002-06-08 00:00:00'),
(160, 34, 39, 4, '2002-06-09 00:00:00'),
(161, 39, 96, 4, '2002-06-13 00:00:00'),
(162, 34, 7, 4, '2002-06-13 00:00:00'),
(163, 56, 72, 4, '2002-06-04 00:00:00'),
(164, 13, 3, 4, '2002-06-05 00:00:00'),
(165, 56, 13, 4, '2002-06-10 00:00:00'),
(166, 3, 72, 4, '2002-06-10 00:00:00'),
(167, 72, 13, 4, '2002-06-14 00:00:00'),
(168, 3, 56, 4, '2002-06-14 00:00:00'),
(169, 65, 50, 4, '2002-06-01 00:00:00'),
(170, 2, 75, 4, '2002-06-01 00:00:00'),
(171, 2, 65, 4, '2002-06-05 00:00:00'),
(172, 50, 75, 4, '2002-06-06 00:00:00'),
(173, 75, 65, 4, '2002-06-11 00:00:00'),
(174, 50, 2, 4, '2002-06-11 00:00:00'),
(175, 6, 45, 4, '2002-06-02 00:00:00'),
(176, 11, 26, 4, '2002-06-02 00:00:00'),
(177, 26, 45, 4, '2002-06-07 00:00:00'),
(178, 6, 11, 4, '2002-06-07 00:00:00'),
(179, 26, 6, 4, '2002-06-12 00:00:00'),
(180, 45, 11, 4, '2002-06-12 00:00:00'),
(181, 20, 19, 4, '2002-06-03 00:00:00'),
(182, 9, 28, 4, '2002-06-03 00:00:00'),
(183, 9, 20, 4, '2002-06-08 00:00:00'),
(184, 19, 28, 4, '2002-06-09 00:00:00'),
(185, 28, 20, 4, '2002-06-13 00:00:00'),
(186, 19, 9, 4, '2002-06-13 00:00:00'),
(187, 47, 12, 4, '2002-06-04 00:00:00'),
(188, 18, 49, 4, '2002-06-05 00:00:00'),
(189, 47, 18, 4, '2002-06-09 00:00:00'),
(190, 49, 12, 4, '2002-06-10 00:00:00'),
(191, 49, 47, 4, '2002-06-14 00:00:00'),
(192, 12, 18, 4, '2002-06-14 00:00:00'),
(193, 7, 22, 5, '1998-06-10 00:00:00'),
(194, 77, 57, 5, '1998-06-10 00:00:00'),
(195, 22, 57, 5, '1998-06-16 00:00:00'),
(196, 7, 77, 5, '1998-06-16 00:00:00'),
(197, 22, 77, 5, '1998-06-23 00:00:00'),
(198, 7, 57, 5, '1998-06-23 00:00:00'),
(199, 9, 14, 5, '1998-06-11 00:00:00'),
(200, 50, 40, 5, '1998-06-11 00:00:00'),
(201, 14, 40, 5, '1998-06-17 00:00:00'),
(202, 9, 50, 5, '1998-06-17 00:00:00'),
(203, 14, 50, 5, '1998-06-23 00:00:00'),
(204, 9, 40, 5, '1998-06-23 00:00:00'),
(205, 75, 23, 5, '1998-06-12 00:00:00'),
(206, 16, 66, 5, '1998-06-12 00:00:00'),
(207, 66, 23, 5, '1998-06-18 00:00:00'),
(208, 16, 75, 5, '1998-06-18 00:00:00'),
(209, 66, 75, 5, '1998-06-24 00:00:00'),
(210, 16, 23, 5, '1998-06-24 00:00:00'),
(211, 54, 73, 5, '1998-06-12 00:00:00'),
(212, 1, 45, 5, '1998-06-13 00:00:00'),
(213, 45, 73, 5, '1998-06-19 00:00:00'),
(214, 1, 54, 5, '1998-06-19 00:00:00'),
(215, 1, 73, 5, '1998-06-24 00:00:00'),
(216, 45, 54, 5, '1998-06-24 00:00:00'),
(217, 56, 19, 5, '1998-06-13 00:00:00'),
(218, 15, 12, 5, '1998-06-13 00:00:00'),
(219, 12, 19, 5, '1998-06-20 00:00:00'),
(220, 15, 56, 5, '1998-06-20 00:00:00'),
(221, 15, 19, 5, '1998-06-25 00:00:00'),
(222, 12, 56, 5, '1998-06-25 00:00:00'),
(223, 211, 37, 5, '1998-06-14 00:00:00'),
(224, 2, 13, 5, '1998-06-15 00:00:00'),
(225, 2, 211, 5, '1998-06-21 00:00:00'),
(226, 13, 37, 5, '1998-06-21 00:00:00'),
(227, 2, 37, 5, '1998-06-25 00:00:00'),
(228, 13, 211, 5, '1998-06-25 00:00:00'),
(229, 11, 49, 5, '1998-06-15 00:00:00'),
(230, 31, 4, 5, '1998-06-15 00:00:00'),
(231, 4, 49, 5, '1998-06-22 00:00:00'),
(232, 31, 11, 5, '1998-06-22 00:00:00'),
(233, 4, 11, 5, '1998-06-26 00:00:00'),
(234, 31, 49, 5, '1998-06-26 00:00:00'),
(235, 6, 47, 5, '1998-06-14 00:00:00'),
(236, 82, 20, 5, '1998-06-14 00:00:00'),
(237, 47, 20, 5, '1998-06-20 00:00:00'),
(238, 6, 82, 5, '1998-06-21 00:00:00'),
(239, 47, 82, 5, '1998-06-26 00:00:00'),
(240, 6, 20, 5, '1998-06-26 00:00:00'),
(241, 13, 8, 6, '1994-06-18 00:00:00'),
(242, 4, 31, 6, '1994-06-19 00:00:00'),
(243, 31, 8, 6, '1994-06-22 00:00:00'),
(244, 13, 4, 6, '1994-06-23 00:00:00'),
(245, 8, 4, 6, '1994-06-27 00:00:00'),
(246, 13, 31, 6, '1994-06-27 00:00:00'),
(247, 50, 26, 6, '1994-06-20 00:00:00'),
(248, 7, 18, 6, '1994-06-21 00:00:00'),
(249, 7, 50, 6, '1994-06-25 00:00:00'),
(250, 26, 18, 6, '1994-06-25 00:00:00'),
(251, 18, 50, 6, '1994-06-29 00:00:00'),
(252, 7, 26, 6, '1994-06-29 00:00:00'),
(253, 2, 68, 6, '1994-06-17 00:00:00'),
(254, 1, 56, 6, '1994-06-18 00:00:00'),
(255, 2, 1, 6, '1994-06-21 00:00:00'),
(256, 56, 68, 6, '1994-06-24 00:00:00'),
(257, 68, 1, 6, '1994-06-27 00:00:00'),
(258, 2, 56, 6, '1994-06-27 00:00:00'),
(259, 6, 10, 6, '1994-06-21 00:00:00'),
(260, 45, 73, 6, '1994-06-22 00:00:00'),
(261, 6, 45, 6, '1994-06-25 00:00:00'),
(262, 73, 10, 6, '1994-06-26 00:00:00'),
(263, 10, 45, 6, '1994-07-01 00:00:00'),
(264, 6, 73, 6, '1994-07-01 00:00:00'),
(265, 9, 65, 6, '1994-06-18 00:00:00'),
(266, 57, 19, 6, '1994-06-19 00:00:00'),
(267, 9, 57, 6, '1994-06-23 00:00:00'),
(268, 19, 65, 6, '1994-06-24 00:00:00'),
(269, 9, 19, 6, '1994-06-28 00:00:00'),
(270, 65, 57, 6, '1994-06-28 00:00:00'),
(271, 12, 77, 6, '1994-06-19 00:00:00'),
(272, 15, 75, 6, '1994-06-21 00:00:00'),
(273, 12, 15, 6, '1994-06-25 00:00:00'),
(274, 75, 77, 6, '1994-06-25 00:00:00'),
(275, 12, 75, 6, '1994-06-29 00:00:00'),
(276, 77, 15, 6, '1994-06-29 00:00:00'),
(277, 9, 40, 7, '1990-06-09 00:00:00'),
(278, 13, 212, 7, '1990-06-10 00:00:00'),
(279, 9, 13, 7, '1990-06-14 00:00:00'),
(280, 40, 212, 7, '1990-06-15 00:00:00'),
(281, 9, 212, 7, '1990-06-19 00:00:00'),
(282, 40, 13, 7, '1990-06-19 00:00:00'),
(283, 6, 50, 7, '1990-06-08 00:00:00'),
(284, 213, 31, 7, '1990-06-09 00:00:00'),
(285, 50, 31, 7, '1990-06-14 00:00:00'),
(286, 6, 213, 7, '1990-06-14 00:00:00'),
(287, 6, 31, 7, '1990-06-18 00:00:00'),
(288, 50, 213, 7, '1990-06-18 00:00:00'),
(289, 7, 26, 7, '1990-06-10 00:00:00'),
(290, 34, 22, 7, '1990-06-11 00:00:00'),
(291, 7, 34, 7, '1990-06-16 00:00:00'),
(292, 26, 22, 7, '1990-06-16 00:00:00'),
(293, 7, 22, 7, '1990-06-20 00:00:00'),
(294, 26, 34, 7, '1990-06-20 00:00:00'),
(295, 67, 4, 7, '1990-06-09 00:00:00'),
(296, 214, 211, 7, '1990-06-10 00:00:00'),
(297, 211, 4, 7, '1990-06-14 00:00:00'),
(298, 214, 67, 7, '1990-06-15 00:00:00'),
(299, 211, 67, 7, '1990-06-19 00:00:00'),
(300, 214, 4, 7, '1990-06-19 00:00:00'),
(301, 12, 56, 7, '1990-06-12 00:00:00'),
(302, 5, 1, 7, '1990-06-13 00:00:00'),
(303, 12, 5, 7, '1990-06-17 00:00:00'),
(304, 56, 1, 7, '1990-06-17 00:00:00'),
(305, 12, 1, 7, '1990-06-21 00:00:00'),
(306, 56, 5, 7, '1990-06-21 00:00:00'),
(307, 11, 65, 7, '1990-06-11 00:00:00'),
(308, 15, 24, 7, '1990-06-12 00:00:00'),
(309, 11, 15, 7, '1990-06-16 00:00:00'),
(310, 65, 24, 7, '1990-06-17 00:00:00'),
(311, 65, 15, 7, '1990-06-21 00:00:00'),
(312, 11, 24, 7, '1990-06-21 00:00:00'),
(313, 73, 9, 8, '1986-05-31 00:00:00'),
(314, 6, 56, 8, '1986-06-02 00:00:00'),
(315, 9, 6, 8, '1986-06-05 00:00:00'),
(316, 56, 73, 8, '1986-06-05 00:00:00'),
(317, 56, 9, 8, '1986-06-10 00:00:00'),
(318, 6, 73, 8, '1986-06-10 00:00:00'),
(319, 12, 19, 8, '1986-06-03 00:00:00'),
(320, 54, 100, 8, '1986-06-04 00:00:00'),
(321, 19, 54, 8, '1986-06-07 00:00:00'),
(322, 100, 12, 8, '1986-06-08 00:00:00'),
(323, 100, 19, 8, '1986-06-11 00:00:00'),
(324, 54, 12, 8, '1986-06-11 00:00:00'),
(325, 110, 16, 8, '1986-06-01 00:00:00'),
(326, 213, 44, 8, '1986-06-02 00:00:00'),
(327, 16, 213, 8, '1986-06-05 00:00:00'),
(328, 44, 110, 8, '1986-06-06 00:00:00'),
(329, 213, 110, 8, '1986-06-09 00:00:00'),
(330, 44, 16, 8, '1986-06-09 00:00:00'),
(331, 1, 7, 8, '1986-06-01 00:00:00'),
(332, 27, 84, 8, '1986-06-03 00:00:00'),
(333, 7, 27, 8, '1986-06-06 00:00:00'),
(334, 84, 1, 8, '1986-06-07 00:00:00'),
(335, 84, 7, 8, '1986-06-12 00:00:00'),
(336, 27, 1, 8, '1986-06-12 00:00:00'),
(337, 5, 214, 8, '1986-06-04 00:00:00'),
(338, 22, 23, 8, '1986-06-04 00:00:00'),
(339, 214, 22, 8, '1986-06-08 00:00:00'),
(340, 23, 5, 8, '1986-06-08 00:00:00'),
(341, 22, 5, 8, '1986-06-13 00:00:00'),
(342, 23, 214, 8, '1986-06-13 00:00:00'),
(343, 77, 72, 8, '1986-06-02 00:00:00'),
(344, 3, 11, 8, '1986-06-03 00:00:00'),
(345, 11, 77, 8, '1986-06-06 00:00:00'),
(346, 72, 3, 8, '1986-06-07 00:00:00'),
(347, 3, 77, 8, '1986-06-11 00:00:00'),
(348, 11, 72, 8, '1986-06-11 00:00:00');

--
-- Dumping data for table `teamPerCompetition`
--

INSERT INTO `teamPerCompetition` (`team_id`, `competition_id`) VALUES
(1, 1),
(1, 2),
(1, 3),
(1, 4),
(1, 5),
(1, 6),
(1, 7),
(1, 8),
(2, 1),
(2, 2),
(2, 3),
(2, 4),
(2, 5),
(2, 6),
(3, 1),
(3, 2),
(3, 3),
(3, 4),
(3, 8),
(4, 1),
(4, 5),
(4, 6),
(4, 7),
(5, 1),
(5, 2),
(5, 4),
(5, 7),
(5, 8),
(6, 1),
(6, 2),
(6, 3),
(6, 4),
(6, 5),
(6, 6),
(6, 7),
(6, 8),
(7, 1),
(7, 2),
(7, 3),
(7, 4),
(7, 5),
(7, 6),
(7, 7),
(7, 8),
(8, 1),
(8, 2),
(8, 3),
(8, 6),
(9, 1),
(9, 2),
(9, 3),
(9, 4),
(9, 5),
(9, 6),
(9, 7),
(9, 8),
(10, 1),
(10, 2),
(10, 6),
(11, 1),
(11, 2),
(11, 3),
(11, 4),
(11, 5),
(11, 7),
(11, 8),
(12, 1),
(12, 4),
(12, 5),
(12, 6),
(12, 7),
(12, 8),
(13, 1),
(13, 2),
(13, 3),
(13, 4),
(13, 5),
(13, 6),
(13, 7),
(14, 1),
(14, 2),
(14, 5),
(15, 1),
(15, 2),
(15, 3),
(15, 5),
(15, 6),
(15, 7),
(16, 1),
(16, 2),
(16, 3),
(16, 4),
(16, 5),
(16, 8),
(17, 3),
(18, 1),
(18, 4),
(18, 6),
(19, 1),
(19, 2),
(19, 3),
(19, 4),
(19, 5),
(19, 6),
(19, 8),
(20, 1),
(20, 3),
(20, 4),
(20, 5),
(21, 1),
(21, 2),
(21, 3),
(22, 5),
(22, 7),
(22, 8),
(23, 2),
(23, 4),
(23, 5),
(23, 8),
(24, 7),
(25, 1),
(26, 3),
(26, 4),
(26, 6),
(26, 7),
(27, 1),
(27, 2),
(27, 8),
(28, 1),
(28, 3),
(28, 4),
(29, 2),
(29, 4),
(30, 2),
(31, 5),
(31, 6),
(31, 7),
(32, 1),
(32, 2),
(34, 1),
(34, 3),
(34, 4),
(34, 7),
(36, 3),
(37, 1),
(37, 3),
(37, 5),
(38, 1),
(38, 2),
(38, 3),
(39, 4),
(40, 5),
(40, 7),
(44, 8),
(45, 1),
(45, 2),
(45, 4),
(45, 5),
(45, 6),
(46, 2),
(47, 1),
(47, 2),
(47, 3),
(47, 4),
(47, 5),
(49, 3),
(49, 4),
(49, 5),
(50, 1),
(50, 2),
(50, 4),
(50, 5),
(50, 6),
(50, 7),
(54, 2),
(54, 3),
(54, 4),
(54, 5),
(54, 8),
(56, 1),
(56, 2),
(56, 3),
(56, 4),
(56, 5),
(56, 6),
(56, 7),
(56, 8),
(57, 5),
(57, 6),
(60, 1),
(60, 2),
(60, 3),
(63, 4),
(65, 4),
(65, 6),
(65, 7),
(66, 2),
(66, 4),
(66, 5),
(67, 7),
(68, 6),
(72, 3),
(72, 4),
(72, 8),
(73, 5),
(73, 6),
(73, 8),
(75, 3),
(75, 4),
(75, 5),
(75, 6),
(76, 3),
(77, 5),
(77, 6),
(77, 8),
(82, 5),
(84, 8),
(89, 3),
(94, 3),
(96, 4),
(100, 8),
(110, 8),
(111, 2),
(137, 2),
(210, 3),
(211, 5),
(211, 7),
(212, 7),
(213, 7),
(213, 8),
(214, 7),
(214, 8);

/*!40101 SET CHARACTER_SET_CLIENT=@OLD_CHARACTER_SET_CLIENT */;
/*!40101 SET CHARACTER_SET_RESULTS=@OLD_CHARACTER_SET_RESULTS */;
/*!40101 SET COLLATION_CONNECTION=@OLD_COLLATION_CONNECTION */;
