-- phpMyAdmin SQL Dump
-- version 3.5.8.2
-- http://www.phpmyadmin.net
--
-- Host: localhost
-- Generation Time: May 05, 2014 at 04:02 PM
-- Server version: 5.5.36-MariaDB
-- PHP Version: 5.5.11

SET SQL_MODE="NO_AUTO_VALUE_ON_ZERO";
SET time_zone = "+00:00";


/*!40101 SET @OLD_CHARACTER_SET_CLIENT=@@CHARACTER_SET_CLIENT */;
/*!40101 SET @OLD_CHARACTER_SET_RESULTS=@@CHARACTER_SET_RESULTS */;
/*!40101 SET @OLD_COLLATION_CONNECTION=@@COLLATION_CONNECTION */;
/*!40101 SET NAMES utf8 */;

--
-- Database: `coachcenter`
--

--
-- Dumping data for table `coach`
--

INSERT INTO `coach` (`id`, `name`) VALUES
(1, 'Vicente Del Bosque'),
(2, 'Joachim Löw'),
(3, 'Paulo Jorge Gomes Bento'),
(4, 'José Néstor Pekerman'),
(5, 'Óscar Washington Tabárez Silva'),
(6, 'Alejandro Javier Sabella'),
(7, 'Luiz Elena Felipe Scolari'),
(8, 'Ottmar Hitzfeld'),
(9, 'Claudio Cesare Prandelli'),
(10, 'Fernando Manuel Fernandes da Costa Santos'),
(11, 'Roy Hodgson'),
(12, 'Marc Wilmots'),
(13, 'Jürgen Klinsmann'),
(14, 'Jorge Luis Sampaoli Moya'),
(15, 'Louis van Gaal'),
(16, 'Didier Deschamps'),
(17, 'Mikhail Ivanovich Fomenko'),
(18, 'Fabio Capello'),
(19, 'Miguel Ernesto Herrera Aguirre'),
(20, 'Niko Kovač'),
(21, 'Sabri Lamouchi'),
(22, 'Gordon Strachan'),
(23, 'Morten Olsen'),
(24, 'Shawky Garib'),
(25, 'Safet Sušić'),
(26, 'Erik Hamrén'),
(27, 'Vahid Halilhodžić'),
(28, 'Reinaldo Rueda Rivera'),
(29, 'Srečko Katanec'),
(30, 'Ljubinko Drulović'),
(31, 'Victor Piţurcă'),
(32, 'Luis Fernando Suárez Guzman'),
(33, 'Bernard Challandes'),
(34, 'Jorge Luis Pinto Afanador'),
(35, 'Julio César Dely Valdés'),
(36, 'Pavel Vrba'),
(37, 'Carlos Manuel Brito Leal Queiróz'),
(38, 'James Kwasi Appiah'),
(39, 'Fatih Terim'),
(40, 'Marcel Koller'),
(41, 'Manuel Plasencia'),
(42, 'Felisberto Cardoso'),
(43, 'Pablo Javier Bengoechea Dutra'),
(44, 'Attila Pintér'),
(45, 'Stephen Okechukwu Keshi'),
(46, 'Jan Kozák'),
(47, 'Alberto Zaccheroni'),
(48, 'Chris Coleman'),
(49, 'Georges Leekens'),
(50, 'Volker Finke'),
(51, 'Michel Dussuyer'),
(52, 'Mika Matti ''Mixu'' Paatelainen'),
(53, 'Mirjalol Qosimov'),
(54, 'Víctor Genes'),
(55, 'Branko Brnović'),
(56, 'Myung-Bo Hong'),
(57, 'Per-Mathias Høgmo'),
(58, 'Lars Lagerbäck'),
(59, 'Henryk Kasperczak'),
(60, 'Angelos Postecoglou'),
(61, 'Paul Put'),
(62, 'Javier Clemente Lazaro'),
(63, 'Alain Giresse'),
(64, 'Hossam Hassan Hussein'),
(65, 'Martin O''Neill'),
(66, 'Gordon Igesund'),
(67, 'Mahdi Ali Hassan Redha'),
(68, 'Alberto Agustin Castillo Gallardo'),
(69, 'Giovanni ''Gianni'' De Biasi'),
(70, 'Johnny McKinstry'),
(71, 'Adam Nawałka'),
(72, 'Lyuboslav Penev'),
(73, 'Patrice Beaumelle'),
(74, 'Juan Ramón López Caro'),
(75, 'Stephen Hart'),
(76, 'Hassan Benabicha'),
(77, 'Eli Guttmann'),
(78, 'Antonio Israel Blake Cantero'),
(79, 'Boško Đurovski'),
(80, 'Paul Le Guen'),
(81, 'Winfried Schäfer'),
(82, 'Georgi Kondratjev'),
(83, 'Michael Andrew Martin O''Neill'),
(84, 'Berti Vogts'),
(85, 'Milutin Sredojević'),
(86, 'Stéphane Bounguendza'),
(87, 'Jean-Santos Muntubile Ndiela'),
(88, 'Didier Six'),
(89, 'Walter Benitez'),
(90, 'Claude Le Roy'),
(91, 'Magnus Pehrsson'),
(92, 'Romeu Filemon'),
(93, 'Djamel Belmadi'),
(94, 'Alain Perrin'),
(95, 'Didier Ollé-Nicolle'),
(96, 'Ian Gorowa'),
(97, 'Ion Caras'),
(98, 'Hakeem Shakir Al Azzawi'),
(99, 'Mariano Barreto'),
(100, 'Raymond Domenech'),
(101, 'Temur Ketsbaia'),
(102, 'Igoris Pankratjevas'),
(103, 'Anthony Hudson'),
(104, 'Adel Amrouche'),
(105, 'Hervé Lougoundji'),
(106, 'Jorvan Vieira'),
(107, 'Marians Pahars'),
(108, 'Benito Floro Sanz'),
(109, 'Neil Emblen'),
(110, 'Luc Holtz'),
(111, 'Andoni Goikoetxea Olaskoaga'),
(112, 'João Chissano'),
(113, 'Giuseppe Giannini'),
(114, 'Van Phuc Hoang'),
(115, 'Mohamed Abdallah Ahmed'),
(116, 'Yury Krasnozhan'),
(117, 'Frank Jericho Nagbe'),
(118, 'Ricardo Mannetti'),
(119, 'Kim Poulsen'),
(120, 'Mohammad Yousef Kargar'),
(121, 'Sergio Enrique Pardo Valenzuela'),
(122, 'Lotfy Naseem'),
(123, 'Clemente Domingo Hernández Heres'),
(124, 'Pietro Ghedin'),
(125, 'Pambos Christodoulou'),
(126, 'Roberto Gödeken'),
(127, 'Eric Nshimiyimana'),
(128, 'Peter Pierre Benoit Johnson'),
(129, 'Ahmad Al Shaar'),
(130, 'Nikola Kavazović'),
(131, 'Clark John'),
(132, 'Cornelius Bernard Huggins'),
(133, 'Alain Moizan'),
(134, 'Jong-Su Yun'),
(135, 'Rolston Williams'),
(136, 'Kiatisuk Senamuang'),
(137, 'Francis Lastic'),
(138, 'Ong Kim Swee'),
(139, 'Ian Andrew Mork'),
(140, 'Thomas Dooley'),
(141, 'Bernd Stange'),
(142, 'Wim Koevermans'),
(143, 'Sergey Dvoryankov'),
(144, 'Jeaustin Campos Madriz'),
(145, 'Rene Pauritsch'),
(146, 'Alfred Riedl'),
(147, 'Patrice Neveu'),
(148, 'István Urbányi'),
(149, 'Jeffrey Hazel'),
(150, 'Giovanni Francesco Zacharias Franken'),
(151, 'Ýazguly Hojageldiýew'),
(152, 'Eddy Etaeta'),
(153, 'Pan-Gon Kim'),
(154, 'Jack Stefanowski'),
(155, 'Ronnie Gustave'),
(156, 'Mohammed Al Shamlan'),
(157, 'Colin Forde'),
(158, 'Lodewijk de Kruif'),
(159, 'Jamal Mahmoud Abed Mahmoud'),
(160, 'Lars Christian Olsen'),
(161, 'Gustave Clément Nyoumba'),
(162, 'Enrique Llena León'),
(163, 'Andrew Bascome'),
(164, 'Modou Kouta'),
(165, 'Kuei-jen Chen'),
(166, 'Gary John White'),
(167, 'Jacob Moli'),
(168, 'Cláudio Roberto Silveira'),
(169, 'Kokichi Kimura'),
(170, 'Radojko Avramović'),
(171, 'Akbar Ebrahim Patel'),
(172, 'Jan Mak'),
(173, 'Ludwig Alberto'),
(174, 'Harris Bulunga'),
(175, 'Sami Hasan Saleh Al Hadi Al Nash'),
(176, 'Percy Avock'),
(177, 'Juan Carlos Buzzetti'),
(178, 'Malo Vaga'),
(179, 'Ali Mbaé Camara'),
(180, 'Kevin Davies'),
(181, 'Sandagdorj Erdenebat'),
(182, 'Kenny Dyer'),
(183, 'Franck Rajaonarisamba'),
(184, 'Sovannara Prak'),
(185, 'Oh-Son Kwon'),
(186, 'Emerson Ricardo Alcântara'),
(187, 'Chris Williams'),
(188, 'Eustace Bailey'),
(189, 'Carl Brown'),
(190, 'Avondale Williams'),
(191, 'Thomas Rongen'),
(192, 'Jesús Luis Álvarez de Eulate'),
(193, 'Negash Teklit Negassi'),
(194, 'Zoran Đorđević'),
(195, 'Alfred Imonje'),
(196, 'Sui Wing Leung'),
(197, 'Noureddine Gharsalli'),
(198, 'Shane Rufer'),
(199, 'Colin Johnson'),
(200, 'Kazunori Ohara');

--
-- Dumping data for table `competition`
--

INSERT INTO `competition` (`id`, `name`) VALUES
(1, 'World Cup 2014 Brazil'),
(2, 'World Cup 2010 South Africa'),
(3, 'World Cup 2006 Germany'),
(4, 'World Cup 2002 Korea Rep/Japan'),
(5, 'World Cup 1998 France'),
(6, 'World Cup 1994 USA'),
(7, 'World Cup 1990 Italy'),
(8, 'World Cup 1986 Mexico');

--
-- Dumping data for table `continent`
--

INSERT INTO `continent` (`id`, `name`) VALUES
(1, 'Asia'),
(2, 'Europe'),
(3, 'Africa'),
(4, 'Oceania'),
(5, 'Americas'),
(6, 'Antarctica'),
(7, 'Atlantic Ocean'),
(8, 'Indian Ocean');

--
-- Dumping data for table `country`
--

INSERT INTO `country` (`id`, `name`, `continent_id`, `abbreviation`) VALUES
(1, 'Afghanistan', 1, 'af'),
(2, 'Albania', 2, 'al'),
(3, 'Algeria', 3, 'dz'),
(4, 'American Samoa', 4, 'as'),
(5, 'Andorra', 2, 'ad'),
(6, 'Angola', 3, 'ao'),
(7, 'Anguilla', 5, 'ai'),
(8, 'Antigua and Barbuda', 5, 'ag'),
(9, 'Argentina', 5, 'ar'),
(10, 'Armenia', 1, 'am'),
(11, 'Aruba', 5, 'aw'),
(12, 'Australia', 4, 'au'),
(13, 'Austria', 2, 'at'),
(14, 'Azerbaijan', 1, 'az'),
(15, 'Bahamas', 5, 'bs'),
(16, 'Bahrain', 1, 'bh'),
(17, 'Bangladesh', 1, 'bd'),
(18, 'Barbados', 5, 'bb'),
(19, 'Belarus', 2, 'by'),
(20, 'Belgium', 2, 'be'),
(21, 'Belize', 5, 'bz'),
(22, 'Benin', 3, 'bj'),
(23, 'Bermuda', 5, 'bm'),
(24, 'Bhutan', 1, 'bt'),
(25, 'Bolivia', 5, 'bo'),
(26, 'Bosnia and Herzegovina', 2, 'ba'),
(27, 'Botswana', 3, 'bw'),
(28, 'Brazil', 5, 'br'),
(29, 'British Virgin Islands', 5, 'vg'),
(30, 'Brunei Darussalam', 1, 'bn'),
(31, 'Bulgaria', 2, 'bg'),
(32, 'Burkina Faso', 3, 'bf'),
(33, 'Burundi', 3, 'bi'),
(34, 'Cambodia', 1, 'kh'),
(35, 'Cameroon', 3, 'cm'),
(36, 'Canada', 5, 'ca'),
(37, 'Cape Verde Islands', 3, 'cv'),
(38, 'Cayman Islands', 5, 'ky'),
(39, 'Central African Republic', 3, 'cf'),
(40, 'Chad', 3, 'td'),
(41, 'Chile', 5, 'cl'),
(42, 'China PR', 1, 'cn'),
(43, 'Christmas Island', 1, 'cx'),
(44, 'Cocos (Keeling) Islands', 1, 'cc'),
(45, 'Colombia', 5, 'co'),
(46, 'Comoros', 3, 'km'),
(47, 'Congo', 3, 'cg'),
(48, 'Cook Islands', 4, 'ck'),
(49, 'Costa Rica', 5, 'cr'),
(50, 'Cote d''Ivoire', 3, 'ci'),
(51, 'Croatia', 2, 'hr'),
(52, 'Cuba', 5, 'cu'),
(53, 'Cyprus', 1, 'cy'),
(54, 'Czech Republic', 2, 'cz'),
(55, 'Denmark', 2, 'dk'),
(56, 'Djibouti', 3, 'dj'),
(57, 'Dominica', 5, 'dm'),
(58, 'Dominican Republic', 5, 'do'),
(59, 'Ecuador', 5, 'ec'),
(60, 'Egypt', 3, 'eg'),
(61, 'El Salvador', 5, 'sv'),
(62, 'Equatorial Guinea', 3, 'gq'),
(63, 'Eritrea', 3, 'er'),
(64, 'Estonia', 2, 'ee'),
(65, 'Ethiopia', 3, 'et'),
(66, 'Falkland Islands (Islas Malvinas)', 5, 'fk'),
(67, 'Faroe Islands', 2, 'fo'),
(68, 'Fiji', 4, 'fj'),
(69, 'Finland', 2, 'fi'),
(70, 'France', 2, 'fr'),
(71, 'French Guiana', 5, 'gf'),
(72, 'Tahiti', 4, 'pf'),
(73, 'Gabon', 3, 'ga'),
(74, 'Gambia', 3, 'gm'),
(75, 'Georgia', 1, 'ge'),
(76, 'Germany', 2, 'de'),
(77, 'Ghana', 3, 'gh'),
(78, 'Gibraltar', 2, 'gi'),
(79, 'Greece', 2, 'gr'),
(80, 'Greenland', 5, 'gl'),
(81, 'Grenada', 5, 'gd'),
(82, 'Guadeloupe', 5, 'gp'),
(83, 'Guam', 4, 'gu'),
(84, 'Guatemala', 5, 'gt'),
(85, 'Guernsey', 2, 'gg'),
(86, 'Guinea', 3, 'gn'),
(87, 'Guinea-Bissau', 3, 'gw'),
(88, 'Guyana', 5, 'gy'),
(89, 'Haiti', 5, 'ht'),
(90, 'Holy See (Vatican City)', 2, 'va'),
(91, 'Honduras', 5, 'hn'),
(92, 'Hungary', 2, 'hu'),
(93, 'Iceland', 2, 'is'),
(94, 'India', 1, 'in'),
(95, 'Indonesia', 1, 'id'),
(96, 'Iran', 1, 'ir'),
(97, 'Iraq', 1, 'iq'),
(98, 'Republic of Ireland', 2, 'ie'),
(99, 'Israel', 1, 'il'),
(100, 'Italy', 2, 'it'),
(101, 'Jamaica', 5, 'jm'),
(102, 'Jan Mayen', 2, 'sj'),
(103, 'Japan', 1, 'jp'),
(104, 'Jersey', 2, 'je'),
(105, 'Jordan', 1, 'jo'),
(106, 'Kazakhstan', 1, 'kz'),
(107, 'Kenya', 3, 'ke'),
(108, 'Kiribati', 4, 'ki'),
(109, 'Korea DPR', 1, 'kp'),
(110, 'Korea Republic', 1, 'kr'),
(111, 'Kuwait', 1, 'kw'),
(112, 'Kyrgyzstan', 1, 'kg'),
(113, 'Laos', 1, 'la'),
(114, 'Latvia', 2, 'lv'),
(115, 'Lebanon', 1, 'lb'),
(116, 'Lesotho', 3, 'ls'),
(117, 'Liberia', 3, 'lr'),
(118, 'Libya', 3, 'ly'),
(119, 'Liechtenstein', 2, 'li'),
(120, 'Lithuania', 2, 'lt'),
(121, 'Luxembourg', 2, 'lu'),
(122, 'Macedonia FYR', 2, 'mk'),
(123, 'Madagascar', 3, 'mg'),
(124, 'Malawi', 3, 'mw'),
(125, 'Malaysia', 1, 'my'),
(126, 'Maldives', 1, 'mv'),
(127, 'Mali', 3, 'ml'),
(128, 'Malta', 2, 'mt'),
(129, 'Man, Isle of', 2, 'im'),
(130, 'Marshall Islands', 4, 'mh'),
(131, 'Martinique', 5, 'mq'),
(132, 'Mauritania', 3, 'mr'),
(133, 'Mauritius', 3, 'mu'),
(134, 'Mayotte', 3, 'yt'),
(135, 'Mexico', 5, 'mx'),
(136, 'Micronesia, Federated States of', 4, 'fm'),
(137, 'Moldova', 2, 'md'),
(138, 'Monaco', 2, 'mc'),
(139, 'Mongolia', 1, 'mn'),
(140, 'Montserrat', 5, 'ms'),
(141, 'Morocco', 3, 'ma'),
(142, 'Mozambique', 3, 'mz'),
(143, 'Myanmar', 1, 'mz'),
(144, 'Namibia', 3, 'na'),
(145, 'Nauru', 4, 'nr'),
(146, 'Nepal', 1, 'np'),
(147, 'Netherlands', 2, 'nl'),
(148, 'Netherlands Antilles', 5, 'an'),
(149, 'New Caledonia', 4, 'nc'),
(150, 'New Zealand', 4, 'nz'),
(151, 'Nicaragua', 5, 'ni'),
(152, 'Niger', 3, 'ne'),
(153, 'Nigeria', 3, 'ng'),
(154, 'Niue', 4, 'nu'),
(155, 'Norfolk Island', 4, 'nf'),
(156, 'Northern Mariana Islands', 4, 'mp'),
(157, 'Norway', 2, 'no'),
(158, 'Oman', 1, 'om'),
(159, 'Pakistan', 1, 'pk'),
(160, 'Palau', 4, 'pw'),
(161, 'Palestine', 1, 'ps'),
(162, 'Panama', 5, 'pa'),
(163, 'Papua New Guinea', 4, 'pg'),
(164, 'Paraguay', 5, 'py'),
(165, 'Peru', 5, 'pe'),
(166, 'Philippines', 1, 'ph'),
(167, 'Pitcairn Islands', 4, 'pn'),
(168, 'Poland', 2, 'pl'),
(169, 'Portugal', 2, 'pt'),
(170, 'Puerto Rico', 5, 'pr'),
(171, 'Qatar', 1, 'qa'),
(172, 'Reunion', 3, 're'),
(173, 'Romania', 2, 'ro'),
(174, 'Russia', 1, 'ru'),
(175, 'Rwanda', 3, 'rw'),
(176, 'St. Kitts and Nevis', 5, 'kn'),
(177, 'St. Lucia', 5, 'lc'),
(178, 'Saint Pierre and Miquelon', 5, 'pm'),
(179, 'St. Vincent and the Grenadines', 5, 'vc'),
(180, 'San Marino', 2, 'sm'),
(181, 'São Tomé e Príncipe', 3, 'st'),
(182, 'Saudi Arabia', 1, 'sa'),
(183, 'Senegal', 3, 'sn'),
(184, 'Serbia and Montenegro', 2, 'cs'),
(185, 'Seychelles', 3, 'sc'),
(186, 'Sierra Leone', 3, 'sl'),
(187, 'Singapore', 1, 'sg'),
(188, 'Slovakia', 2, 'sk'),
(189, 'Slovenia', 2, 'si'),
(190, 'Solomon Islands', 4, 'sb'),
(191, 'Somalia', 3, 'so'),
(192, 'South Africa', 3, 'za'),
(193, 'Spain', 2, 'es'),
(194, 'Sri Lanka', 1, 'lk'),
(195, 'Sudan', 3, 'sd'),
(196, 'Suriname', 5, 'sr'),
(197, 'Svalbard', 2, 'sj'),
(198, 'Swaziland', 3, 'sz'),
(199, 'Sweden', 2, 'se'),
(200, 'Switzerland', 2, 'ch'),
(201, 'Syria', 1, 'sy'),
(202, 'Chinese Taipei', 1, ''),
(203, 'Tajikistan', 1, 'tj'),
(204, 'Tanzania', 3, 'tz'),
(205, 'Thailand', 1, 'th'),
(206, 'Togo', 3, 'tg'),
(207, 'Tokelau', 4, 'tk'),
(208, 'Tonga', 4, 'to'),
(209, 'Trinidad and Tobago', 5, 'tt'),
(210, 'Tunisia', 3, 'tn'),
(211, 'Turkey', 1, 'tr'),
(212, 'Turkmenistan', 1, 'tm'),
(213, 'Turks and Caicos Islands', 5, 'tc'),
(214, 'Tuvalu', 4, 'tv'),
(215, 'Uganda', 3, 'ug'),
(216, 'Ukraine', 2, 'ua'),
(217, 'United Arab Emirates', 1, 'ae'),
(218, 'United Kingdom', 2, 'gb'),
(219, 'USA', 5, 'us'),
(220, 'Uruguay', 5, 'uy'),
(221, 'Uzbekistan', 1, 'uz'),
(222, 'Vanuatu', 4, 'vu'),
(223, 'Venezuela', 5, 've'),
(224, 'Vietnam', 1, 'vn'),
(225, 'US Virgin Islands', 5, 'vi'),
(226, 'Wallis and Futuna', 4, 'wf'),
(227, 'Western Sahara', 3, 'eh'),
(228, 'Western Samoa', 4, 'ws'),
(229, 'Yemen', 1, 'ye'),
(230, 'Congo DR', 3, 'cd'),
(231, 'Zambia', 3, 'zm'),
(232, 'Zimbabwe', 3, 'zw'),
(233, 'Hong Kong', 1, 'hk'),
(234, 'Macao', 1, 'mo'),
(235, 'Antarctica', 6, 'aq'),
(236, 'Bouvet Island', 7, 'bv'),
(237, 'British Indian Ocean Territory', 1, 'io'),
(238, 'Timor-Leste', 1, 'tl'),
(239, 'France, Metropolitan', 2, 'fx'),
(240, 'French Southern and Antarctic Lands', 8, 'tf'),
(241, 'Heard Island and McDonald Islands', 8, 'hm'),
(242, 'Montenegro', 2, 'me'),
(243, 'Saint Helena', 7, 'sh'),
(244, 'South Georgia and the South Sandwich Islands', 7, 'gs'),
(245, 'United States Minor Outlying Islands', 4, 'um'),
(246, 'Yugoslavia', 2, 'yu'),
(247, 'England', 2, 'engl'),
(248, 'Serbia', 2, 'rs'),
(249, 'Montenegro', 2, 'me'),
(250, 'Scotland', 2, 'scot'),
(251, 'Wales', 2, 'wale'),
(252, 'Northern Ireland', 2, 'ie'),
(253, 'South Sudan', 3, 'ss'),
(254, 'Samoa', 4, 'ws'),
(255, 'Curaçao', 5, 'cw'),
(256, 'Serbia and Montenegro', 2, 'cs'),
(257, 'Yugoslavia', 2, 'yu'),
(258, 'Czechoslovakia ', 2, 'cs'),
(259, 'USSR', 2, 'su'),
(260, 'West Germany', 2, 'de');

--
-- Dumping data for table `goal`
--

INSERT INTO `goal` (`id`, `match_id`, `time`, `player_id`, `team_id`, `penaltyphase`) VALUES
(1, 49, 55, 1513, 66, NULL),
(2, 49, 79, 423, 19, NULL),
(3, 51, 24, 107, 5, NULL),
(4, 51, 80, 107, 5, NULL),
(5, 51, 90, 97, 5, NULL),
(6, 52, 64, 5070, 19, NULL),
(7, 52, 79, 5071, 19, NULL),
(8, 53, 20, 1498, 66, NULL),
(9, 53, 37, 5072, 66, NULL),
(10, 53, 70, 5073, 16, NULL),
(11, 54, 43, 109, 5, NULL),
(12, 55, 7, 5074, 56, NULL),
(13, 55, 52, 5075, 56, NULL),
(14, 56, 6, 5076, 6, NULL),
(15, 57, 16, 1278, 6, NULL),
(16, 57, 33, 132, 6, NULL),
(17, 57, 45, 1272, 56, NULL),
(18, 57, 76, 132, 6, NULL),
(19, 57, 80, 132, 6, NULL),
(20, 58, 16, 5077, 45, NULL),
(21, 58, 44, 220, 10, NULL),
(22, 58, 71, 208, 10, NULL),
(23, 59, 77, 5079, 6, NULL),
(24, 59, 89, 5080, 6, NULL),
(25, 60, 12, 5077, 45, NULL),
(26, 60, 38, 5074, 56, NULL),
(27, 60, 49, 1278, 56, NULL),
(28, 60, 69, 5078, 45, NULL),
(29, 61, 4, 237, 11, NULL),
(30, 61, 40, 292, 13, NULL),
(31, 62, 79, 5081, 29, NULL),
(32, 63, 13, 660, 29, NULL),
(33, 63, 42, 5082, 29, NULL),
(34, 63, 48, 293, 13, NULL),
(35, 63, 82, 286, 13, NULL),
(36, 65, 23, 245, 11, NULL),
(37, 66, 90, 293, 13, NULL),
(38, 67, 84, 854, 38, NULL),
(39, 68, 8, 42, 2, NULL),
(40, 68, 26, 40, 2, NULL),
(41, 68, 67, 5083, 2, NULL),
(42, 68, 70, 5084, 2, NULL),
(43, 69, 38, 5085, 30, NULL),
(44, 70, 12, 1359, 60, NULL),
(45, 70, 25, 854, 38, NULL),
(46, 71, 60, 37, 2, NULL),
(47, 72, 69, 1357, 60, NULL),
(48, 72, 73, 1359, 60, NULL),
(49, 72, 84, 5086, 30, NULL),
(50, 73, 46, 515, 15, NULL),
(51, 73, 85, 341, 15, NULL),
(52, 74, 39, 1076, 47, NULL),
(53, 75, 53, 336, 15, NULL),
(54, 76, 10, 1146, 50, NULL),
(55, 76, 33, 529, 23, NULL),
(56, 76, 61, 5087, 23, NULL),
(57, 77, 36, 342, 15, NULL),
(58, 77, 65, 1146, 50, NULL),
(59, 77, 83, 340, 15, NULL),
(60, 78, 17, 1076, 47, NULL),
(61, 78, 30, 1071, 47, NULL),
(62, 78, 81, 5088, 23, NULL),
(63, 78, 87, 1074, 47, NULL),
(64, 79, 39, 5089, 54, NULL),
(65, 79, 63, 5090, 9, NULL),
(66, 80, 50, 5091, 46, NULL),
(67, 80, 90, 5092, 111, NULL),
(68, 81, 27, 5093, 54, NULL),
(69, 81, 86, 1233, 54, NULL),
(70, 82, 7, 5094, 111, NULL),
(71, 82, 29, 5095, 9, NULL),
(72, 84, 25, 5091, 46, NULL),
(73, 84, 73, 5091, 46, NULL),
(74, 84, 81, 5096, 9, NULL),
(75, 84, 89, 5097, 46, NULL),
(76, 84, 90, 5098, 9, NULL),
(77, 86, 55, 5099, 7, NULL),
(78, 86, 72, 5100, 7, NULL),
(79, 86, 89, 5101, 137, NULL),
(80, 87, 25, 5102, 7, NULL),
(81, 87, 50, 5102, 7, NULL),
(82, 87, 62, 5100, 7, NULL),
(83, 87, 79, 478, 21, NULL),
(84, 88, 29, 60, 3, NULL),
(85, 88, 53, 5103, 3, NULL),
(86, 88, 56, 5104, 3, NULL),
(87, 88, 60, 5105, 3, NULL),
(88, 88, 81, 5106, 3, NULL),
(89, 88, 87, 62, 3, NULL),
(90, 88, 89, 5105, 3, NULL),
(91, 89, 14, 474, 21, NULL),
(92, 89, 20, 471, 21, NULL),
(93, 89, 82, 480, 21, NULL),
(94, 91, 34, 306, 14, NULL),
(95, 92, 52, 166, 8, NULL),
(96, 93, 75, 5107, 14, NULL),
(97, 94, 17, 5108, 1, NULL),
(98, 94, 51, 5108, 1, NULL),
(99, 95, 24, 5108, 1, NULL),
(100, 95, 37, 15, 1, NULL),
(101, 95, 47, 5109, 14, NULL),
(102, 97, 6, 28, 2, NULL),
(103, 97, 12, 5110, 34, NULL),
(104, 97, 17, 40, 2, NULL),
(105, 97, 61, 40, 2, NULL),
(106, 97, 73, 5110, 34, NULL),
(107, 97, 87, 5111, 2, NULL),
(108, 98, 24, 5112, 28, NULL),
(109, 98, 80, 5113, 28, NULL),
(110, 99, 90, 5114, 2, NULL),
(111, 100, 8, 5112, 28, NULL),
(112, 100, 54, 5113, 28, NULL),
(113, 100, 90, 5115, 28, NULL),
(114, 101, 25, 5116, 34, NULL),
(115, 101, 33, 5117, 72, NULL),
(116, 101, 66, 5117, 72, NULL),
(117, 102, 4, 40, 2, NULL),
(118, 102, 44, 40, 2, NULL),
(119, 102, 57, 42, 2, NULL),
(120, 103, 3, 5118, 11, NULL),
(121, 105, 83, 5119, 11, NULL),
(122, 105, 90, 237, 11, NULL),
(123, 106, 89, 5120, 26, NULL),
(124, 107, 25, 5121, 54, NULL),
(125, 107, 86, 5122, 54, NULL),
(126, 108, 34, 5123, 11, NULL),
(127, 108, 51, 5124, 26, NULL),
(128, 108, 85, 237, 11, NULL),
(129, 108, 90, 5125, 26, NULL),
(130, 109, 24, 5126, 6, NULL),
(131, 109, 38, 5127, 6, NULL),
(132, 109, 82, 478, 21, NULL),
(133, 110, 18, 334, 15, NULL),
(134, 111, 6, 129, 6, NULL),
(135, 111, 31, 5128, 6, NULL),
(136, 111, 41, 129, 6, NULL),
(137, 111, 78, 5126, 6, NULL),
(138, 111, 84, 5129, 6, NULL),
(139, 111, 88, 134, 6, NULL),
(140, 112, 23, 342, 15, NULL),
(141, 112, 27, 5130, 15, NULL),
(142, 112, 38, 5131, 21, NULL),
(143, 113, 10, 5132, 210, NULL),
(144, 113, 20, 5133, 210, NULL),
(145, 113, 37, 5134, 21, NULL),
(146, 113, 67, 5134, 21, NULL),
(147, 113, 86, 5135, 21, NULL),
(148, 115, 28, 5136, 19, NULL),
(149, 115, 36, 5137, 37, NULL),
(150, 115, 76, 5136, 19, NULL),
(151, 115, 79, 5138, 19, NULL),
(152, 116, 4, 5139, 3, NULL),
(153, 118, 63, 5140, 3, NULL),
(154, 118, 80, 62, 3, NULL),
(155, 119, 6, 5143, 3, NULL),
(156, 119, 24, 5103, 3, NULL),
(157, 119, 29, 5144, 19, NULL),
(158, 120, 60, 5141, 94, NULL),
(159, 120, 75, 5142, 37, NULL),
(160, 121, 5, 5145, 36, NULL),
(161, 121, 36, 827, 36, NULL),
(162, 121, 76, 827, 36, NULL),
(163, 122, 40, 195, 9, NULL),
(164, 122, 83, 5095, 9, NULL),
(165, 123, 2, 854, 38, NULL),
(166, 123, 82, 850, 38, NULL),
(167, 124, 22, 198, 9, NULL),
(168, 124, 27, 5146, 13, NULL),
(169, 125, 26, 5147, 9, NULL),
(170, 125, 87, 5148, 9, NULL),
(171, 126, 22, 5149, 38, NULL),
(172, 126, 43, 292, 13, NULL),
(173, 126, 45, 5150, 38, NULL),
(174, 127, 26, 5151, 47, NULL),
(175, 127, 84, 1357, 60, NULL),
(176, 127, 89, 1357, 60, NULL),
(177, 127, 90, 5152, 60, NULL),
(178, 128, 44, 5153, 7, NULL),
(179, 130, 49, 5154, 7, NULL),
(180, 130, 90, 151, 7, NULL),
(181, 131, 34, 5158, 47, NULL),
(182, 131, 45, 5159, 7, NULL),
(183, 131, 53, 5160, 7, NULL),
(184, 131, 59, 5161, 7, NULL),
(185, 131, 81, 5159, 7, NULL),
(186, 132, 2, 441, 20, NULL),
(187, 132, 38, 5155, 60, NULL),
(188, 132, 56, 5156, 20, NULL),
(189, 132, 79, 5157, 60, NULL),
(190, 133, 31, 5162, 89, NULL),
(191, 133, 54, 5163, 56, NULL),
(192, 133, 72, 5164, 56, NULL),
(193, 135, 9, 5165, 16, NULL),
(194, 135, 81, 5075, 56, NULL),
(195, 136, 16, 5166, 8, NULL),
(196, 136, 88, 163, 8, NULL),
(197, 137, 23, 161, 8, NULL),
(198, 137, 77, 5166, 8, NULL),
(199, 138, 55, 5167, 16, NULL),
(200, 138, 61, 5165, 16, NULL),
(201, 139, 13, 10, 1, NULL),
(202, 139, 17, 5108, 1, NULL),
(203, 139, 48, 5108, 1, NULL),
(204, 139, 81, 5168, 1, NULL),
(205, 140, 23, 5169, 49, NULL),
(206, 140, 57, 5170, 75, NULL),
(207, 140, 84, 5171, 75, NULL),
(208, 140, 90, 5172, 49, NULL),
(209, 141, 4, 5173, 17, NULL),
(210, 141, 36, 5174, 17, NULL),
(211, 141, 46, 5175, 17, NULL),
(212, 141, 84, 5176, 17, NULL),
(213, 142, 8, 5177, 49, NULL),
(214, 142, 71, 5178, 1, NULL),
(215, 142, 76, 5168, 1, NULL),
(216, 142, 90, 5168, 1, NULL),
(217, 143, 70, 5175, 17, NULL),
(218, 144, 36, 5179, 1, NULL),
(219, 145, 30, 5180, 63, NULL),
(220, 146, 45, 5088, 23, NULL),
(221, 146, 47, 5181, 5, NULL),
(222, 146, 83, 5088, 23, NULL),
(223, 147, 16, 5088, 23, NULL),
(224, 147, 52, 5182, 63, NULL),
(225, 149, 22, 5087, 23, NULL),
(226, 149, 67, 5088, 23, NULL),
(227, 150, 20, 5183, 63, NULL),
(228, 150, 26, 5180, 63, NULL),
(229, 150, 38, 5180, 63, NULL),
(230, 150, 46, 5184, 5, NULL),
(231, 150, 69, 107, 5, NULL),
(232, 150, 88, 5185, 5, NULL),
(233, 151, 39, 5186, 54, NULL),
(234, 151, 55, 5187, 54, NULL),
(235, 151, 63, 5188, 66, NULL),
(236, 151, 90, 5189, 66, NULL),
(237, 152, 44, 5178, 1, NULL),
(238, 152, 74, 5190, 1, NULL),
(239, 152, 82, 5191, 29, NULL),
(240, 152, 87, 5192, 1, NULL),
(241, 153, 10, 5193, 54, NULL),
(242, 153, 53, 5194, 1, NULL),
(243, 153, 69, 5194, 1, NULL),
(244, 153, 83, 5192, 1, NULL),
(245, 154, 4, 5195, 66, NULL),
(246, 155, 4, 5178, 1, NULL),
(247, 155, 31, 5196, 66, NULL),
(248, 155, 45, 5197, 1, NULL),
(249, 155, 53, 5198, 66, NULL),
(250, 155, 56, 5178, 1, NULL),
(251, 156, 45, 5199, 29, NULL),
(252, 156, 65, 5122, 54, NULL),
(253, 156, 73, 5200, 54, NULL),
(254, 156, 84, 5122, 54, NULL),
(255, 157, 45, 5201, 39, NULL),
(256, 157, 50, 5159, 7, NULL),
(257, 157, 87, 5202, 7, NULL),
(258, 158, 61, 5116, 34, NULL),
(259, 158, 65, 5203, 34, NULL),
(260, 159, 15, 5204, 7, NULL),
(261, 159, 32, 5202, 7, NULL),
(262, 159, 45, 5205, 7, NULL),
(263, 159, 55, 5159, 7, NULL),
(264, 160, 56, 5206, 39, NULL),
(265, 160, 86, 5207, 34, NULL),
(266, 161, 6, 5201, 39, NULL),
(267, 161, 9, 5208, 39, NULL),
(268, 161, 85, 5209, 39, NULL),
(269, 162, 10, 5159, 7, NULL),
(270, 162, 13, 5159, 7, NULL),
(271, 162, 38, 5210, 7, NULL),
(272, 162, 39, 5110, 34, NULL),
(273, 162, 56, 5116, 34, NULL),
(274, 162, 62, 5202, 7, NULL),
(275, 162, 64, 5211, 7, NULL),
(276, 163, 26, 5212, 56, NULL),
(277, 163, 53, 5213, 56, NULL),
(278, 164, 4, 5214, 13, NULL),
(279, 164, 29, 5215, 13, NULL),
(280, 164, 36, 5216, 13, NULL),
(281, 164, 39, 5217, 3, NULL),
(282, 164, 71, 5218, 3, NULL),
(283, 165, 24, 5219, 13, NULL),
(284, 165, 78, 5164, 56, NULL),
(285, 166, 14, 5139, 3, NULL),
(286, 166, 65, 5139, 3, NULL),
(287, 166, 77, 5139, 3, NULL),
(288, 166, 88, 5220, 3, NULL),
(289, 167, 3, 5221, 72, NULL),
(290, 167, 5, 5222, 72, NULL),
(291, 167, 66, 5223, 72, NULL),
(292, 167, 83, 293, 13, NULL),
(293, 168, 70, 5075, 56, NULL),
(294, 169, 39, 5224, 50, NULL),
(295, 169, 52, 5225, 65, NULL),
(296, 170, 20, 40, 2, NULL),
(297, 170, 25, 40, 2, NULL),
(298, 170, 40, 5226, 2, NULL),
(299, 170, 45, 5227, 2, NULL),
(300, 170, 70, 40, 2, NULL),
(301, 170, 72, 5228, 2, NULL),
(302, 170, 84, 5229, 2, NULL),
(303, 170, 90, 5230, 2, NULL),
(304, 171, 19, 40, 2, NULL),
(305, 171, 90, 5231, 65, NULL),
(306, 172, 66, 1146, 50, NULL),
(307, 173, 7, 5231, 65, NULL),
(308, 173, 61, 5233, 65, NULL),
(309, 173, 87, 5234, 65, NULL),
(310, 174, 50, 5232, 2, NULL),
(311, 174, 79, 40, 2, NULL),
(312, 175, 63, 5235, 6, NULL),
(313, 176, 24, 5236, 11, NULL),
(314, 176, 59, 5237, 26, NULL),
(315, 177, 27, 5238, 45, NULL),
(316, 177, 35, 5125, 26, NULL),
(317, 177, 63, 5125, 26, NULL),
(318, 178, 44, 5239, 11, NULL),
(319, 179, 59, 5240, 26, NULL),
(320, 179, 88, 5126, 6, NULL),
(321, 181, 60, 5071, 19, NULL),
(322, 182, 7, 5241, 9, NULL),
(323, 182, 27, 5241, 9, NULL),
(324, 183, 55, 5241, 9, NULL),
(325, 183, 73, 456, 20, NULL),
(326, 183, 76, 5242, 20, NULL),
(327, 184, 5, 5113, 28, NULL),
(328, 184, 28, 5243, 19, NULL),
(329, 184, 57, 5244, 19, NULL),
(330, 185, 48, 641, 28, NULL),
(331, 186, 34, 5243, 19, NULL),
(332, 186, 85, 5245, 9, NULL),
(333, 187, 57, 5246, 12, NULL),
(334, 187, 59, 5247, 47, NULL),
(335, 187, 67, 5248, 47, NULL),
(336, 187, 75, 5249, 12, NULL),
(337, 188, 59, 5250, 18, NULL),
(338, 188, 64, 5251, 18, NULL),
(339, 189, 51, 5248, 47, NULL),
(340, 190, 13, 5246, 12, NULL),
(341, 190, 17, 5252, 49, NULL),
(342, 191, 48, 5257, 47, NULL),
(343, 191, 75, 5258, 47, NULL),
(344, 192, 7, 5253, 12, NULL),
(345, 192, 52, 5254, 18, NULL),
(346, 192, 78, 5255, 12, NULL),
(347, 192, 82, 5246, 12, NULL),
(348, 192, 88, 5256, 18, NULL),
(349, 193, 5, 5259, 7, NULL),
(350, 193, 38, 5260, 22, NULL),
(351, 193, 73, 5261, 7, NULL),
(352, 194, 38, 5262, 77, NULL),
(353, 194, 45, 5263, 57, NULL),
(354, 194, 59, 5264, 77, NULL),
(355, 194, 60, 5265, 57, NULL),
(356, 195, 46, 5266, 57, NULL),
(357, 195, 66, 5267, 22, NULL),
(358, 196, 9, 5159, 7, NULL),
(359, 196, 45, 5202, 7, NULL),
(360, 196, 50, 5268, 7, NULL),
(361, 197, 23, 5269, 77, NULL),
(362, 197, 47, 5264, 77, NULL),
(363, 197, 85, 5269, 77, NULL),
(364, 198, 78, 5268, 7, NULL),
(365, 198, 83, 5270, 57, NULL),
(366, 198, 89, 5271, 57, NULL),
(367, 199, 10, 5241, 9, NULL),
(368, 199, 45, 5272, 14, NULL),
(369, 199, 49, 5272, 14, NULL),
(370, 199, 85, 5273, 9, NULL),
(371, 200, 77, 5274, 50, NULL),
(372, 200, 90, 5275, 40, NULL),
(373, 201, 70, 5272, 14, NULL),
(374, 201, 90, 5276, 40, NULL),
(375, 202, 7, 5277, 9, NULL),
(376, 202, 75, 5241, 9, NULL),
(377, 202, 89, 5241, 9, NULL),
(378, 203, 20, 5278, 14, NULL),
(379, 203, 56, 5224, 50, NULL),
(380, 204, 49, 5241, 9, NULL),
(381, 204, 90, 5273, 9, NULL),
(382, 204, 90, 5279, 40, NULL),
(383, 205, 69, 5280, 23, NULL),
(384, 206, 34, 5281, 16, NULL),
(385, 206, 77, 5282, 16, NULL),
(386, 206, 90, 5165, 16, NULL),
(387, 207, 13, 5283, 23, NULL),
(388, 207, 52, 5196, 66, NULL),
(389, 208, 36, 5165, 16, NULL),
(390, 208, 68, 5284, 16, NULL),
(391, 208, 77, 5165, 16, NULL),
(392, 208, 85, 5285, 16, NULL),
(393, 209, 18, 5286, 66, NULL),
(394, 209, 45, 5171, 75, NULL),
(395, 209, 74, 5287, 75, NULL),
(396, 209, 90, 5286, 66, NULL),
(397, 210, 12, 5288, 16, NULL),
(398, 210, 42, 5289, 23, NULL),
(399, 210, 57, 5290, 16, NULL),
(400, 212, 21, 5192, 1, NULL),
(401, 212, 24, 5291, 45, NULL),
(402, 212, 47, 5178, 1, NULL),
(403, 212, 73, 5292, 45, NULL),
(404, 212, 78, 5293, 45, NULL),
(405, 213, 26, 5294, 45, NULL),
(406, 215, 6, 5192, 1, NULL),
(407, 215, 18, 5299, 1, NULL),
(408, 215, 55, 5194, 1, NULL),
(409, 215, 58, 5300, 73, NULL),
(410, 215, 81, 5194, 1, NULL),
(411, 215, 88, 5301, 1, NULL),
(412, 215, 90, 5302, 1, NULL),
(413, 216, 1, 5295, 54, NULL),
(414, 216, 11, 5296, 45, NULL),
(415, 216, 59, 5297, 54, NULL),
(416, 216, 86, 5298, 54, NULL),
(417, 217, 28, 5303, 56, NULL),
(418, 217, 51, 5304, 19, NULL),
(419, 217, 74, 5305, 19, NULL),
(420, 217, 84, 5305, 19, NULL),
(421, 219, 43, 5246, 12, NULL),
(422, 219, 47, 5246, 12, NULL),
(423, 219, 55, 5306, 19, NULL),
(424, 219, 62, 5071, 19, NULL),
(425, 220, 38, 5307, 15, NULL),
(426, 220, 42, 5308, 15, NULL),
(427, 220, 71, 5309, 15, NULL),
(428, 220, 80, 5310, 15, NULL),
(429, 220, 83, 5311, 15, NULL),
(430, 221, 4, 5307, 15, NULL),
(431, 221, 18, 5311, 15, NULL),
(432, 221, 75, 5304, 19, NULL),
(433, 221, 90, 5312, 19, NULL),
(434, 222, 7, 5313, 12, NULL),
(435, 222, 71, 5213, 56, NULL),
(436, 223, 73, 5314, 211, NULL),
(437, 224, 9, 5315, 2, NULL),
(438, 224, 65, 5316, 2, NULL),
(439, 225, 13, 5317, 211, NULL),
(440, 225, 54, 5318, 211, NULL),
(441, 225, 72, 5314, 2, NULL),
(442, 225, 80, 5229, 2, NULL),
(443, 226, 40, 5319, 37, NULL),
(444, 226, 84, 5320, 37, NULL),
(445, 226, 87, 5216, 13, NULL),
(446, 227, 50, 5229, 2, NULL),
(447, 227, 58, 5316, 2, NULL),
(448, 228, 4, 5321, 211, NULL),
(449, 229, 43, 5322, 11, NULL),
(450, 229, 89, 5323, 11, NULL),
(451, 230, 45, 5324, 31, NULL),
(452, 231, 83, 5325, 4, NULL),
(453, 232, 47, 5326, 31, NULL),
(454, 232, 83, 5327, 11, NULL),
(455, 232, 90, 5328, 31, NULL),
(456, 233, 20, 5329, 11, NULL),
(457, 233, 29, 5239, 11, NULL),
(458, 234, 10, 5330, 49, NULL),
(459, 234, 72, 5326, 31, NULL),
(460, 235, 28, 5235, 6, NULL),
(461, 236, 27, 5331, 20, NULL),
(462, 236, 45, 5332, 82, NULL),
(463, 236, 53, 5333, 20, NULL),
(464, 236, 69, 5334, 20, NULL),
(465, 237, 77, 5334, 20, NULL),
(466, 238, 32, 5335, 6, NULL),
(467, 238, 55, 5335, 6, NULL),
(468, 238, 72, 5235, 6, NULL),
(469, 238, 79, 5235, 6, NULL),
(470, 238, 83, 5235, 6, NULL),
(471, 239, 39, 5336, 82, NULL),
(472, 239, 54, 5336, 82, NULL),
(473, 239, 74, 5337, 47, NULL),
(474, 240, 36, 5338, 6, NULL),
(475, 241, 39, 5339, 8, NULL),
(476, 241, 45, 5340, 13, NULL),
(477, 242, 16, 5341, 31, NULL),
(478, 242, 34, 5342, 31, NULL),
(479, 242, 43, 5343, 4, NULL),
(480, 242, 89, 5341, 31, NULL),
(481, 243, 16, 5344, 8, NULL),
(482, 243, 35, 5342, 31, NULL),
(483, 243, 52, 5345, 8, NULL),
(484, 243, 66, 5346, 8, NULL),
(485, 243, 72, 5346, 8, NULL),
(486, 244, 35, 5347, 13, NULL),
(487, 244, 52, 5348, 13, NULL),
(488, 244, 90, 5343, 4, NULL),
(489, 245, 44, 5349, 4, NULL),
(490, 245, 90, 5350, 4, NULL),
(491, 246, 18, 5328, 31, NULL),
(492, 247, 8, 5351, 26, NULL),
(493, 247, 31, 5352, 50, NULL),
(494, 247, 47, 5353, 50, NULL),
(495, 247, 75, 5354, 26, NULL),
(496, 248, 26, 5355, 7, NULL),
(497, 248, 52, 5356, 7, NULL),
(498, 249, 39, 5355, 7, NULL),
(499, 249, 66, 5357, 7, NULL),
(500, 249, 73, 5268, 7, NULL),
(501, 250, 4, 5358, 18, NULL),
(502, 250, 37, 5359, 26, NULL),
(503, 250, 59, 5354, 26, NULL),
(504, 250, 81, 5354, 26, NULL),
(505, 251, 15, 5358, 18, NULL),
(506, 251, 41, 5358, 18, NULL),
(507, 251, 44, 5358, 18, NULL),
(508, 251, 46, 5360, 50, NULL),
(509, 251, 72, 5358, 18, NULL),
(510, 251, 75, 5358, 18, NULL),
(511, 251, 81, 5361, 18, NULL),
(512, 252, 23, 5362, 26, NULL),
(513, 252, 46, 5355, 7, NULL),
(514, 253, 61, 5316, 2, NULL),
(515, 254, 51, 5363, 1, NULL),
(516, 254, 56, 5364, 1, NULL),
(517, 254, 85, 5365, 56, NULL),
(518, 254, 90, 5366, 56, NULL),
(519, 255, 14, 5364, 1, NULL),
(520, 255, 48, 5316, 2, NULL),
(521, 257, 19, 5367, 1, NULL),
(522, 257, 66, 5368, 1, NULL),
(523, 257, 67, 5369, 68, NULL),
(524, 257, 71, 5368, 1, NULL),
(525, 258, 12, 5316, 2, NULL),
(526, 258, 20, 5370, 2, NULL),
(527, 258, 37, 5316, 2, NULL),
(528, 258, 52, 5212, 56, NULL),
(529, 258, 63, 5365, 56, NULL),
(530, 259, 2, 5235, 6, NULL),
(531, 259, 44, 5235, 6, NULL),
(532, 259, 60, 5371, 6, NULL),
(533, 259, 90, 5235, 6, NULL),
(534, 260, 21, 5372, 45, NULL),
(535, 260, 43, 5373, 45, NULL),
(536, 260, 55, 5374, 45, NULL),
(537, 261, 8, 5375, 45, NULL),
(538, 261, 21, 5376, 6, NULL),
(539, 261, 28, 5376, 6, NULL),
(540, 262, 5, 5377, 73, NULL),
(541, 262, 55, 5377, 73, NULL),
(542, 262, 66, 5378, 73, NULL),
(543, 262, 90, 5379, 73, NULL),
(544, 263, 45, 5380, 45, NULL),
(545, 263, 90, 5373, 45, NULL),
(546, 264, 61, 5377, 73, NULL),
(547, 264, 90, 5381, 73, NULL),
(548, 265, 12, 5382, 65, NULL),
(549, 266, 85, 5271, 57, NULL),
(550, 267, 69, 5383, 9, NULL),
(551, 268, 44, 5384, 19, NULL),
(552, 268, 66, 5384, 19, NULL),
(553, 268, 84, 5385, 65, NULL),
(554, 269, 48, 5386, 9, NULL),
(555, 269, 58, 5387, 19, NULL),
(556, 271, 11, 5388, 12, NULL),
(557, 272, 6, 5389, 75, NULL),
(558, 272, 50, 5390, 15, NULL),
(559, 272, 86, 5391, 15, NULL),
(560, 273, 65, 5392, 12, NULL),
(561, 274, 8, 5171, 75, NULL),
(562, 274, 27, 5393, 77, NULL),
(563, 274, 45, 5389, 75, NULL),
(564, 275, 5, 5394, 75, NULL),
(565, 276, 42, 5309, 15, NULL),
(566, 276, 46, 5395, 77, NULL),
(567, 276, 79, 5396, 15, NULL),
(568, 277, 78, 5397, 9, NULL),
(569, 278, 25, 5398, 212, NULL),
(570, 278, 39, 5399, 212, NULL),
(571, 278, 50, 5400, 212, NULL),
(572, 278, 61, 5401, 13, NULL),
(573, 278, 78, 5398, 212, NULL),
(574, 278, 90, 5402, 212, NULL),
(575, 279, 11, 5403, 9, NULL),
(576, 280, 30, 5399, 212, NULL),
(577, 281, 10, 5397, 9, NULL),
(578, 281, 78, 5273, 9, NULL),
(579, 282, 52, 5404, 40, NULL),
(580, 282, 65, 5405, 40, NULL),
(581, 282, 85, 5406, 13, NULL),
(582, 283, 65, 5353, 50, NULL),
(583, 284, 41, 5407, 31, NULL),
(584, 284, 54, 5407, 31, NULL),
(585, 285, 76, 5360, 50, NULL),
(586, 285, 86, 5360, 50, NULL),
(587, 285, 88, 5408, 31, NULL),
(588, 286, 27, 5409, 6, NULL),
(589, 286, 79, 5410, 6, NULL),
(590, 287, 62, 5411, 6, NULL),
(591, 287, 68, 5408, 31, NULL),
(592, 288, 20, 5412, 213, NULL),
(593, 288, 29, 5413, 213, NULL),
(594, 288, 52, 5414, 213, NULL),
(595, 288, 63, 5415, 213, NULL),
(596, 289, 40, 5416, 7, NULL),
(597, 289, 63, 5416, 7, NULL),
(598, 289, 79, 5359, 26, NULL),
(599, 290, 49, 5417, 34, NULL),
(600, 291, 33, 5418, 7, NULL),
(601, 292, 11, 5419, 22, NULL),
(602, 292, 80, 5420, 22, NULL),
(603, 292, 86, 5421, 26, NULL),
(604, 293, 82, 5418, 7, NULL),
(605, 294, 32, 5422, 26, NULL),
(606, 294, 75, 5423, 34, NULL),
(607, 294, 87, 5424, 34, NULL),
(608, 295, 50, 5425, 4, NULL),
(609, 295, 85, 5426, 4, NULL),
(610, 296, 28, 5427, 214, NULL),
(611, 296, 39, 5316, 214, NULL),
(612, 296, 55, 5428, 211, NULL),
(613, 296, 64, 5427, 214, NULL),
(614, 296, 70, 5429, 214, NULL),
(615, 297, 73, 5428, 211, NULL),
(616, 298, 35, 5429, 214, NULL),
(617, 298, 36, 5316, 214, NULL),
(618, 298, 46, 5430, 67, NULL),
(619, 298, 47, 5427, 214, NULL),
(620, 298, 59, 5431, 214, NULL),
(621, 298, 75, 5429, 214, NULL),
(622, 299, 5, 5432, 211, NULL),
(623, 299, 9, 5433, 211, NULL),
(624, 299, 22, 5434, 67, NULL),
(625, 299, 46, 5433, 211, NULL),
(626, 299, 90, 5333, 211, NULL),
(627, 300, 88, 5435, 214, NULL),
(628, 300, 90, 5436, 4, NULL),
(629, 301, 53, 5388, 12, NULL),
(630, 301, 64, 5437, 12, NULL),
(631, 303, 15, 5438, 12, NULL),
(632, 303, 22, 5439, 12, NULL),
(633, 303, 47, 5440, 12, NULL),
(634, 303, 73, 5441, 5, NULL),
(635, 304, 23, 5442, 1, NULL),
(636, 304, 43, 5443, 56, NULL),
(637, 304, 61, 5442, 1, NULL),
(638, 304, 81, 5442, 1, NULL),
(639, 305, 27, 5442, 1, NULL),
(640, 305, 29, 5444, 12, NULL),
(641, 305, 38, 5445, 1, NULL),
(642, 306, 90, 5446, 5, NULL),
(643, 307, 9, 5447, 11, NULL),
(644, 307, 73, 5448, 65, NULL),
(645, 308, 58, 5449, 15, NULL),
(646, 308, 83, 5450, 24, NULL),
(647, 311, 11, 5451, 15, NULL),
(648, 311, 71, 5452, 65, NULL),
(649, 312, 58, 5453, 11, NULL),
(650, 313, 43, 5454, 9, NULL),
(651, 313, 85, 5381, 73, NULL),
(652, 314, 6, 5455, 6, NULL),
(653, 314, 18, 5456, 6, NULL),
(654, 314, 46, 5455, 6, NULL),
(655, 314, 73, 5457, 56, NULL),
(656, 315, 6, 5454, 9, NULL),
(657, 315, 34, 5371, 6, NULL),
(658, 316, 11, 5458, 73, NULL),
(659, 316, 70, 5459, 56, NULL),
(660, 317, 17, 5454, 9, NULL),
(661, 317, 62, 5460, 56, NULL),
(662, 317, 73, 5454, 9, NULL),
(663, 317, 82, 5461, 9, NULL),
(664, 317, 89, 5462, 56, NULL),
(665, 318, 3, 5455, 6, NULL),
(666, 318, 76, 5410, 6, NULL),
(667, 319, 23, 5463, 19, NULL),
(668, 319, 39, 5464, 19, NULL),
(669, 319, 45, 5465, 12, NULL),
(670, 320, 35, 5466, 54, NULL),
(671, 321, 3, 5467, 19, NULL),
(672, 321, 85, 5466, 54, NULL),
(673, 322, 16, 5439, 12, NULL),
(674, 322, 21, 5468, 12, NULL),
(675, 322, 59, 5469, 100, NULL),
(676, 323, 54, 5463, 19, NULL),
(677, 324, 30, 5470, 12, NULL),
(678, 324, 50, 5471, 54, NULL),
(679, 324, 59, 5472, 12, NULL),
(680, 324, 76, 5471, 54, NULL),
(681, 325, 79, 5473, 16, NULL),
(682, 326, 2, 5474, 213, NULL),
(683, 326, 4, 5475, 213, NULL),
(684, 326, 24, 5476, 213, NULL),
(685, 326, 66, 5477, 213, NULL),
(686, 326, 73, 5478, 213, NULL),
(687, 326, 80, 5479, 213, NULL),
(688, 327, 53, 5480, 213, NULL),
(689, 327, 62, 5481, 16, NULL),
(690, 328, 2, 5482, 44, NULL),
(691, 328, 75, 5483, 44, NULL),
(692, 329, 58, 5484, 213, NULL),
(693, 329, 74, 5414, 213, NULL),
(694, 330, 29, 5485, 16, NULL),
(695, 330, 62, 5486, 16, NULL),
(696, 330, 84, 5487, 16, NULL),
(697, 331, 62, 5488, 7, NULL),
(698, 332, 6, 5489, 84, NULL),
(699, 332, 59, 5490, 27, NULL),
(700, 333, 66, 5416, 7, NULL),
(701, 334, 2, 5491, 1, NULL),
(702, 334, 18, 5363, 1, NULL),
(703, 334, 47, 5492, 84, NULL),
(704, 335, 15, 5416, 7, NULL),
(705, 335, 42, 5493, 7, NULL),
(706, 335, 87, 5416, 7, NULL),
(707, 336, 15, 5494, 1, NULL),
(708, 336, 68, 5494, 1, NULL),
(709, 336, 70, 5495, 1, NULL),
(710, 337, 4, 5496, 5, NULL),
(711, 337, 84, 5497, 214, NULL),
(712, 338, 57, 5498, 23, NULL),
(713, 339, 18, 5499, 22, NULL),
(714, 339, 22, 5429, 214, NULL),
(715, 339, 50, 5497, 214, NULL),
(716, 340, 11, 5498, 23, NULL),
(717, 340, 41, 5500, 23, NULL),
(718, 340, 45, 5501, 5, NULL),
(719, 340, 52, 5289, 23, NULL),
(720, 340, 67, 5498, 23, NULL),
(721, 340, 80, 5498, 23, NULL),
(722, 340, 88, 5502, 23, NULL),
(723, 342, 43, 5502, 23, NULL),
(724, 342, 62, 5503, 23, NULL),
(725, 344, 75, 5504, 3, NULL),
(726, 346, 68, 5505, 72, NULL),
(727, 347, 19, 5506, 77, NULL),
(728, 347, 27, 5506, 77, NULL),
(729, 347, 62, 5507, 77, NULL),
(730, 347, 79, 5508, 3, NULL),
(731, 348, 9, 5447, 11, NULL),
(732, 348, 14, 5447, 11, NULL),
(733, 348, 34, 5447, 11, NULL);

--
-- Dumping data for table `match`
--

INSERT INTO `match` (`id`, `hometeam_id`, `awayteam_id`, `competition_id`, `date`) VALUES
(1, 7, 20, 1, '2014-06-12 22:00:00'),
(2, 19, 50, 1, '2014-06-13 18:00:00'),
(3, 7, 19, 1, '2014-06-17 21:00:00'),
(4, 50, 20, 1, '2014-06-19 00:00:00'),
(5, 50, 7, 1, '2014-06-23 22:00:00'),
(6, 20, 19, 1, '2014-06-23 22:00:00'),
(7, 1, 15, 1, '2014-06-13 21:00:00'),
(8, 14, 60, 1, '2014-06-14 00:00:00'),
(9, 60, 15, 1, '2014-06-18 18:00:00'),
(10, 1, 14, 1, '2014-06-18 21:00:00'),
(11, 60, 1, 1, '2014-06-23 18:00:00'),
(12, 15, 14, 1, '2014-06-23 18:00:00'),
(13, 4, 10, 1, '2014-06-14 18:00:00'),
(14, 21, 47, 1, '2014-06-15 03:00:00'),
(15, 4, 21, 1, '2014-06-19 18:00:00'),
(16, 47, 10, 1, '2014-06-20 00:00:00'),
(17, 47, 4, 1, '2014-06-24 22:00:00'),
(18, 10, 21, 1, '2014-06-24 22:00:00'),
(19, 5, 34, 1, '2014-06-14 21:00:00'),
(20, 11, 9, 1, '2014-06-15 00:00:00'),
(21, 5, 11, 1, '2014-06-19 21:00:00'),
(22, 9, 34, 1, '2014-06-20 18:00:00'),
(23, 34, 11, 1, '2014-06-24 18:00:00'),
(24, 9, 5, 1, '2014-06-24 18:00:00'),
(25, 8, 28, 1, '2014-06-15 18:00:00'),
(26, 16, 32, 1, '2014-06-15 21:00:00'),
(27, 8, 16, 1, '2014-06-20 21:00:00'),
(28, 32, 28, 1, '2014-06-21 00:00:00'),
(29, 32, 8, 1, '2014-06-25 22:00:00'),
(30, 28, 16, 1, '2014-06-25 22:00:00'),
(31, 6, 25, 1, '2014-06-16 00:00:00'),
(32, 37, 45, 1, '2014-06-16 21:00:00'),
(33, 6, 37, 1, '2014-06-21 18:00:00'),
(34, 45, 25, 1, '2014-06-22 00:00:00'),
(35, 45, 6, 1, '2014-06-25 18:00:00'),
(36, 25, 37, 1, '2014-06-25 18:00:00'),
(37, 2, 3, 1, '2014-06-16 18:00:00'),
(38, 38, 13, 1, '2014-06-17 00:00:00'),
(39, 2, 38, 1, '2014-06-21 21:00:00'),
(40, 13, 3, 1, '2014-06-23 00:00:00'),
(41, 3, 38, 1, '2014-06-26 18:00:00'),
(42, 13, 2, 1, '2014-06-26 18:00:00'),
(43, 12, 27, 1, '2014-06-17 18:00:00'),
(44, 18, 56, 1, '2014-06-18 00:00:00'),
(45, 12, 18, 1, '2014-06-22 18:00:00'),
(46, 56, 27, 1, '2014-06-22 21:00:00'),
(47, 27, 18, 1, '2014-06-26 22:00:00'),
(48, 56, 12, 1, '2014-06-26 22:00:00'),
(49, 66, 19, 2, '2010-06-11 00:00:00'),
(50, 5, 16, 2, '2010-06-11 00:00:00'),
(51, 66, 5, 2, '2010-06-16 00:00:00'),
(52, 16, 19, 2, '2010-06-17 00:00:00'),
(53, 16, 66, 2, '2010-06-22 00:00:00'),
(54, 19, 5, 2, '2010-06-22 00:00:00'),
(55, 56, 10, 2, '2010-06-12 00:00:00'),
(56, 6, 45, 2, '2010-06-12 00:00:00'),
(57, 6, 56, 2, '2010-06-17 00:00:00'),
(58, 10, 45, 2, '2010-06-17 00:00:00'),
(59, 10, 6, 2, '2010-06-22 00:00:00'),
(60, 45, 56, 2, '2010-06-22 00:00:00'),
(61, 11, 13, 2, '2010-06-12 00:00:00'),
(62, 27, 29, 2, '2010-06-13 00:00:00'),
(63, 29, 13, 2, '2010-06-18 00:00:00'),
(64, 11, 27, 2, '2010-06-18 00:00:00'),
(65, 29, 11, 2, '2010-06-23 00:00:00'),
(66, 13, 27, 2, '2010-06-23 00:00:00'),
(67, 30, 38, 2, '2010-06-13 00:00:00'),
(68, 2, 60, 2, '2010-06-13 00:00:00'),
(69, 2, 30, 2, '2010-06-18 00:00:00'),
(70, 38, 60, 2, '2010-06-19 00:00:00'),
(71, 38, 2, 2, '2010-06-23 00:00:00'),
(72, 60, 30, 2, '2010-06-23 00:00:00'),
(73, 15, 23, 2, '2010-06-14 00:00:00'),
(74, 47, 50, 2, '2010-06-14 00:00:00'),
(75, 15, 47, 2, '2010-06-19 00:00:00'),
(76, 50, 23, 2, '2010-06-19 00:00:00'),
(77, 50, 15, 2, '2010-06-24 00:00:00'),
(78, 23, 47, 2, '2010-06-24 00:00:00'),
(79, 9, 54, 2, '2010-06-14 00:00:00'),
(80, 111, 46, 2, '2010-06-15 00:00:00'),
(81, 46, 54, 2, '2010-06-20 00:00:00'),
(82, 9, 111, 2, '2010-06-20 00:00:00'),
(83, 54, 111, 2, '2010-06-24 00:00:00'),
(84, 46, 9, 2, '2010-06-24 00:00:00'),
(85, 21, 3, 2, '2010-06-15 00:00:00'),
(86, 7, 137, 2, '2010-06-15 00:00:00'),
(87, 7, 21, 2, '2010-06-20 00:00:00'),
(88, 3, 137, 2, '2010-06-21 00:00:00'),
(89, 137, 21, 2, '2010-06-25 00:00:00'),
(90, 3, 7, 2, '2010-06-25 00:00:00'),
(91, 32, 14, 2, '2010-06-16 00:00:00'),
(92, 1, 8, 2, '2010-06-16 00:00:00'),
(93, 14, 8, 2, '2010-06-21 00:00:00'),
(94, 1, 32, 2, '2010-06-21 00:00:00'),
(95, 14, 1, 2, '2010-06-25 00:00:00'),
(96, 8, 32, 2, '2010-06-25 00:00:00'),
(97, 2, 34, 3, '2006-06-09 00:00:00'),
(98, 72, 28, 3, '2006-06-09 00:00:00'),
(99, 2, 72, 3, '2006-06-14 00:00:00'),
(100, 28, 34, 3, '2006-06-15 00:00:00'),
(101, 34, 72, 3, '2006-06-20 00:00:00'),
(102, 28, 2, 3, '2006-06-20 00:00:00'),
(103, 11, 54, 3, '2006-06-10 00:00:00'),
(104, 76, 26, 3, '2006-06-10 00:00:00'),
(105, 11, 76, 3, '2006-06-15 00:00:00'),
(106, 26, 54, 3, '2006-06-15 00:00:00'),
(107, 54, 76, 3, '2006-06-20 00:00:00'),
(108, 26, 11, 3, '2006-06-20 00:00:00'),
(109, 6, 21, 3, '2006-06-10 00:00:00'),
(110, 210, 15, 3, '2006-06-11 00:00:00'),
(111, 6, 210, 3, '2006-06-16 00:00:00'),
(112, 15, 21, 3, '2006-06-16 00:00:00'),
(113, 21, 210, 3, '2006-06-21 00:00:00'),
(114, 15, 6, 3, '2006-06-21 00:00:00'),
(115, 19, 37, 3, '2006-06-11 00:00:00'),
(116, 94, 3, 3, '2006-06-11 00:00:00'),
(117, 19, 94, 3, '2006-06-16 00:00:00'),
(118, 3, 37, 3, '2006-06-17 00:00:00'),
(119, 3, 19, 3, '2006-06-21 00:00:00'),
(120, 37, 94, 3, '2006-06-21 00:00:00'),
(121, 13, 36, 3, '2006-06-12 00:00:00'),
(122, 9, 38, 3, '2006-06-12 00:00:00'),
(123, 36, 38, 3, '2006-06-17 00:00:00'),
(124, 9, 13, 3, '2006-06-17 00:00:00'),
(125, 36, 9, 3, '2006-06-22 00:00:00'),
(126, 38, 13, 3, '2006-06-22 00:00:00'),
(127, 60, 47, 3, '2006-06-12 00:00:00'),
(128, 7, 20, 3, '2006-06-13 00:00:00'),
(129, 47, 20, 3, '2006-06-18 00:00:00'),
(130, 7, 60, 3, '2006-06-18 00:00:00'),
(131, 47, 7, 3, '2006-06-22 00:00:00'),
(132, 20, 60, 3, '2006-06-22 00:00:00'),
(133, 56, 89, 3, '2006-06-13 00:00:00'),
(134, 16, 8, 3, '2006-06-13 00:00:00'),
(135, 16, 56, 3, '2006-06-18 00:00:00'),
(136, 89, 8, 3, '2006-06-19 00:00:00'),
(137, 8, 56, 3, '2006-06-23 00:00:00'),
(138, 89, 16, 3, '2006-06-23 00:00:00'),
(139, 1, 17, 3, '2006-06-14 00:00:00'),
(140, 49, 75, 3, '2006-06-14 00:00:00'),
(141, 75, 17, 3, '2006-06-19 00:00:00'),
(142, 1, 49, 3, '2006-06-19 00:00:00'),
(143, 17, 49, 3, '2006-06-23 00:00:00'),
(144, 75, 1, 3, '2006-06-23 00:00:00'),
(145, 16, 63, 4, '2002-05-31 00:00:00'),
(146, 5, 23, 4, '2002-06-01 00:00:00'),
(147, 23, 63, 4, '2002-06-06 00:00:00'),
(148, 16, 5, 4, '2002-06-06 00:00:00'),
(149, 23, 16, 4, '2002-06-11 00:00:00'),
(150, 63, 5, 4, '2002-06-11 00:00:00'),
(151, 54, 66, 4, '2002-06-02 00:00:00'),
(152, 1, 29, 4, '2002-06-02 00:00:00'),
(153, 1, 54, 4, '2002-06-07 00:00:00'),
(154, 66, 29, 4, '2002-06-08 00:00:00'),
(155, 66, 1, 4, '2002-06-12 00:00:00'),
(156, 29, 54, 4, '2002-06-12 00:00:00'),
(157, 7, 39, 4, '2002-06-03 00:00:00'),
(158, 96, 34, 4, '2002-06-04 00:00:00'),
(159, 7, 96, 4, '2002-06-08 00:00:00'),
(160, 34, 39, 4, '2002-06-09 00:00:00'),
(161, 39, 96, 4, '2002-06-13 00:00:00'),
(162, 34, 7, 4, '2002-06-13 00:00:00'),
(163, 56, 72, 4, '2002-06-04 00:00:00'),
(164, 13, 3, 4, '2002-06-05 00:00:00'),
(165, 56, 13, 4, '2002-06-10 00:00:00'),
(166, 3, 72, 4, '2002-06-10 00:00:00'),
(167, 72, 13, 4, '2002-06-14 00:00:00'),
(168, 3, 56, 4, '2002-06-14 00:00:00'),
(169, 65, 50, 4, '2002-06-01 00:00:00'),
(170, 2, 75, 4, '2002-06-01 00:00:00'),
(171, 2, 65, 4, '2002-06-05 00:00:00'),
(172, 50, 75, 4, '2002-06-06 00:00:00'),
(173, 75, 65, 4, '2002-06-11 00:00:00'),
(174, 50, 2, 4, '2002-06-11 00:00:00'),
(175, 6, 45, 4, '2002-06-02 00:00:00'),
(176, 11, 26, 4, '2002-06-02 00:00:00'),
(177, 26, 45, 4, '2002-06-07 00:00:00'),
(178, 6, 11, 4, '2002-06-07 00:00:00'),
(179, 26, 6, 4, '2002-06-12 00:00:00'),
(180, 45, 11, 4, '2002-06-12 00:00:00'),
(181, 20, 19, 4, '2002-06-03 00:00:00'),
(182, 9, 28, 4, '2002-06-03 00:00:00'),
(183, 9, 20, 4, '2002-06-08 00:00:00'),
(184, 19, 28, 4, '2002-06-09 00:00:00'),
(185, 28, 20, 4, '2002-06-13 00:00:00'),
(186, 19, 9, 4, '2002-06-13 00:00:00'),
(187, 47, 12, 4, '2002-06-04 00:00:00'),
(188, 18, 49, 4, '2002-06-05 00:00:00'),
(189, 47, 18, 4, '2002-06-09 00:00:00'),
(190, 49, 12, 4, '2002-06-10 00:00:00'),
(191, 49, 47, 4, '2002-06-14 00:00:00'),
(192, 12, 18, 4, '2002-06-14 00:00:00'),
(193, 7, 22, 5, '1998-06-10 00:00:00'),
(194, 77, 57, 5, '1998-06-10 00:00:00'),
(195, 22, 57, 5, '1998-06-16 00:00:00'),
(196, 7, 77, 5, '1998-06-16 00:00:00'),
(197, 22, 77, 5, '1998-06-23 00:00:00'),
(198, 7, 57, 5, '1998-06-23 00:00:00'),
(199, 9, 14, 5, '1998-06-11 00:00:00'),
(200, 50, 40, 5, '1998-06-11 00:00:00'),
(201, 14, 40, 5, '1998-06-17 00:00:00'),
(202, 9, 50, 5, '1998-06-17 00:00:00'),
(203, 14, 50, 5, '1998-06-23 00:00:00'),
(204, 9, 40, 5, '1998-06-23 00:00:00'),
(205, 75, 23, 5, '1998-06-12 00:00:00'),
(206, 16, 66, 5, '1998-06-12 00:00:00'),
(207, 66, 23, 5, '1998-06-18 00:00:00'),
(208, 16, 75, 5, '1998-06-18 00:00:00'),
(209, 66, 75, 5, '1998-06-24 00:00:00'),
(210, 16, 23, 5, '1998-06-24 00:00:00'),
(211, 54, 73, 5, '1998-06-12 00:00:00'),
(212, 1, 45, 5, '1998-06-13 00:00:00'),
(213, 45, 73, 5, '1998-06-19 00:00:00'),
(214, 1, 54, 5, '1998-06-19 00:00:00'),
(215, 1, 73, 5, '1998-06-24 00:00:00'),
(216, 45, 54, 5, '1998-06-24 00:00:00'),
(217, 56, 19, 5, '1998-06-13 00:00:00'),
(218, 15, 12, 5, '1998-06-13 00:00:00'),
(219, 12, 19, 5, '1998-06-20 00:00:00'),
(220, 15, 56, 5, '1998-06-20 00:00:00'),
(221, 15, 19, 5, '1998-06-25 00:00:00'),
(222, 12, 56, 5, '1998-06-25 00:00:00'),
(223, 211, 37, 5, '1998-06-14 00:00:00'),
(224, 2, 13, 5, '1998-06-15 00:00:00'),
(225, 2, 211, 5, '1998-06-21 00:00:00'),
(226, 13, 37, 5, '1998-06-21 00:00:00'),
(227, 2, 37, 5, '1998-06-25 00:00:00'),
(228, 13, 211, 5, '1998-06-25 00:00:00'),
(229, 11, 49, 5, '1998-06-15 00:00:00'),
(230, 31, 4, 5, '1998-06-15 00:00:00'),
(231, 4, 49, 5, '1998-06-22 00:00:00'),
(232, 31, 11, 5, '1998-06-22 00:00:00'),
(233, 4, 11, 5, '1998-06-26 00:00:00'),
(234, 31, 49, 5, '1998-06-26 00:00:00'),
(235, 6, 47, 5, '1998-06-14 00:00:00'),
(236, 82, 20, 5, '1998-06-14 00:00:00'),
(237, 47, 20, 5, '1998-06-20 00:00:00'),
(238, 6, 82, 5, '1998-06-21 00:00:00'),
(239, 47, 82, 5, '1998-06-26 00:00:00'),
(240, 6, 20, 5, '1998-06-26 00:00:00'),
(241, 13, 8, 6, '1994-06-18 00:00:00'),
(242, 4, 31, 6, '1994-06-19 00:00:00'),
(243, 31, 8, 6, '1994-06-22 00:00:00'),
(244, 13, 4, 6, '1994-06-23 00:00:00'),
(245, 8, 4, 6, '1994-06-27 00:00:00'),
(246, 13, 31, 6, '1994-06-27 00:00:00'),
(247, 50, 26, 6, '1994-06-20 00:00:00'),
(248, 7, 18, 6, '1994-06-21 00:00:00'),
(249, 7, 50, 6, '1994-06-25 00:00:00'),
(250, 26, 18, 6, '1994-06-25 00:00:00'),
(251, 18, 50, 6, '1994-06-29 00:00:00'),
(252, 7, 26, 6, '1994-06-29 00:00:00'),
(253, 2, 68, 6, '1994-06-17 00:00:00'),
(254, 1, 56, 6, '1994-06-18 00:00:00'),
(255, 2, 1, 6, '1994-06-21 00:00:00'),
(256, 56, 68, 6, '1994-06-24 00:00:00'),
(257, 68, 1, 6, '1994-06-27 00:00:00'),
(258, 2, 56, 6, '1994-06-27 00:00:00'),
(259, 6, 10, 6, '1994-06-21 00:00:00'),
(260, 45, 73, 6, '1994-06-22 00:00:00'),
(261, 6, 45, 6, '1994-06-25 00:00:00'),
(262, 73, 10, 6, '1994-06-26 00:00:00'),
(263, 10, 45, 6, '1994-07-01 00:00:00'),
(264, 6, 73, 6, '1994-07-01 00:00:00'),
(265, 9, 65, 6, '1994-06-18 00:00:00'),
(266, 57, 19, 6, '1994-06-19 00:00:00'),
(267, 9, 57, 6, '1994-06-23 00:00:00'),
(268, 19, 65, 6, '1994-06-24 00:00:00'),
(269, 9, 19, 6, '1994-06-28 00:00:00'),
(270, 65, 57, 6, '1994-06-28 00:00:00'),
(271, 12, 77, 6, '1994-06-19 00:00:00'),
(272, 15, 75, 6, '1994-06-21 00:00:00'),
(273, 12, 15, 6, '1994-06-25 00:00:00'),
(274, 75, 77, 6, '1994-06-25 00:00:00'),
(275, 12, 75, 6, '1994-06-29 00:00:00'),
(276, 77, 15, 6, '1994-06-29 00:00:00'),
(277, 9, 40, 7, '1990-06-09 00:00:00'),
(278, 13, 212, 7, '1990-06-10 00:00:00'),
(279, 9, 13, 7, '1990-06-14 00:00:00'),
(280, 40, 212, 7, '1990-06-15 00:00:00'),
(281, 9, 212, 7, '1990-06-19 00:00:00'),
(282, 40, 13, 7, '1990-06-19 00:00:00'),
(283, 6, 50, 7, '1990-06-08 00:00:00'),
(284, 213, 31, 7, '1990-06-09 00:00:00'),
(285, 50, 31, 7, '1990-06-14 00:00:00'),
(286, 6, 213, 7, '1990-06-14 00:00:00'),
(287, 6, 31, 7, '1990-06-18 00:00:00'),
(288, 50, 213, 7, '1990-06-18 00:00:00'),
(289, 7, 26, 7, '1990-06-10 00:00:00'),
(290, 34, 22, 7, '1990-06-11 00:00:00'),
(291, 7, 34, 7, '1990-06-16 00:00:00'),
(292, 26, 22, 7, '1990-06-16 00:00:00'),
(293, 7, 22, 7, '1990-06-20 00:00:00'),
(294, 26, 34, 7, '1990-06-20 00:00:00'),
(295, 67, 4, 7, '1990-06-09 00:00:00'),
(296, 214, 211, 7, '1990-06-10 00:00:00'),
(297, 211, 4, 7, '1990-06-14 00:00:00'),
(298, 214, 67, 7, '1990-06-15 00:00:00'),
(299, 211, 67, 7, '1990-06-19 00:00:00'),
(300, 214, 4, 7, '1990-06-19 00:00:00'),
(301, 12, 56, 7, '1990-06-12 00:00:00'),
(302, 5, 1, 7, '1990-06-13 00:00:00'),
(303, 12, 5, 7, '1990-06-17 00:00:00'),
(304, 56, 1, 7, '1990-06-17 00:00:00'),
(305, 12, 1, 7, '1990-06-21 00:00:00'),
(306, 56, 5, 7, '1990-06-21 00:00:00'),
(307, 11, 65, 7, '1990-06-11 00:00:00'),
(308, 15, 24, 7, '1990-06-12 00:00:00'),
(309, 11, 15, 7, '1990-06-16 00:00:00'),
(310, 65, 24, 7, '1990-06-17 00:00:00'),
(311, 65, 15, 7, '1990-06-21 00:00:00'),
(312, 11, 24, 7, '1990-06-21 00:00:00'),
(313, 73, 9, 8, '1986-05-31 00:00:00'),
(314, 6, 56, 8, '1986-06-02 00:00:00'),
(315, 9, 6, 8, '1986-06-05 00:00:00'),
(316, 56, 73, 8, '1986-06-05 00:00:00'),
(317, 56, 9, 8, '1986-06-10 00:00:00'),
(318, 6, 73, 8, '1986-06-10 00:00:00'),
(319, 12, 19, 8, '1986-06-03 00:00:00'),
(320, 54, 100, 8, '1986-06-04 00:00:00'),
(321, 19, 54, 8, '1986-06-07 00:00:00'),
(322, 100, 12, 8, '1986-06-08 00:00:00'),
(323, 100, 19, 8, '1986-06-11 00:00:00'),
(324, 54, 12, 8, '1986-06-11 00:00:00'),
(325, 110, 16, 8, '1986-06-01 00:00:00'),
(326, 213, 44, 8, '1986-06-02 00:00:00'),
(327, 16, 213, 8, '1986-06-05 00:00:00'),
(328, 44, 110, 8, '1986-06-06 00:00:00'),
(329, 213, 110, 8, '1986-06-09 00:00:00'),
(330, 44, 16, 8, '1986-06-09 00:00:00'),
(331, 1, 7, 8, '1986-06-01 00:00:00'),
(332, 27, 84, 8, '1986-06-03 00:00:00'),
(333, 7, 27, 8, '1986-06-06 00:00:00'),
(334, 84, 1, 8, '1986-06-07 00:00:00'),
(335, 84, 7, 8, '1986-06-12 00:00:00'),
(336, 27, 1, 8, '1986-06-12 00:00:00'),
(337, 5, 214, 8, '1986-06-04 00:00:00'),
(338, 22, 23, 8, '1986-06-04 00:00:00'),
(339, 214, 22, 8, '1986-06-08 00:00:00'),
(340, 23, 5, 8, '1986-06-08 00:00:00'),
(341, 22, 5, 8, '1986-06-13 00:00:00'),
(342, 23, 214, 8, '1986-06-13 00:00:00'),
(343, 77, 72, 8, '1986-06-02 00:00:00'),
(344, 3, 11, 8, '1986-06-03 00:00:00'),
(345, 11, 77, 8, '1986-06-06 00:00:00'),
(346, 72, 3, 8, '1986-06-07 00:00:00'),
(347, 3, 77, 8, '1986-06-11 00:00:00'),
(348, 11, 72, 8, '1986-06-11 00:00:00');

--
-- Dumping data for table `player`
--

INSERT INTO `player` (`id`, `name`, `injured`) VALUES
(1, 'Iker Casillas Fernández', NULL),
(2, 'José Manuel Reina Páez', NULL),
(3, 'Víctor Valdés Arribas', NULL),
(4, 'Jordi Alba Ramos', NULL),
(5, 'Raúl Albiol Tortajada', NULL),
(6, 'César Azpilicueta Tanco', NULL),
(7, 'Sergio Ramos García', NULL),
(8, 'Juan Francisco Torres Belén', NULL),
(9, 'Thiago Alcântara do Nascimiento', NULL),
(10, 'Xabier Alonso Olana', NULL),
(11, 'Sergio Busquets i Burgos', NULL),
(12, 'Santiago Cazorla González', NULL),
(13, 'Francesc Fàbregas i Soler', NULL),
(14, 'Xavier Hernández Creus', NULL),
(15, 'Andrés Iniesta Luján', NULL),
(16, 'David Josué Jiménez Silva', NULL),
(17, 'Javier Martínez Aginaga', NULL),
(18, 'Jesús Navas González', NULL),
(19, 'Jorge Resurreción Merodio', NULL),
(20, 'Diego Da Silva Costa', NULL),
(21, 'Álvaro Negredo Sánchez', NULL),
(22, 'Pedro Eliezer Rodríguez Ledesma', NULL),
(23, 'Manuel Neuer', NULL),
(24, 'Roman Weidenfeller', NULL),
(25, 'Jérôme Boateng', NULL),
(26, 'Matthias Ginter', NULL),
(27, 'Marcell Jansen', NULL),
(28, 'Philipp Lahm', NULL),
(29, 'Per Mertesacker', NULL),
(30, 'Shkodran Mustafi', NULL),
(31, 'Marcel Schmelzer', NULL),
(32, 'Lars Bender', NULL),
(33, 'Mario Götze', NULL),
(34, 'Kevin Großkreutz', NULL),
(35, 'André Hahn', NULL),
(36, 'Toni Kroos', NULL),
(37, 'Mesut Özil', NULL),
(38, 'Sidney Sam', NULL),
(39, 'Bastian Schweinsteiger', NULL),
(40, 'Miroslav Klose', NULL),
(41, 'Pierre-Michel Lasogga', NULL),
(42, 'Lukas Podolski', NULL),
(43, 'André Schürrle', NULL),
(44, 'António Alberto Bastos Pimparel', NULL),
(45, 'Eduardo dos Reis Carvalho', NULL),
(46, 'Anthony Lopes', NULL),
(47, 'Hugo Miguel Almeida Costa Lopes', NULL),
(48, 'Fábio Alexandre da Silva Coentrão', NULL),
(49, 'João Pedro da Silva Pereira', NULL),
(50, 'Kléper Laveran Lima Ferreira', NULL),
(51, 'Luis Carlos Novo Neto', NULL),
(52, 'Vitorino Gabriel Pacheco Antunes', NULL),
(53, 'Rolando Jorge Pires da Fonseca', NULL),
(54, 'Rafael Alexandre Fernandes Ferreira da Silva', NULL),
(55, 'João Filipe Iria Santos Moutinho', NULL),
(56, 'Ruben Filipe Marques Amorim', NULL),
(57, 'Miguel Luís Pinto Veloso', NULL),
(58, 'William Silva Carvalho', NULL),
(59, 'Josue Filipe Soares Pesqueira', NULL),
(60, 'Raul José Trindade Meireles', NULL),
(61, 'Ivan Ricardo Neves Abreu Cavaleiro', NULL),
(62, 'Cristiano Ronaldo dos Santos Aveiro', NULL),
(63, 'Silvestre Manuel Gonçalves Varela', NULL),
(64, 'Arnaldo Edi Lopes da Silva', NULL),
(65, 'Faryd Camilo Mondragón Aly', NULL),
(66, 'David Ospina Ramírez', NULL),
(67, 'Camilo Andrés Vargas Gil', NULL),
(68, 'Eder Fabián Álvarez Balanta', NULL),
(69, 'Santiago Arias Naranjo', NULL),
(70, 'Pablo Estífer Armero', NULL),
(71, 'John Steffan Medina Ramírez', NULL),
(72, 'Luis Amaranto Perea Mosquera', NULL),
(73, 'Mario Alberto Yepes Díaz', NULL),
(74, 'Cristian Eduardo Zapata Valencia', NULL),
(75, 'Abel Enrique Aguilar Tapia', NULL),
(76, 'Juan Guillermo Cuadrado Bello', NULL),
(77, 'Fredy Alejandro Guarín Vásquez', NULL),
(78, 'Alexander Mejía Sabalsa', NULL),
(79, 'Juan Fernando Quintero Paniagua', NULL),
(80, 'Aldo Leao Ramírez Sierra', NULL),
(81, 'James David Rodríguez Rubio', NULL),
(82, 'Carlos Alberto Sánchez Moreno', NULL),
(83, 'Macnelly Torres Berrío', NULL),
(84, 'Edwin Armando Valencia Rodríguez', NULL),
(85, 'Carlos Arturo Bacca Ahumada', NULL),
(86, 'Teófilo Antonio Gutiérrez Roncancio', NULL),
(87, 'Segundo Víctor Ibarbo Guerrero', NULL),
(88, 'Jackson Arley Martínez Valencia', NULL),
(89, 'Luis Fernando Muriel Fruto', NULL),
(90, 'Gustavo Adrián Ramos Vásquez', NULL),
(91, 'Néstor Fernando Muslera Micol', NULL),
(92, 'Martín Andrés Silva Leites', NULL),
(93, 'Jorge Ciro Fucile Perdomo', NULL),
(94, 'José María Giménez de Vargas', NULL),
(95, 'Diego Roberto Godín Leal', NULL),
(96, 'Diego Alfredo Lugano Morena', NULL),
(97, 'Álvaro Daniel Pereira Barragán', NULL),
(98, 'Victorio Maximiliano Pereira Páez', NULL),
(99, 'Egídio Raúl Arévalo Ríos', NULL),
(100, 'Walter Alejandro Gargano Guevara', NULL),
(101, 'Álvaro Rafael González Luengo', NULL),
(102, 'Marcelo Nicolás Lodeiro Benítez', NULL),
(103, 'Diego Fernando Pérez Aguado', NULL),
(104, 'Gastón Exequiel Ramírez Pereyra', NULL),
(105, 'Cristian Gabriel Rodríguez Barrotti', NULL),
(106, 'Alejandro Daniel Silva González', NULL),
(107, 'Diego Forlán Corazo', NULL),
(108, 'Cristhian Ricardo Stuani Curbelo', NULL),
(109, 'Luis Alberto Suárez Díaz', NULL),
(110, 'Mariano Gonzalo Andújar', NULL),
(111, 'Agustín Ignacio Orión', NULL),
(112, 'Sergio Germán Romero', NULL),
(113, 'José María Basanta', NULL),
(114, 'Hugo Armando Campagnaro', NULL),
(115, 'Federico Fernández', NULL),
(116, 'Ezequiel Marcelo Garay', NULL),
(117, 'Lisandro Ezequiel López', NULL),
(118, 'Nicolás Hernán Otamendi', NULL),
(119, 'Gino Peruzzi Lucchetti', NULL),
(120, 'Faustino Marcos Alberto Rojo', NULL),
(121, 'Pablo Javier Zabaleta Girod', NULL),
(122, 'Ricardo Gabriel Álvarez', NULL),
(123, 'Éver Maximiliano David Banega', NULL),
(124, 'Lucas Rodrigo Biglia', NULL),
(125, 'Ángel Fabián di María Hernández', NULL),
(126, 'Augusto Matías Fernández', NULL),
(127, 'Fernando Rubén Gago', NULL),
(128, 'Javier Alejandro Mascherano', NULL),
(129, 'Maximiliano Rubén ''Maxi'' Rodríguez', NULL),
(130, 'José Ernesto Sosa', NULL),
(131, 'Sergio Leonel Agüero del Castillo', NULL),
(132, 'Gonzalo Gerardo Higuaín', NULL),
(133, 'Ezequiel Iván Lavezzi', NULL),
(134, 'Lionel Andrés Messi Cuccittini', NULL),
(135, 'Rodrigo Sebastián Palacio', NULL),
(136, 'Jefferson de Oliviera Galvão', NULL),
(137, 'Júlio César Soares de Espíndola', NULL),
(138, 'Daniel Alves da Silva', NULL),
(139, 'Dante Bonfim da Costa Santos', NULL),
(140, 'Thiago Emiliano da Silva', NULL),
(141, 'Márcio Rafael Ferreira de Souza', NULL),
(142, 'David Luiz Moreira Marinho', NULL),
(143, 'Marcelo Vieira da Silva Júnior', NULL),
(144, 'José Paulo Bezzera Maciel Júnior', NULL),
(145, 'Willian Borges Da Silva', NULL),
(146, 'Bernard Anício Caldeira Duarte', NULL),
(147, 'Luiz Gustavo Dias', NULL),
(148, 'Oscar dos Santos Emboaba Júnior', NULL),
(149, 'Fernando Luiz Rosa', NULL),
(150, 'Ramires Santos do Nascimento', NULL),
(151, 'Frederico Chaves Guedes', NULL),
(152, 'Neymar da Silva Santos Junior', NULL),
(153, 'João Alves de Assis Silva', NULL),
(154, 'Givanildo Vieira de Souza', NULL),
(155, 'Diego Benaglio', NULL),
(156, 'Yann Sommer', NULL),
(157, 'Johan Danon Djourou-Gbadjere', NULL),
(158, 'Michael Lang', NULL),
(159, 'Stephan Lichtsteiner', NULL),
(160, 'Ricardo Rodriguez', NULL),
(161, 'Philippe Senderos', NULL),
(162, 'Steve von Bergen', NULL),
(163, 'Tranquillo Barnetta', NULL),
(164, 'Valon Behrami', NULL),
(165, 'Blerim Džemaili', NULL),
(166, 'Gelson Fernandes', NULL),
(167, 'Gökhan İnler', NULL),
(168, 'Pirmin Schwegler', NULL),
(169, 'Xherdan Shaqiri', NULL),
(170, 'Valentin Stocker', NULL),
(171, 'Granit Xhaka', NULL),
(172, 'Josip Drmic', NULL),
(173, 'Mario Gavranović', NULL),
(174, 'Admir Mehmedi', NULL),
(175, 'Haris Seferović', NULL),
(176, 'Gianluigi Buffon', NULL),
(177, 'Mattia Perin', NULL),
(178, 'Salvatore Sirigu', NULL),
(179, 'Ignazio Abate', NULL),
(180, 'Davide Astori', NULL),
(181, 'Andrea Barzagli', NULL),
(182, 'Leonardo Bonucci', NULL),
(183, 'Giorgio Chiellini', NULL),
(184, 'Domenico Criscito', NULL),
(185, 'Mattia De Sciglio', NULL),
(186, 'Gabriel Alejandro Paletta', NULL),
(187, 'Antonio Candreva', NULL),
(188, 'Alessio Cerci', NULL),
(189, 'Emanuele Giaccherini', NULL),
(190, 'Christian Maggio', NULL),
(191, 'Claudio Marchisio', NULL),
(192, 'Riccardo Montolivo', NULL),
(193, 'Thiago Motta', NULL),
(194, 'Marco Parolo', NULL),
(195, 'Andrea Pirlo', NULL),
(196, 'Marco Verratti', NULL),
(197, 'Mattia Destro', NULL),
(198, 'Alberto Gilardino', NULL),
(199, 'Ciro Immobile', NULL),
(200, 'Lorenzo Insigne', NULL),
(201, 'Pablo Daniel Osvaldo', NULL),
(202, 'Panagiotis Glykos', NULL),
(203, 'Alexandros Tzorvas', NULL),
(204, 'José Holebas', NULL),
(205, 'Konstantinos Manolas', NULL),
(206, 'Avraam Papadopoulos', NULL),
(207, 'Dimitrios Siovas', NULL),
(208, 'Vassilis Torosidis', NULL),
(209, 'Georgios Tzavellas', NULL),
(210, 'Loukas Vyntra', NULL),
(211, 'Lazaros Christodoulopoulos', NULL),
(212, 'Ioannis Fetfatzidis', NULL),
(213, 'Giorgios Karagounis', NULL),
(214, 'Konstantinos Katsouranis', NULL),
(215, 'Giannis Maniatis', NULL),
(216, 'Andreas Samaris', NULL),
(217, 'Alexandros Tziolis', NULL),
(218, 'Konstantinos Mitroglou', NULL),
(219, 'Dimitrios Papadopoulos', NULL),
(220, 'Dimitris Salpingidis', NULL),
(221, 'Georgios Samaras', NULL),
(222, 'Fraser Forster', NULL),
(223, 'Ben Foster', NULL),
(224, 'Joe Hart', NULL),
(225, 'John Ruddy', NULL),
(226, 'Leighton Baines', NULL),
(227, 'Gary Cahill', NULL),
(228, 'Steven Caulker', NULL),
(229, 'Ashley Cole', NULL),
(230, 'Glen Johnson', NULL),
(231, 'Luke Shaw', NULL),
(232, 'Chris Smalling', NULL),
(233, 'Kyle Walker', NULL),
(234, 'Ross Barkley', NULL),
(235, 'Michael Carrick', NULL),
(236, 'Tom Cleverley', NULL),
(237, 'Steven Gerrard', NULL),
(238, 'Jordan Henderson', NULL),
(239, 'Adam Lallana', NULL),
(240, 'Frank Lampard', NULL),
(241, 'James Milner', NULL),
(242, 'Raheem Shaquille Sterling', NULL),
(243, 'Andros Townsend', NULL),
(244, 'Jack Wilshere', NULL),
(245, 'Jermain Defoe', NULL),
(246, 'Rickie Lambert', NULL),
(247, 'Alex Oxlade-Chamberlain', NULL),
(248, 'Jay Rodriguez', NULL),
(249, 'Wayne Rooney', NULL),
(250, 'Daniel Sturridge', NULL),
(251, 'Daniel Nii Tackie  Mensah Welbeck', NULL),
(252, 'Koen Casteels', NULL),
(253, 'Thibaut Courtois', NULL),
(254, 'Simon Mignolet', NULL),
(255, 'Toby Alderweireld', NULL),
(256, 'Laurent Ciman', NULL),
(257, 'Vincent Kompany', NULL),
(258, 'Nicolas Lombaerts', NULL),
(259, 'Sébastien Pocognoli', NULL),
(260, 'Daniel Van Buyten', NULL),
(261, 'Anthony Vanden Borre', NULL),
(262, 'Jan Vertonghen', NULL),
(263, 'Nacer Chadli', NULL),
(264, 'Kevin De Bruyne', NULL),
(265, 'Moussa Sidi Yaya Dembélé', NULL),
(266, 'Marouane Fellaini-Bakkioui', NULL),
(267, 'Eden Hazard', NULL),
(268, 'Adnan Januzaj', NULL),
(269, 'Radja Nainggolan', NULL),
(270, 'Timmy Simons', NULL),
(271, 'Axel Tomas Witsel', NULL),
(272, 'Christian Benteke Liolo', NULL),
(273, 'Romelu Menama Lukaku', NULL),
(274, 'Dries Mertens', NULL),
(275, 'Kevin Mirallas', NULL),
(276, 'Bill Hamid', NULL),
(277, 'Sean Johnson', NULL),
(278, 'Nick Rimando', NULL),
(279, 'Tony Beltran', NULL),
(280, 'Matt Besler', NULL),
(281, 'Omar Gonzalez', NULL),
(282, 'Clarence Goodson IV', NULL),
(283, 'Michael Parkhurst', NULL),
(284, 'DeAndre Yedlin', NULL),
(285, 'Kyle Beckerman', NULL),
(286, 'Michael Bradley', NULL),
(287, 'Brad Davis', NULL),
(288, 'Maurice Edu', NULL),
(289, 'Luis Gil', NULL),
(290, 'Eddie Johnson', NULL),
(291, 'Graham Zusi', NULL),
(292, 'Clint Dempsey', NULL),
(293, 'Landon Donovan', NULL),
(294, 'Julian Green', NULL),
(295, 'Chris Wondolowski', NULL),
(296, 'Claudio Andrés Bravo Muñoz', NULL),
(297, 'Paulo Andrés Garcés Contreras', NULL),
(298, 'Jhonny Cristián Herrera Muñoz', NULL),
(299, 'Cristopher Benjamín Toselli Ríos', NULL),
(300, 'Marcos Andrés González Salazar', NULL),
(301, 'Osvaldo Alexis González Sepúlveda', NULL),
(302, 'Gonzalo Alejandro Jara Reyes', NULL),
(303, 'Eugenio Esteban Mena Reveco', NULL),
(304, 'José Manuel Rojas Bahamondes', NULL),
(305, 'Charles Mariano Aránguiz Sandoval', NULL),
(306, 'Jean André Emanuel Beausejour Coliqueo', NULL),
(307, 'Carlos Emilio Carmona Tello', NULL),
(308, 'Marcelo Alfonso Diaz Rojas', NULL),
(309, 'Matías Ariel Fernández Fernández', NULL),
(310, 'José Pedro Fuenzalida Gana', NULL),
(311, 'Felipe Alejandro Gutiérrez Leiva', NULL),
(312, 'Mauricio Aníbal Isla Isla', NULL),
(313, 'Gary Alexis Medel Soto', NULL),
(314, 'Fabián Ariel Orellana Valenzuela', NULL),
(315, 'Francisco Andrés Silva Gajardo', NULL),
(316, 'Jorge Luís Valdivia Toro', NULL),
(317, 'Arturo Erasmo Vidal Pardo', NULL),
(318, 'Mauricio Ricardo Pinilla Ferreira', NULL),
(319, 'Alexis Alejandro Sánchez Sánchez', NULL),
(320, 'Eduardo Jesús Vargas Rojas', NULL),
(321, 'Jasper Cillessen', NULL),
(322, 'Jeroen Zoet', NULL),
(323, 'Daley Blind', NULL),
(324, 'Daryl Janmaat', NULL),
(325, 'Bruno Martins Indi', NULL),
(326, 'Karim Rekik', NULL),
(327, 'Gregory van der Wiel', NULL),
(328, 'Joël Veltman', NULL),
(329, 'Ron Vlaar', NULL),
(330, 'Jordy Clasie', NULL),
(331, 'Siem de Jong', NULL),
(332, 'Davy Klaassen', NULL),
(333, 'Quincy Promes', NULL),
(334, 'Arjen Robben', NULL),
(335, 'Stijn Schaars', NULL),
(336, 'Wesley Sneijder', NULL),
(337, 'Kevin Strootman', NULL),
(338, 'Jean-Paul Boëtius', NULL),
(339, 'Memphis Depay', NULL),
(340, 'Klaas-Jan Huntelaar', NULL),
(341, 'Dirk Kuyt', NULL),
(342, 'Robin van Persie', NULL),
(343, 'Hugo Lloris', NULL),
(344, 'Steve Mandanda', NULL),
(345, 'Stéphane Ruffier', NULL),
(346, 'Mathieu Debuchy', NULL),
(347, 'Lucas Digne', NULL),
(348, 'Patrice Evra', NULL),
(349, 'Laurent Koscielny', NULL),
(350, 'Eliaquim Mangala', NULL),
(351, 'Bacary Sagna', NULL),
(352, 'Mamadou Sakho', NULL),
(353, 'Raphaël Varane', NULL),
(354, 'Yohan Cabaye', NULL),
(355, 'Clément Grenier', NULL),
(356, 'Josuha Guilavogui', NULL),
(357, 'Blaise Matuidi', NULL),
(358, 'Paul Pogba', NULL),
(359, 'Franck Bilal Ribéry', NULL),
(360, 'Moussa Sissoko', NULL),
(361, 'Mathieu Valbuena', NULL),
(362, 'Karim Benzema', NULL),
(363, 'Olivier Giroud', NULL),
(364, 'Antoine Griezmann', NULL),
(365, 'Dimitri Payet', NULL),
(366, 'Loïc Rémy', NULL),
(367, 'Denis Boyko', NULL),
(368, 'Rustam Khudzhamov', NULL),
(369, 'Andriy Pyatov', NULL),
(370, 'Artem Fedetskiy', NULL),
(371, 'Yevhen Khacheridi', NULL),
(372, 'Olexandr Kucher', NULL),
(373, 'Evgeny Makarenko', NULL),
(374, 'Yaroslav Rakitskiy', NULL),
(375, 'Vyacheslav Shevchuk', NULL),
(376, 'Roman Bezus', NULL),
(377, 'Edmar Aparecido De Laserda', NULL),
(378, 'Denys Dedechko', NULL),
(379, 'Denys Garmash', NULL),
(380, 'Oleh Anatoliyovych Husyev', NULL),
(381, 'Dmytro Khomchenovskiy', NULL),
(382, 'Yevhen Konoplyanka', NULL),
(383, 'Mykola Morozyuk', NULL),
(384, 'Andrey Pilyavskiy', NULL),
(385, 'Ruslan Rotan', NULL),
(386, 'Taras Stepanenko', NULL),
(387, 'Sergiy Sydorchuk', NULL),
(388, 'Anatoliy Tymoshchuk', NULL),
(389, 'Marko Dević', NULL),
(390, 'Yevhen Seleznyov', NULL),
(391, 'Andriy Yarmolenko', NULL),
(392, 'Roman Zozulya', NULL),
(393, 'Igor Akinfeev', NULL),
(394, 'Yuri Lodygin', NULL),
(395, 'Sergei Ryzhikov', NULL),
(396, 'Maxim Belyaev', NULL),
(397, 'Vasiliy Berezutski', NULL),
(398, 'Andrey Eshchenko', NULL),
(399, 'Vladimir Granat', NULL),
(400, 'Sergei Ignashevich', NULL),
(401, 'Aleksey Kozlov', NULL),
(402, 'Evgeny Makeev', NULL),
(403, 'Georgi Schennikov', NULL),
(404, 'Igor Denisov', NULL),
(405, 'Alan Dzagoev', NULL),
(406, 'Viktor Faizulin', NULL),
(407, 'Denis Glushakov', NULL),
(408, 'Aleksey Ionov', NULL),
(409, 'Dmitri Kombarov', NULL),
(410, 'Alexander Ryazantsev', NULL),
(411, 'Alexandr Samedov', NULL),
(412, 'Oleg Shatov', NULL),
(413, 'Roman Shirokov', NULL),
(414, 'Yuri Zhirkov', NULL),
(415, 'Alexander Kerzhakov', NULL),
(416, 'Aleksandr Kokorin', NULL),
(417, 'Fyodor Smolov', NULL),
(418, 'Moisés Alberto Muñóz Rodríguez', NULL),
(419, 'Alfredo Talavera Díaz', NULL),
(420, 'Paul Nicolás Aguilar Rojas', NULL),
(421, 'Rogelio Alfredo Chavez Martínez', NULL),
(422, 'Miguel Arturo Layún Prado', NULL),
(423, 'Rafael Márquez Álvarez', NULL),
(424, 'Enrique Pérez Herrera', NULL),
(425, 'Francisco Javier Rodríguez Pinedo', NULL),
(426, 'Juan Carlos Valenzuela Hernández', NULL),
(427, 'Juan Carlos Medina Alonso', NULL),
(428, 'Luis Arturo Montes Jiménez', NULL),
(429, 'Carlos Alberto Peña Rodríguez', NULL),
(430, 'Miguel Ángel Ponce Briseño', NULL),
(431, 'Jesús Eduardo Zavala Castañeda', NULL),
(432, 'Isaác Brizuela Muñóz', NULL),
(433, 'Marco Jhonfai Fabián De La Mora', NULL),
(434, 'Raúl Alonso Jiménez Rodríguez', NULL),
(435, 'Alan Pulido Izaguirre', NULL),
(436, 'Stipe Pletikosa', NULL),
(437, 'Danijel Subašić', NULL),
(438, 'Vedran Ćorluka', NULL),
(439, 'Dejan Lovren', NULL),
(440, 'Gordon Schildenfeld', NULL),
(441, 'Darijo Srna', NULL),
(442, 'Ivan Strinić', NULL),
(443, 'Domagoj Vida', NULL),
(444, 'Šime Vrsaljko', NULL),
(445, 'Mateo Kovačić', NULL),
(446, 'Mate Maleš', NULL),
(447, 'Hrvoje Milić', NULL),
(448, 'Luka Modrić', NULL),
(449, 'Ivan Perišić', NULL),
(450, 'Danijel Pranjić', NULL),
(451, 'Ivan Rakitić', NULL),
(452, 'Ognjen Vukojević', NULL),
(453, 'Eduardo Alves da Silva', NULL),
(454, 'Nikica Jelavić', NULL),
(455, 'Mario Mandžukić', NULL),
(456, 'Ivica Olić', NULL),
(457, 'Ante Rebić', NULL),
(458, 'Boubacar Copa Barry', NULL),
(459, 'Guelassiognon Sylvain Gbohouo', NULL),
(460, 'Mandé Sayouba', NULL),
(461, 'Serge Aurier', NULL),
(462, 'Arthur Etienne Boka', NULL),
(463, 'Brice Dja Djédjé', NULL),
(464, 'Tohouri Zahoui Constant Djakpa', NULL),
(465, 'Siaka Chico Tiéné', NULL),
(466, 'Kolo Habib Touré', NULL),
(467, 'Ousmane Viera Diarrassouba', NULL),
(468, 'Ismaël Tiémoko Diomandé', NULL),
(469, 'Sereso Geoffroy Gonzaroua Die', NULL),
(470, 'Jean-Jacques Gosso Gosso', NULL),
(471, 'Christian Koffi Romaric N''Dri', NULL),
(472, 'Jean Michaël Seri', NULL),
(473, 'Cheikh Ismael Tioté', NULL),
(474, 'Gnégnéri Yaya Touré', NULL),
(475, 'Alain Didier Zokora-Déguy', NULL),
(476, 'Wilfried Bony', NULL),
(477, 'Seydou Doumbia', NULL),
(478, 'Didier Yves Drogba Tébily', NULL),
(479, 'Max-Alain Gradel', NULL),
(480, 'Salomon Armand Magloire Kalou', NULL),
(481, 'Gervais Lombe Yao Kouassi', NULL),
(482, 'Giovanni-Guy Yann Sio', NULL),
(483, 'Matt Gilks', NULL),
(484, 'David Marshall', NULL),
(485, 'Allan McGregor', NULL),
(486, 'Phil Bardsley', NULL),
(487, 'Christophe Berra', NULL),
(488, 'Gordon Greer', NULL),
(489, 'Grant Hanley', NULL),
(490, 'Alan Hutton', NULL),
(491, 'Russell Martin', NULL),
(492, 'Charlie Mulgrew', NULL),
(493, 'Andrew Robertson', NULL),
(494, 'Steven Whittaker', NULL),
(495, 'Charlie Adam', NULL),
(496, 'Ikechi Anya', NULL),
(497, 'Barry Bannan', NULL),
(498, 'Scott Brown', NULL),
(499, 'Chris Burke', NULL),
(500, 'Darren Fletcher', NULL),
(501, 'James Forrest', NULL),
(502, 'James Morrison', NULL),
(503, 'Robert Snodgrass', NULL),
(504, 'Steven Fletcher', NULL),
(505, 'Leigh Griffiths', NULL),
(506, 'Ross McCormack', NULL),
(507, 'Steven Naismith', NULL),
(508, 'Jonas Lössl', NULL),
(509, 'Stephan Maigaaird Andersen', NULL),
(510, 'Kasper Schmeichel', NULL),
(511, 'Andreas Bjelland', NULL),
(512, 'Lars Christian Jacobsen', NULL),
(513, 'Jesper Juelsgård Kristensen', NULL),
(514, 'Simon Thorup Kjær', NULL),
(515, 'Daniel Munthe Agger', NULL),
(516, 'Peter Svarrer Ankersen', NULL),
(517, 'Jakob Ankersen', NULL),
(518, 'Christian Dannemann Eriksen', NULL),
(519, 'Thomas Delaney', NULL),
(520, 'Thomas Kahlenberg', NULL),
(521, 'Michael Krohn-Dehli', NULL),
(522, 'Kasper Kusk', NULL),
(523, 'William Kvist Jørgensen', NULL),
(524, 'Emil Larsen', NULL),
(525, 'Danny Olsen', NULL),
(526, 'Jakob Bendix Uhd Poulsen', NULL),
(527, 'Casper Sloth', NULL),
(528, 'Niki Dige Zimling', NULL),
(529, 'Nicklas Bendtner', NULL),
(530, 'Martin Braithwaite', NULL),
(531, 'Simon Makienok Christoffersen', NULL),
(532, 'Morten Nicolas Rasmussen', NULL),
(533, 'Ahmed Naser Mahmoud Al Shenawy', NULL),
(534, 'Sherif Ekramy Ahmed', NULL),
(535, 'Essam Kamal Tawfik El Hadary', NULL),
(536, 'Shawki Al Saied', NULL),
(537, 'Ali Ghazal', NULL),
(538, 'Ahmed Mohamed Saied Hamed', NULL),
(539, 'Ahmed Fathy Abdel Meneim Ibrahim', NULL),
(540, 'Rami Hisham Abdel Aziz Rabia', NULL),
(541, 'Ahmed Eissa El Mohamady Abdel Fattah', NULL),
(542, 'Ibrahim Abdul Khaleq', NULL),
(543, 'Mohamed El Nenny', NULL),
(544, 'Mohamed Farouk', NULL),
(545, 'Hossam El Sayed Ghaly', NULL),
(546, 'Mohamed Salah Ghaly', NULL),
(547, 'Saleh Gomaa', NULL),
(548, 'Tarek Hamed', NULL),
(549, 'Ahmed Hamoudi', NULL),
(550, 'Ibrahim Hassan', NULL),
(551, 'Mohamed Ragab', NULL),
(552, 'Mohamed Nagy Ismail Afash', NULL),
(553, 'Khaled Kamar', NULL),
(554, 'Amr Gamal Sayed Ahmed', NULL),
(555, 'Asmir Avdukić', NULL),
(556, 'Asmir Begović', NULL),
(557, 'Jasmin Fejzić', NULL),
(558, 'Ermin Bičakčić', NULL),
(559, 'Sead Kolašinac', NULL),
(560, 'Mensur Mujdža', NULL),
(561, 'Emir Spahić', NULL),
(562, 'Toni Šunjić', NULL),
(563, 'Ognjen Vranješ', NULL),
(564, 'Avdija Vršajević', NULL),
(565, 'Ervin Zukanović', NULL),
(566, 'Anel Hadžić', NULL),
(567, 'Izet Hajrović', NULL),
(568, 'Zoran Kvržić', NULL),
(569, 'Senad Lulić', NULL),
(570, 'Haris Medunjanin', NULL),
(571, 'Samir Muratovic', NULL),
(572, 'Miralem Pjanić', NULL),
(573, 'Sejad Salihović', NULL),
(574, 'Tino Sušić', NULL),
(575, 'Edin Višća', NULL),
(576, 'Edin Džeko', NULL),
(577, 'Vedad Ibišević', NULL),
(578, 'Johan Dahlin', NULL),
(579, 'Andreas Isaksson', NULL),
(580, 'Karl-Johan Johnsson', NULL),
(581, 'Mikael Antonsson', NULL),
(582, 'Pierre Bengtsson', NULL),
(583, 'Rasmus Bengtsson', NULL),
(584, 'Joel Ekstrand', NULL),
(585, 'Emil Krafth', NULL),
(586, 'Per Nilsson', NULL),
(587, 'Martin Olsson', NULL),
(588, 'Jimmy Durmaz', NULL),
(589, 'Albin Ekdal', NULL),
(590, 'Rasmus Elm', NULL),
(591, 'Oscar Hiljemark', NULL),
(592, 'Alexander Kačaniklić', NULL),
(593, 'Sebastian Larsson', NULL),
(594, 'Muamer Tankovic', NULL),
(595, 'Pontus Wernbloom', NULL),
(596, 'Erkan Zengin', NULL),
(597, 'Marcus Berg', NULL),
(598, 'Johan Elmander', NULL),
(599, 'Zlatan Ibrahimovic', NULL),
(600, 'Ola Toivonen', NULL),
(601, 'Azzedine Doukha', NULL),
(602, 'Raïs M''Bolhi Ouhab', NULL),
(603, 'Cédric Si Mohamed', NULL),
(604, 'Mohamed Amine Zemmamouche', NULL),
(605, 'Essaïd Belkalem', NULL),
(606, 'Madjid Bougherra', NULL),
(607, 'Liassine Cadamuro Bentaïba', NULL),
(608, 'Faouzi Ghoulam', NULL),
(609, 'Rafik Halliche', NULL),
(610, 'Aïssa Mandi', NULL),
(611, 'Djamel Eddine Mesbah', NULL),
(612, 'Ali Rial', NULL),
(613, 'Nabil Bentaleb', NULL),
(614, 'Yacine Brahimi', NULL),
(615, 'Abdelmoumene Djabou', NULL),
(616, 'Zinedine Ferhat', NULL),
(617, 'Adlène Guédioura', NULL),
(618, 'Foued Kadir', NULL),
(619, 'Nacer Eddine Khoualed', NULL),
(620, 'Mehdi Lacen', NULL),
(621, 'Carl Medjani', NULL),
(622, 'Mehdi Mostefa Sbaa', NULL),
(623, 'Saphir  Sliti Taïder', NULL),
(624, 'Hassan Yebda', NULL),
(625, 'Rafik Zoheir Djebbour', NULL),
(626, 'Nabil Ghilas', NULL),
(627, 'Islam Slimani', NULL),
(628, 'Hilal El Arbi Soudani', NULL),
(629, 'Máximo Orlando Banguera Valdiviezo', NULL),
(630, 'Adrián Javier Bone Sánchez', NULL),
(631, 'Alexander Domínguez Carabalí', NULL),
(632, 'Gabriel Eduardo Achilier Zurita', NULL),
(633, 'Walter Orlando Ayoví Corozo', NULL),
(634, 'Oscar Dalmiro Bagüí Angulo', NULL),
(635, 'Frickson Rafael Erazo Vivero', NULL),
(636, 'Jorge Daniel Guagua Tamayo', NULL),
(637, 'Juan Carlos Paredes Reasco', NULL),
(638, 'Cristian Leonel Ramírez Zambrano', NULL),
(639, 'Segundo Alejandro Castillo Nazareno', NULL),
(640, 'Fernando Vicente Gaibor Orellana', NULL),
(641, 'Édison Vicente Méndez Méndez', NULL),
(642, 'Christian Noboa Tello', NULL),
(643, 'Luis Fernando Saritama Padilla', NULL),
(644, 'Luis Antonio Valencia Mosquera', NULL),
(645, 'Felipe Salvador Caicedo Corozo', NULL),
(646, 'Alex Renato Ibarra Mina', NULL),
(647, 'Fidel Francisco Martínez Tenorio', NULL),
(648, 'Jefferson Antonio Montero Vite', NULL),
(649, 'Enner Remberto Valencia Lastra', NULL),
(650, 'Vid Belec', NULL),
(651, 'Samir Handanovič', NULL),
(652, 'Jan Oblak', NULL),
(653, 'Gregor Balažic', NULL),
(654, 'Mišo Brečko', NULL),
(655, 'Boštjan Cesar', NULL),
(656, 'Branko Ilič', NULL),
(657, 'Bojan Jokić', NULL),
(658, 'Miral Samardžić', NULL),
(659, 'Andraž Struna', NULL),
(660, 'Valter Birsa', NULL),
(661, 'Josip Iličić', NULL),
(662, 'Kevin Kampl', NULL),
(663, 'Rene Krhin', NULL),
(664, 'Jasmin Kurtič', NULL),
(665, 'Aleš Mertelj', NULL),
(666, 'Martin Milec', NULL),
(667, 'Nejc Pečnik', NULL),
(668, 'Roman Bezjak', NULL),
(669, 'Andraž Kirm', NULL),
(670, 'Tim Matavž', NULL),
(671, 'Željko Brkić', NULL),
(672, 'Vladimir Stojković', NULL),
(673, 'Dušan Basta', NULL),
(674, 'Milan Biševac', NULL),
(675, 'Branislav Ivanović', NULL),
(676, 'Aleksandar Kolarov', NULL),
(677, 'Antonio Rukavina', NULL),
(678, 'Nenad Tomović', NULL),
(679, 'Ljubomir Fejsa', NULL),
(680, 'Nemanja Gudelj', NULL),
(681, 'Nenad Krstičić', NULL),
(682, 'Nemanja Matić', NULL),
(683, 'Radoslav Petrović', NULL),
(684, 'Zoran Tošić', NULL),
(685, 'Adem Ljajić', NULL),
(686, 'Lazar Marković', NULL),
(687, 'Stefan Šćepović', NULL),
(688, 'Miralem Sulejmani', NULL),
(689, 'Dušan Tadić', NULL),
(690, 'Filip Đorđević', NULL),
(691, 'Alexandru Buzbuchi', NULL),
(692, 'Costel Fane Pantilimon', NULL),
(693, 'Ciprian Anton Tătăruşanu', NULL),
(694, 'Răzvan Dincă Raţ', NULL),
(695, 'Florin Gardoş', NULL),
(696, 'Dragoș Grigore', NULL),
(697, 'Srdjan Luchin', NULL),
(698, 'Alexandru Măţel', NULL),
(699, 'Paul Papp', NULL),
(700, 'Laurențiu Daniel Rus', NULL),
(701, 'Paul Viorel Anton', NULL),
(702, 'Alexandru Bourceanu', NULL),
(703, 'Alexandru Mihăiţă Chipciu', NULL),
(704, 'Steliano Filip', NULL),
(705, 'Costin Lazăr', NULL),
(706, 'Alexandru Iulian Maxim', NULL),
(707, 'Mihai Doru Pintilii', NULL),
(708, 'Cristian Tănase', NULL),
(709, 'Gabriel Andrei Torje', NULL),
(710, 'Gheorghe Teodor Grozav', NULL),
(711, 'Ciprian Andrei Marica', NULL),
(712, 'Raul Andrei Rusescu', NULL),
(713, 'Bogdan Sorin Stancu', NULL),
(714, 'Donis Salatiel Escober Izaguirre', NULL),
(715, 'Luis Aurelio Lopez Fernandez', NULL),
(716, 'Noel Eduardo Valladares Bonilla', NULL),
(717, 'Víctor Salvador Bernárdez Blanco', NULL),
(718, 'Henry Raúl Clark Peña', NULL),
(719, 'Maynor Alexis Figueroa Róchez', NULL),
(720, 'Juan Carlos García', NULL),
(721, 'Emilio Arturo Izaguirre Girón', NULL),
(722, 'José Walther Williams Castillo', NULL),
(723, 'Bryan Josue Acosta Ramos', NULL),
(724, 'Marvin Antonio Chávez', NULL),
(725, 'Jorge Aarón Claros Juárez', NULL),
(726, 'Edder Gerardo Delgado Zerón', NULL),
(727, 'Róger Espinoza Ramírez', NULL),
(728, 'Óscar Boniek García Ramírez', NULL),
(729, 'Luis Fernando Garrido', NULL),
(730, 'Andy Aryel Najar Rodriguez', NULL),
(731, 'Arnold Fabian Peralta Sosa', NULL),
(732, 'Jerry Ricardo Bengtson Bodden', NULL),
(733, 'Rony Darío Martínez Alméndarez', NULL),
(734, 'Jerry Nelson Palacios Suazo', NULL),
(735, 'Romell Samir Quioto Robinson', NULL),
(736, 'Diego Antonio Reyes Sandoval', NULL),
(737, 'Arsen Beglaryan', NULL),
(738, 'Roman Berezovskiy', NULL),
(739, 'Gevorg Kasparov', NULL),
(740, 'Robert Arzumanyan', NULL),
(741, 'Artur Hakobyan', NULL),
(742, 'Hovhannes Hambardzumyan', NULL),
(743, 'Varazdat Haroyan', NULL),
(744, 'Hrayr Mkoyan', NULL),
(745, 'Artak Dashyan', NULL),
(746, 'Gevorg Ghazaryan', NULL),
(747, 'David Hakobyan', NULL),
(748, 'Kamo Hovhannisyan', NULL),
(749, 'Henrikh Mkhitaryan', NULL),
(750, 'Karlen Mkrtchyan', NULL),
(751, 'Karen Muradyan', NULL),
(752, 'Aras Özbiliz', NULL),
(753, 'Aghvan Papikyan', NULL),
(754, 'Marcos Piñeiro Pizzelli', NULL),
(755, 'Taron Voskanyan', NULL),
(756, 'Artak Yedigaryan', NULL),
(757, 'Artur Yedigaryan', NULL),
(758, 'Sargis Adamyan', NULL),
(759, 'Yura Movsisyan', NULL),
(760, 'Artur Sarkisov', NULL),
(761, 'Keilor Navas Gamboa', NULL),
(762, 'Patrick Alberto Pemberton Bernard', NULL),
(763, 'Jhonny Acosta Zamora', NULL),
(764, 'Júnior Enrique Díaz Campbell', NULL),
(765, 'Óscar Esau Duarte Gaitán', NULL),
(766, 'Waylon Dwayne Francis Box', NULL),
(767, 'Cristian Gamboa Luna', NULL),
(768, 'Geancarlo González Castro', NULL),
(769, 'Roy Miller Hernández', NULL),
(770, 'José Andrés Salvatierra López', NULL),
(771, 'Michael Umaña Corrales', NULL),
(772, 'Michael Barrantes Rojas', NULL),
(773, 'Cristian Bolaños Navarro', NULL),
(774, 'Celso Borges Mora', NULL),
(775, 'José Miguel Cubero Loria', NULL),
(776, 'Óscar Esteban Granados Maroto', NULL),
(777, 'Yeltsin Ignacio Tejeda Valverde', NULL),
(778, 'Diego Gerardo Calvo Fonseca', NULL),
(779, 'Joel Nathaniel Campbell Samuels', NULL),
(780, 'John Jairo Ruiz Barrantes', NULL),
(781, 'Bryan Ruiz González', NULL),
(782, 'Álvaro Alberto Saborío Chacón', NULL),
(783, 'Marcos Danilo Ureña Porras', NULL),
(784, 'Luis Mejía Cajar', NULL),
(785, 'Jaime Manuel Penedo Cano', NULL),
(786, 'Alex Rodríguez', NULL),
(787, 'Felipe Abdiel Baloy Ramírez', NULL),
(788, 'Eybir Olmedo Bonaga Cerrud', NULL),
(789, 'Roberto Leandro Chen Rodríguez', NULL),
(790, 'Harold Oshkaly Cummings Segura', NULL),
(791, 'Eduardo César Dasent Paz', NULL),
(792, 'Richard Dixon', NULL),
(793, 'Luis Alfonso Henríquez Ledezma', NULL),
(794, 'Leonel Parris', NULL),
(795, 'Carlos Gabriel Rodríguez Orantes', NULL),
(796, 'Román Aureliano Torres Morcillo', NULL),
(797, 'Aníbal Cesis Godoy', NULL),
(798, 'Gabriel Enrique Gómez Girón', NULL),
(799, 'Amílcar Henríquez Espinosa', NULL),
(800, 'Jairo Joseth Jiménez Robles', NULL),
(801, 'Juan de Dios Pérez Quijada', NULL),
(802, 'Alberto Abdiel Quintero Medina', NULL),
(803, 'Alcibíades Rojas', NULL),
(804, 'Marcos Anibal Sánchez Mullins', NULL),
(805, 'Rolando Manrique Blackburn Ortega', NULL),
(806, 'Yairo Armando Glaize Yau', NULL),
(807, 'Blas Antonio Miguel Pérez Ortega', NULL),
(808, 'Luis Carlos Tejada Hansell', NULL),
(809, 'Gabriel Arturo Torres Tejada', NULL),
(810, 'Cecilio Alfonso Waterman Ruiz', NULL),
(811, 'Petr Čech', NULL),
(812, 'Tomáš Vaclík', NULL),
(813, 'Theodor Gebre Selassie', NULL),
(814, 'Michal Kadlec', NULL),
(815, 'David Limberský', NULL),
(816, 'Ondřej Mazuch', NULL),
(817, 'František Rajtoral', NULL),
(818, 'Marek Suchý', NULL),
(819, 'Vladimír Darida', NULL),
(820, 'Bořek Dočkal', NULL),
(821, 'Adam Hloušek', NULL),
(822, 'Tomáš Hübschman', NULL),
(823, 'Josef Husbauer', NULL),
(824, 'Daniel Kolář', NULL),
(825, 'Ladislav Krejci', NULL),
(826, 'Daniel Pudil', NULL),
(827, 'Tomáš Rosický', NULL),
(828, 'David Lafata', NULL),
(829, 'Matěj Vydra', NULL),
(830, 'Rahman Ahmadi', NULL),
(831, 'Daniel Davari', NULL),
(832, 'Ali Reza Haghighi', NULL),
(833, 'Hamed Lak', NULL),
(834, 'Sosha Makani', NULL),
(835, 'Alireza Safar Beiranvand', NULL),
(836, 'Stephen Adams', NULL),
(837, 'Adam Larsen Kwarasey', NULL),
(838, 'David Nii Addy', NULL),
(839, 'Jerry Akaminko', NULL),
(840, 'John Boye', NULL),
(841, 'Samuel Inkoom', NULL),
(842, 'Jonathan Mensah', NULL),
(843, 'Daniel Tawiah Opare', NULL),
(844, 'Albert Danquah Adomah', NULL),
(845, 'Emmanuel Agyemang-Badu', NULL),
(846, 'Kwadwo Asamoah', NULL),
(847, 'Kevin-Prince Boateng', NULL),
(848, 'Michael Essien', NULL),
(849, 'Wakaso Mubarak', NULL),
(850, 'Sulley Ali Muntari', NULL),
(851, 'Christian Twasam Atsu', NULL),
(852, 'Jordan Ayew', NULL),
(853, 'André Ayew Pelé', NULL),
(854, 'Asamoah Gyan', NULL),
(855, 'Abdul Majeed Waris', NULL),
(856, 'Volkan Demirel', NULL),
(857, 'Onur Recep Kivrak', NULL),
(858, 'Tolga Zengin', NULL),
(859, 'Uğur Demirok', NULL),
(860, 'İshak Doğan', NULL),
(861, 'Gökhan Gönül', NULL),
(862, 'Ersan Adem Gülüm', NULL),
(863, 'Semih Kaya', NULL),
(864, 'Olcan Adın', NULL),
(865, 'Tarik Camdal', NULL),
(866, 'Murat Duruer', NULL),
(867, 'Caner Erkin', NULL),
(868, 'Selçuk İnan', NULL),
(869, 'Alper Potuk', NULL),
(870, 'Olcay Şahan', NULL),
(871, 'Nuri Şahin', NULL),
(872, 'Mehmet Topal', NULL),
(873, 'Arda Turan', NULL),
(874, 'Umut Bulut', NULL),
(875, 'Adem Büyük', NULL),
(876, 'Mevlüt Erdinç', NULL),
(877, 'Birol Parlak', NULL),
(878, 'Burak Yılmaz', NULL),
(879, 'Robert Almer', NULL),
(880, 'Heinz Lindner', NULL),
(881, 'Ramazan Özcan', NULL),
(882, 'Aleksandar Dragovic', NULL),
(883, 'Christian Fuchs', NULL),
(884, 'György Garics', NULL),
(885, 'Martin Hinteregger', NULL),
(886, 'Florian Klein', NULL),
(887, 'David Olatukunbo Alaba', NULL),
(888, 'Emanuel Pogatetz', NULL),
(889, 'Sebastian Prödl', NULL),
(890, 'Markus Suttner', NULL),
(891, 'Stefan Ilsanker', NULL),
(892, 'Zlatko Junuzović', NULL),
(893, 'Veli Kavlak', NULL),
(894, 'Christoph Leitgeb', NULL),
(895, 'Marko Arnautović', NULL),
(896, 'Martin Harnik', NULL),
(897, 'Lukas Hinterseer', NULL),
(898, 'Andreas Ivanschitz', NULL),
(899, 'Marc Janko', NULL),
(900, 'Marcel Sabitzer', NULL),
(901, 'Andreas Weimann', NULL),
(902, 'José David Contreras Verna', NULL),
(903, 'José Leonardo Morales Lares', NULL),
(904, 'Alexander David González Sibulo', NULL),
(905, 'Javier Alejandro González Tupper', NULL),
(906, 'Grenddy Adrián Perozo Rincón', NULL),
(907, 'Rubert José Quijada Fasciana', NULL),
(908, 'Roberto José Rosales Altuve', NULL),
(909, 'Oswaldo Augusto Vizcarrondo Araújo', NULL),
(910, 'Arquímedes José Figuera Salazar', NULL),
(911, 'Agnel José Flores Hernández', NULL),
(912, 'Alejandro Abraham Guerra Morales', NULL),
(913, 'Edgar Hernán Jiménez González', NULL),
(914, 'Yohandry José Orozco Cujía', NULL),
(915, 'Rómulo Otero Vásquez', NULL),
(916, 'Pedro Antonio Ramírez Paredes', NULL),
(917, 'Luis Manuel Seijas Gunther', NULL),
(918, 'Fernando Luis Aristeguieta de Luca', NULL),
(919, 'Dany Cure', NULL),
(920, 'Josef Alexander Martínez', NULL),
(921, 'Gelmin Javier Rivas Boada', NULL),
(922, 'Josimar José Évora Dias', NULL),
(923, 'Fredson Jorge Ramos Tavares', NULL),
(924, 'Admilson Estaline Dias de Barros', NULL),
(925, 'Ianique dos Santos Tavares', NULL),
(926, 'Nivaldo Alves Freitas Santos', NULL),
(927, 'Fernando Lopes dos Santos Varela', NULL),
(928, 'Carlos Daniel Silveira da Graça', NULL),
(929, 'Luís Carlos Almada Soares', NULL),
(930, 'Marco Paulo da Silva Soares', NULL),
(931, 'Sidnei dos Reis Mariano', NULL),
(932, 'Carlos Lima', NULL),
(933, 'Garry Mendes Rodrigues', NULL),
(934, 'Elvis Manuel Monteiro Macedo', NULL),
(935, 'Toni Santos Varela Monteiro', NULL),
(936, 'Héldon Augusto Almeida Ramos', NULL),
(937, 'Odaïr Junior Lopes Fortes', NULL),
(938, 'Ryan Isaac Mendes da Graça', NULL),
(939, 'Armindo Rodrigues Mendes Furtado', NULL),
(940, 'Carlos Emanuel Soares Tavares', NULL),
(941, 'Júlio Tavares', NULL),
(942, 'Jorge Djaniny Tavares Semedo', NULL),
(943, 'José Aurelio Carvallo Alonso', NULL),
(944, 'Salomon Alexis Libman Pastor', NULL),
(945, 'Diego Alonso Roberto Penny Valdéz', NULL),
(946, 'Santiago Wilmer Acasiete Ariadela', NULL),
(947, 'Jesús Martín Álvarez Hurtado', NULL),
(948, 'Roberto Efraín Koichi Aparicio Mori', NULL),
(949, 'Diego Armando Chávez Ramos', NULL),
(950, 'Orlando Contreras Collantes', NULL),
(951, 'Néstor Alonso Duarte Carassa', NULL),
(952, 'Gianmarco Gambetta Sponza', NULL),
(953, 'Alberto Junior Rodríguez Valdelomar', NULL),
(954, 'Aurelio Saco Vértiz Figari', NULL),
(955, 'Víctor Yoshimar Yotún Flores', NULL),
(956, 'Carlos Augusto Zambrano Ochandarte', NULL),
(957, 'Luis Jan Piers Advíncula Castrillón', NULL),
(958, 'Álvaro Ampuero García Rossell', NULL),
(959, 'Josepmir Aarón Ballón Villacorta', NULL),
(960, 'Cristian Benavente Bristol', NULL),
(961, 'Paulo Rinaldo Cruzado Durand', NULL),
(962, 'Jefferson Agustin Farfán Guadalupe', NULL),
(963, 'Edwin Alexi Gómez Gutiérrez', NULL),
(964, 'Christopher Paolo César Hurtado Huertas', NULL),
(965, 'Carlos Augusto Lobatón Espejo', NULL),
(966, 'Luis Alberto Ramírez Lucay', NULL),
(967, 'Edwin Retamoso Palomino', NULL),
(968, 'José Yordy Reyna Serna', NULL),
(969, 'Juan Manuel Vargas Risco', NULL),
(970, 'Óscar Christopher Vílchez', NULL),
(971, 'Irven Beybe Ávila Acero', NULL),
(972, 'André Martín Carrillo Díaz', NULL),
(973, 'José Paolo Guerrero González', NULL),
(974, 'Claudio Miguel Pizarro Bossio', NULL),
(975, 'Raúl Mario Ruidíaz Misitich', NULL),
(976, 'János Balogh', NULL),
(977, 'Ádám Bogdán', NULL),
(978, 'Péter Gulácsi', NULL),
(979, 'Tamas Horváth', NULL),
(980, 'Richárd Guzmics', NULL),
(981, 'Tibor Heffler', NULL),
(982, 'Roland Juhász', NULL),
(983, 'Tamás Kádár', NULL),
(984, 'Mihály Korhut', NULL),
(985, 'Pál Lázár', NULL),
(986, 'Zoltán Lipták', NULL),
(987, 'Leandro Marcolini Pedroso de Almeida', NULL),
(988, 'Vilmos Vanczák', NULL),
(989, 'Daniel Böde', NULL),
(990, 'Balázs Dzsudzsák', NULL),
(991, 'Ákos Elek', NULL),
(992, 'Vladimir Koman Jr.', NULL),
(993, 'Zsolt Laczkó', NULL),
(994, 'Mark Orosz', NULL),
(995, 'Máté Pátkai', NULL),
(996, 'Zsolt Pölöskei', NULL),
(997, 'György Sándor', NULL),
(998, 'Zoltán Stieber', NULL),
(999, 'Péter Szakály', NULL),
(1000, 'Lóránd Szatmári', NULL),
(1001, 'Dániel Tőzsér', NULL),
(1002, 'József Varga', NULL),
(1003, 'Ádám Vass', NULL),
(1004, 'Marko Futacs', NULL),
(1005, 'Ádám Gyurcsó', NULL),
(1006, 'Laszlo Lencse', NULL),
(1007, 'Gergő Lovrencsics', NULL),
(1008, 'Nemanja Nikolić', NULL),
(1009, 'Tamás Priskin', NULL),
(1010, 'Gergely Rudolf', NULL),
(1011, 'Roland Varga', NULL),
(1012, 'Augustine Amamchukwu Ejide', NULL),
(1013, 'Vincent Enyeama', NULL),
(1014, 'Efetobore Ambrose Emuobo', NULL),
(1015, 'Leon-Aderemi Balogun', NULL),
(1016, 'Elderson Uwa Echiejile', NULL),
(1017, 'Azubuike Egwuekwe', NULL),
(1018, 'Ebenezer Odunlami Kunle', NULL),
(1019, 'Godfrey Oboabona Itama', NULL),
(1020, 'Kenneth Josiah Omeruo', NULL),
(1021, 'Juwon Oshaniwa', NULL),
(1022, 'Abdullahi Shehu', NULL),
(1023, 'Joseph Phillip Yobo', NULL),
(1024, 'Ramon Olamilekan Azeez', NULL),
(1025, 'Victor Moses', NULL),
(1026, 'John Michael Nchekwube Obinna', NULL),
(1027, 'Ogenyi Eddy Onazi', NULL),
(1028, 'Christantus Ejike Uzoenyi', NULL),
(1029, 'Shola Ameobi', NULL),
(1030, 'Chinedu Bright Dike', NULL),
(1031, 'Emmanuel Emenike', NULL),
(1032, 'Imoh Ezekiel', NULL),
(1033, 'Ahmed Musa', NULL),
(1034, 'Victor Obinna Nsofor', NULL),
(1035, 'Michael Uchebo', NULL),
(1036, 'Tomáš Košický', NULL),
(1037, 'Matúš Kozáčik', NULL),
(1038, 'Ján Mucha', NULL),
(1039, 'Marián Čišovský', NULL),
(1040, 'Ján Ďurica', NULL),
(1041, 'Norbert Gyömbér', NULL),
(1042, 'Tomáš Hubočan', NULL),
(1043, 'Peter Pekarík', NULL),
(1044, 'Kornel Saláta', NULL),
(1045, 'Martin Škrtel', NULL),
(1046, 'Marek Hamšík', NULL),
(1047, 'Filip Kiss', NULL),
(1048, 'Róbert Mak', NULL),
(1049, 'Viktor Pecovsky', NULL),
(1050, 'Stanislav Šesták', NULL),
(1051, 'Samuel Štefánik', NULL),
(1052, 'Miroslav Stoch', NULL),
(1053, 'Dušan Švento', NULL),
(1054, 'Vladimír Weiss', NULL),
(1055, 'Michal Duris', NULL),
(1056, 'Filip Hološko', NULL),
(1057, 'Martin Jakubko', NULL),
(1058, 'Adam Nemec', NULL),
(1059, 'Shuichi Gonda', NULL),
(1060, 'Eiji Kawashima', NULL),
(1061, 'Shusaku Nishikawa', NULL),
(1062, 'Masahiko Inoha', NULL),
(1063, 'Yūichi Komano', NULL),
(1064, 'Yasuyuki Konno', NULL),
(1065, 'Masato Morishige', NULL),
(1066, 'Yuto Nagatomo', NULL),
(1067, 'Gotoku Sakai', NULL),
(1068, 'Hiroki Sakai', NULL),
(1069, 'Maya Yoshida', NULL),
(1070, 'Toshihiro Aoyama', NULL),
(1071, 'Yasuhito Endō', NULL),
(1072, 'Hajime Hosogai', NULL),
(1073, 'Hiroshi Kiyotake', NULL),
(1074, 'Shinji Okazaki', NULL),
(1075, 'Hotaru Yamaguchi', NULL),
(1076, 'Keisuke Honda', NULL),
(1077, 'Shinji Kagawa', NULL),
(1078, 'Masato Kudo', NULL),
(1079, 'Yuya Osako', NULL),
(1080, 'Manabu Saito', NULL),
(1081, 'Yohei Toyoda', NULL),
(1082, 'Wayne Hennessey', NULL),
(1083, 'Glyn Oliver Myhill', NULL),
(1084, 'Owain Fon Williams', NULL),
(1085, 'James Collins', NULL),
(1086, 'Ben Davies', NULL),
(1087, 'Danny Gabbidon', NULL),
(1088, 'Chris Gunter', NULL),
(1089, 'Adam Matthews', NULL),
(1090, 'Sam Ricketts', NULL),
(1091, 'Neil Taylor', NULL),
(1092, 'Ashley Williams', NULL),
(1093, 'Joe Allen', NULL),
(1094, 'Gareth Bale', NULL),
(1095, 'Jack Collison', NULL),
(1096, 'Andy King', NULL),
(1097, 'Ashley Richards', NULL),
(1098, 'Hal Robson-Kanu', NULL),
(1099, 'Jonny Williams', NULL),
(1100, 'Jermaine Easter', NULL),
(1101, 'Emyr Huws', NULL),
(1102, 'Sam Vokes', NULL),
(1103, 'Farouk Ben Mustapha', NULL),
(1104, 'Atef Dkhili', NULL),
(1105, 'Hamdi Kasraoui', NULL),
(1106, 'Syam Ben Youssef', NULL),
(1107, 'Ammar Jemal', NULL),
(1108, 'Ali Maâloul', NULL),
(1109, 'Yassine Salim Mikari', NULL),
(1110, 'Mohamed Ali Yacoubi', NULL),
(1111, 'Alaeddine Yahia', NULL),
(1112, 'Hattene Baratli', NULL),
(1113, 'Änis Ben-Hatira', NULL),
(1114, 'Zouhaier Dhaouadi', NULL),
(1115, 'Wahbi Khazri', NULL),
(1116, 'Stephane Houcine Nater', NULL),
(1117, 'Hocine Ragued', NULL),
(1118, 'Adem Rejaibi', NULL),
(1119, 'Ferjani Sassi', NULL),
(1120, 'Fakhreddine Ben Youssef', NULL),
(1121, 'Oussama Darragi', NULL),
(1122, 'Issam Jemâa', NULL),
(1123, 'Saber Khalifa', NULL),
(1124, 'Hamza Mathlouthi', NULL),
(1125, 'Hamza Younès', NULL),
(1126, 'Charles-Hubert Itandje', NULL),
(1127, 'Guy Rolland N''Dy Assembé', NULL),
(1128, 'Sammy Ndjock', NULL),
(1129, 'Benoît Assou-Ekotto', NULL),
(1130, 'Macky Frank Bagnack Mouegni', NULL),
(1131, 'Henri Bedimo Nsamè', NULL),
(1132, 'Gaëtan Bong Songo', NULL),
(1133, 'Aurélien Bayard Chedjou Fongang', NULL),
(1134, 'Jean-Armel Kana-Biyik', NULL),
(1135, 'Joël Job Matip', NULL),
(1136, 'Nicolas Alexis Julio N''Koulou N''Doubena', NULL),
(1137, 'Dany Achille Nounkeu Tchounkeu', NULL),
(1138, 'Allan Romeo Nyom', NULL),
(1139, 'Eyong Tarkang Enoh', NULL),
(1140, 'Jean II Makoun', NULL),
(1141, 'Landry Joel Tsafack N''Guémo', NULL),
(1142, 'Alexandre Dimitri Song-Billong', NULL),
(1143, 'Vincent Paté Aboubakar', NULL),
(1144, 'Jean-Eric Maxim Choupo-Moting', NULL),
(1145, 'Jean Marie Dongou Tsafack', NULL),
(1146, 'Samuel Eto''o Fils', NULL),
(1147, 'Mohammadou Idrissou', NULL),
(1148, 'Benjamin Moukandjo Bilé', NULL),
(1149, 'Abdul Aziz Keita', NULL),
(1150, 'Naby-Moussa Yattara', NULL),
(1151, 'Aboubacar Bwanga Camara', NULL),
(1152, 'Abdoulayé Cissé', NULL),
(1153, 'Kévin Constant', NULL),
(1154, 'Mohammed Diarra', NULL),
(1155, 'Boubacar Fofana', NULL),
(1156, 'Djibril Tamsir Paye', NULL),
(1157, 'Florentin Pogba', NULL),
(1158, 'Baissama Sankoh', NULL),
(1159, 'Issiaga Sylla', NULL),
(1160, 'Thierno Bah', NULL),
(1161, 'Ibrahima Sory Conté', NULL),
(1162, 'Abdoulaye Sadio Diallo', NULL),
(1163, 'Djiba Keita', NULL),
(1164, 'Guy Lucien Michel Landel', NULL),
(1165, 'Seydouba Soumah', NULL),
(1166, 'Idrissa Sylla', NULL),
(1167, 'Ibrahima Traoré', NULL),
(1168, 'Alhassane Bangoura', NULL),
(1169, 'Salim Cissé', NULL),
(1170, 'Mohamed Lamine Yattara', NULL),
(1171, 'Lucas Hradecky', NULL),
(1172, 'Niki Mäenpää', NULL),
(1173, 'Henri Sillanpää', NULL),
(1174, 'Kari Arkivuo', NULL),
(1175, 'Tero Mäntylä', NULL),
(1176, 'Joel Mero', NULL),
(1177, 'Niklas Moisander', NULL),
(1178, 'Juhani Ojala', NULL),
(1179, 'Joona Toivio', NULL),
(1180, 'Jere Uronen', NULL),
(1181, 'Roman Eremenko', NULL),
(1182, 'Markus Halsti', NULL),
(1183, 'Mehmet Hetemaj', NULL),
(1184, 'Perparim Hetemaj', NULL),
(1185, 'Toni Kolehmainen', NULL),
(1186, 'Sakari Mattila', NULL),
(1187, 'Alexander Ring', NULL),
(1188, 'Sebastian Sorsa', NULL),
(1189, 'Tim Sparv', NULL),
(1190, 'Erfan Zeneli', NULL),
(1191, 'Joel Pohjanpalo', NULL),
(1192, 'Teemu Pukki', NULL),
(1193, 'Riku Riski', NULL),
(1194, 'Berat Sadik', NULL),
(1195, 'Aleksandr Lobanov', NULL),
(1196, 'Ignatiy Nesterov', NULL),
(1197, 'Eldorbek Suyunov', NULL),
(1198, 'Murotjon Zukhurov', NULL),
(1199, 'Vitaliy Denisov', NULL),
(1200, 'Dilshod Djuraev', NULL),
(1201, 'Anzur Ismailov', NULL),
(1202, 'Davron Khashimov', NULL),
(1203, 'Vladimir Kozak', NULL),
(1204, 'Shavkat Mulladjanov', NULL),
(1205, 'Islom Tuhtahujaev', NULL),
(1206, 'Odil Akhmedov', NULL),
(1207, 'Server Djeparov', NULL),
(1208, 'Jasur O. Hasanov', NULL),
(1209, 'Azizbek Haydarov', NULL),
(1210, 'Fozil Musayev', NULL),
(1211, 'Vokhid Shodiev', NULL),
(1212, 'Akmal Shorakhmedov', NULL),
(1213, 'Sanzhar Tursunov', NULL),
(1214, 'Djamshid Iskandarov', NULL),
(1215, 'Ivan Nagaev', NULL),
(1216, 'Bakhodir Nasimov', NULL),
(1217, 'Shakzodbek Nurmatov', NULL),
(1218, 'Sardor Rashidov', NULL),
(1219, 'Shavkat Salomov', NULL),
(1220, 'Igor Sergeev', NULL),
(1221, 'Alfredo Aguilar', NULL),
(1222, 'Roberto Júnior Fernández Torres', NULL),
(1223, 'Junior Osmar Ignacio Alonso Mujica', NULL),
(1224, 'Gustavo Raúl Gómez Portillo', NULL),
(1225, 'Gustavo Ramón Mencia Dávalos', NULL),
(1226, 'Jorge Luis Moreira Ferreira', NULL),
(1227, 'Danilo Fabián Ortiz Soto', NULL),
(1228, 'Víctor Hugo Ayala Núñez', NULL),
(1229, 'Víctor Javier Cáceres Centurión', NULL),
(1230, 'Julio Daniel Dos Santos Rodríguez', NULL),
(1231, 'Hernán Arsenio Pérez González', NULL),
(1232, 'Jorge Eduardo Recalde Ramírez', NULL),
(1233, 'Cristian Miguel Riveros Núñez', NULL),
(1234, 'Jorge Luis Rojas Meza', NULL),
(1235, 'Edgar Milciades Benítez Santander', NULL),
(1236, 'Derlis Alberto González Galeano', NULL),
(1237, 'Nelson Antonio Haedo Valdéz', NULL),
(1238, 'Pablo César Velázquez Centurión', NULL),
(1239, 'Mladen Božović', NULL),
(1240, 'Vukašin Poleksić', NULL),
(1241, 'Marko Baša', NULL),
(1242, 'Vladimir Božović', NULL),
(1243, 'Savo Pavićević', NULL),
(1244, 'Stefan Savić', NULL),
(1245, 'Žarko Tomašević', NULL),
(1246, 'Marko Vešović', NULL),
(1247, 'Vladimir Volkov', NULL),
(1248, 'Elsad Zverotić', NULL),
(1249, 'Branko Bošković', NULL),
(1250, 'Marko Ćetković', NULL),
(1251, 'Nikola Drinčić', NULL),
(1252, 'Blažo Igumanović', NULL),
(1253, 'Nikola Vukčević', NULL),
(1254, 'Fatos Bećiraj', NULL),
(1255, 'Dejan Damjanović', NULL),
(1256, 'Filip Kasalica', NULL),
(1257, 'Sung-Ryong Jung', NULL),
(1258, 'Jin-Hyeon Kim', NULL),
(1259, 'Seung-Gyu Kim', NULL),
(1260, 'Jeong-Ho Hong', NULL),
(1261, 'Jin-Su Kim', NULL),
(1262, 'Joo-Young Kim', NULL),
(1263, 'Young-Gwon Kim', NULL),
(1264, 'Yong Lee', NULL),
(1265, 'Jin-Po Park', NULL),
(1266, 'Joo-Ho Park', NULL),
(1267, 'Dae-Sung Ha', NULL),
(1268, 'Kook-Young Han', NULL),
(1269, 'Sung-Yong Ki', NULL),
(1270, 'Bo-Kyung Kim', NULL),
(1271, 'Ja-Cheol Koo', NULL),
(1272, 'Chung-Yong Lee', NULL),
(1273, 'Tae-Hee Nam', NULL),
(1274, 'Jong-Woo Park', NULL),
(1275, 'Dong-Won Ji', NULL),
(1276, 'Shin-Wook Kim', NULL),
(1277, 'Keun-Ho Lee', NULL),
(1278, 'Chu-Young Park', NULL),
(1279, 'Heung-Min Son', NULL),
(1280, 'Rune Almenning Jarstein', NULL),
(1281, 'Ørjan Håskjold Nyland', NULL),
(1282, 'Vegard Forren', NULL),
(1283, 'Brede Hangeland', NULL),
(1284, 'Tom Høgli', NULL),
(1285, 'Martin Linnes', NULL),
(1286, 'Fredrik Semb Berge', NULL),
(1287, 'Omar Elabdellaoui', NULL),
(1288, 'Morten Gamst Pedersen', NULL),
(1289, 'Mats Møller Dæhli', NULL),
(1290, 'Håvard Nordtveit', NULL),
(1291, 'Jonathan Parr', NULL),
(1292, 'Per Ciljan Skjelbred', NULL),
(1293, 'Alexander Banor Tettey', NULL),
(1294, 'Magnus Wolff Eikrem', NULL),
(1295, 'Ruben Yttergård Jenssen', NULL),
(1296, 'Mohammed Abdellaoue', NULL),
(1297, 'Daniel Omoya Braaten', NULL),
(1298, 'Tarik Elyounoussi', NULL),
(1299, 'Erik André Huseklepp', NULL),
(1300, 'Stefan Marius Johansen', NULL),
(1301, 'Håvard Kallevik Nielsen', NULL),
(1302, 'Gunnleifur Vignir Gunnleifsson', NULL),
(1303, 'Hannes Thór Halldórsson', NULL),
(1304, 'Kristinn Jónsson', NULL),
(1305, 'Sölvi Geir Ottesen Jónsson', NULL),
(1306, 'Ragnar Sigurdsson', NULL),
(1307, 'Ari Freyr Skúlason', NULL),
(1308, 'Birkir Már Sævarsson', NULL),
(1309, 'Kári Árnason', NULL),
(1310, 'Birkir Bjarnason', NULL),
(1311, 'Theódór Elmar Bjarnason', NULL),
(1312, 'Helgi Valur Danielsson', NULL),
(1313, 'Aron Einar Gunnarsson', NULL),
(1314, 'Emil Hallfreðsson', NULL),
(1315, 'Eggert Gunnthor Jonsson', NULL),
(1316, 'Gylfi Thór Sigurðsson', NULL),
(1317, 'Ólafur Ingi Skúlason', NULL),
(1318, 'Björn Daníel Sverrisson', NULL),
(1319, 'Johann Berg Gudmundsson', NULL),
(1320, 'Alfreð Finnbogason', NULL),
(1321, 'Rúrik Gíslason', NULL),
(1322, 'Kolbeinn Sigþórsson', NULL),
(1323, 'Cheick Oumar Bathily', NULL),
(1324, 'Germain Berthé', NULL),
(1325, 'Soumbeïla Diakité', NULL),
(1326, 'Bourama Coulibaly', NULL),
(1327, 'Ousmane Keita', NULL),
(1328, 'Souleymane Konaté', NULL),
(1329, 'Oumar Koné', NULL),
(1330, 'Issaka Samake', NULL),
(1331, 'Idrissa Sangare', NULL),
(1332, 'Mahamadou Traore', NULL),
(1333, 'Lassina Diarra', NULL),
(1334, 'Cheikh Mohamed Chérif Doumbia', NULL),
(1335, 'Morimakan Koïta', NULL),
(1336, 'Yaya Samake', NULL),
(1337, 'Ibourahima Sidibé', NULL),
(1338, 'Abdoulaye Sissoko', NULL),
(1339, 'Idrissa Nama Laïco Traoré', NULL),
(1340, 'Lassana Diarra', NULL),
(1341, 'Lamine Diawara', NULL),
(1342, 'Mamadou Sidibé', NULL),
(1343, 'Hamidou Sinayoko', NULL),
(1344, 'Adama Traoré', NULL),
(1345, 'Hamidou Traoré', NULL),
(1346, 'Brad Jones', NULL),
(1347, 'Mitchell Langerak', NULL),
(1348, 'Mathew Ryan', NULL),
(1349, 'Jason Davidson', NULL),
(1350, 'Ivan Franjic', NULL),
(1351, 'Curtis Good', NULL),
(1352, 'Ryan McGowan', NULL),
(1353, 'Matthew Špiranović', NULL),
(1354, 'Alex Wilkinson', NULL),
(1355, 'Luke Wilkshire', NULL),
(1356, 'Oliver Bozanic', NULL),
(1357, 'Tim Cahill', NULL),
(1358, 'James Holland', NULL),
(1359, 'Brett Holman', NULL),
(1360, 'Mile Jedinak', NULL),
(1361, 'Mathew Leckie', NULL),
(1362, 'Massimo Luongo', NULL),
(1363, 'Matt McKay', NULL),
(1364, 'Mark Milligan', NULL),
(1365, 'Tom Rogić', NULL),
(1366, 'Adam Sarota', NULL),
(1367, 'Dario Vidošić', NULL),
(1368, 'Tommy Oar', NULL),
(1369, 'Lare Mohamed Diarra', NULL),
(1370, 'Mohamed Kaboré', NULL),
(1371, 'Abdul Kader Kobre', NULL),
(1372, 'Yaya Darlaine Coulibaly', NULL),
(1373, 'Issoufou Dayo', NULL),
(1374, 'Issa Gouo', NULL),
(1375, 'Mbah Koné', NULL),
(1376, 'Saïdou Simporé', NULL),
(1377, 'Ousséni Yeye', NULL),
(1378, 'Sidiki Aboubacar Barro', NULL),
(1379, 'Cyrille Bayala', NULL),
(1380, 'Elizee Demankel To', NULL),
(1381, 'Issouf Kaboré', NULL),
(1382, 'Oumarou Nebié', NULL),
(1383, 'Aliassou Sanou', NULL),
(1384, 'Eric Traoré', NULL),
(1385, 'Sidiki Aboubacar Traoré', NULL),
(1386, 'Valentin Winkome Zoungrana', NULL),
(1387, 'Francis Kabore', NULL),
(1388, 'Boubacar Nimi', NULL),
(1389, 'Bassirou Ouédraogo', NULL),
(1390, 'Allassane Sango', NULL),
(1391, 'Ilias Tiendrébéogo', NULL),
(1392, 'Mohamed Fathi Abdaula', NULL),
(1393, 'Khaled Elmabruk Elwerfelli', NULL),
(1394, 'Ali Eshnayna', NULL),
(1395, 'Ahmed Juma Al Alwany', NULL),
(1396, 'Abdelrahman Ramadan Fetori Al Amaami', NULL),
(1397, 'Mohamed Ali Al Gabsi', NULL),
(1398, 'Ossama Chtiba', NULL),
(1399, 'Muataz Mahde Fadel', NULL),
(1400, 'Abdulsalam Faraj Omar', NULL),
(1401, 'Ali Ramdan Salama', NULL),
(1402, 'Ahmed Mohamed Al Maghasi', NULL),
(1403, 'Almoatasembellah Ali Mohamed', NULL),
(1404, 'Ahmed Kamal El Trbi', NULL),
(1405, 'Ali Taher Elhadi', NULL),
(1406, 'Elmehdi Mohamed Elhouni', NULL),
(1407, 'Mohamed Abrahim Mahfud', NULL),
(1408, 'Motasem Masaud Sabbou', NULL),
(1409, 'Elmutasem Abushnaf', NULL),
(1410, 'Faisal Mansour Ali Saleh Al Badri', NULL),
(1411, 'Mohamed Al Ghanodi', NULL),
(1412, 'Moaied Abdeslam Algritly', NULL),
(1413, 'Mohamed Elhnaish Elgadi', NULL),
(1414, 'Anis Mohamed Saltou', NULL),
(1415, 'Bouna Coundoul', NULL),
(1416, 'Cheick Tidiane N''Diaye', NULL),
(1417, 'Issa Ndoye', NULL),
(1418, 'Issa Cissokho', NULL),
(1419, 'El Hadji Papy Mison Djilobodji', NULL),
(1420, 'Cheikhou Kouyaté', NULL),
(1421, 'Cheikh M''Bengue', NULL),
(1422, 'Serigne Modou Kara Mbodji', NULL),
(1423, 'Pape N''Diaye Souaré', NULL),
(1424, 'Ludovic Lamine Sané', NULL),
(1425, 'Salif Sané', NULL),
(1426, 'Zargo Touré', NULL),
(1427, 'Stéphane Badji', NULL),
(1428, 'Mohamed Diamé', NULL),
(1429, 'Papakouli Diop', NULL),
(1430, 'Idrissa Gana Gueye', NULL),
(1431, 'Sadio Mané', NULL),
(1432, 'Alfred N''Diaye', NULL),
(1433, 'Papiss Demba Cissé', NULL),
(1434, 'Mame Biram Diouf', NULL),
(1435, 'Dame N''Doye', NULL),
(1436, 'Henri Saivet', NULL),
(1437, 'Moussa Sow', NULL),
(1438, 'Lo''ai Salem Atallah Elamaireh', NULL),
(1439, 'Ahmed Abdel Sattar Nawwas', NULL),
(1440, 'Mohamad Mahmood Jaber Shatnawi', NULL),
(1441, 'Mohammad Abdulsamee'' Mohammad Al Dumeiri', NULL),
(1442, 'Mohammad Mustafa Hassan Ali', NULL),
(1443, 'Anas Walid Khaled Bani Yassen', NULL),
(1444, 'Tareq Zeyad Jaber Khattab', NULL),
(1445, 'Ali Khwaileh', NULL),
(1446, 'Sharif Adnan Sharif Nassar', NULL),
(1447, 'Oday Sameer Abed Alhameed Zahran', NULL),
(1448, 'Ahmad Mahmoud Mohammad Abukbeer', NULL),
(1449, 'Adnan Suleiman Hassan Adous', NULL),
(1450, 'Anas Abed Salem Al Jabarat', NULL),
(1451, 'Moh''d Khier Abdel Razzaq Saeed Al Jamal', NULL),
(1452, 'Saleh Fayiz Saleh Al Jawhary', NULL),
(1453, 'Saeed Mohammad Saeed Hasan Al Murjan', NULL),
(1454, 'Issa Husamaldean Issa Al Sapah', NULL),
(1455, 'Alaa'' Walid Bashir Maflah Al Shaqran', NULL),
(1456, 'Baha''a Abdulrahman Mustafa Suleiman', NULL),
(1457, 'Monther Omar Abdel Aziz Abu Amara', NULL),
(1458, 'Tha''er Fayed Al Bawab', NULL),
(1459, 'Rakan Mousa Mohammad Bani Khaled Al Khaldi', NULL),
(1460, 'Mus''ab Al Laham', NULL);
INSERT INTO `player` (`id`, `name`, `injured`) VALUES
(1461, 'Yousef Ahmad Mohammad Al Rawashdeh', NULL),
(1462, 'Mahdi Fawze Mahmoud Alameh', NULL),
(1463, 'Rajaei Ayed Fadel Hasan', NULL),
(1464, 'Ahmad Hayel Ibrahim Ibrahim', NULL),
(1465, 'Mahmoud Saleem Mahmoud Za''tara', NULL),
(1466, 'Rob Elliot', NULL),
(1467, 'David Forde', NULL),
(1468, 'Barry Murphy', NULL),
(1469, 'Darren Randolph', NULL),
(1470, 'Ciaran Clark', NULL),
(1471, 'Séamus Coleman', NULL),
(1472, 'Damien Delaney', NULL),
(1473, 'Richard Dunne', NULL),
(1474, 'Stephen Kelly', NULL),
(1475, 'Richard Keogh', NULL),
(1476, 'John O''Shea', NULL),
(1477, 'Alex Pearce', NULL),
(1478, 'Stephen Ward', NULL),
(1479, 'Marc Wilson', NULL),
(1480, 'Paul Green', NULL),
(1481, 'Wes Hoolahan', NULL),
(1482, 'James McCarthy', NULL),
(1483, 'James McClean', NULL),
(1484, 'Aiden McGeady', NULL),
(1485, 'David Meyler', NULL),
(1486, 'Anthony Pilkington', NULL),
(1487, 'Stephen Quinn', NULL),
(1488, 'Andy Reid', NULL),
(1489, 'Glenn Whelan', NULL),
(1490, 'Simon Cox', NULL),
(1491, 'Kevin Doyle', NULL),
(1492, 'Shane Long', NULL),
(1493, 'Daryl Murphy', NULL),
(1494, 'Anthony Stokes', NULL),
(1495, 'Jonathan Walters', NULL),
(1496, 'Senzo Robert Meyiwa', NULL),
(1497, 'Ronwen Williams', NULL),
(1498, 'Bongani Sandile Khumalo', NULL),
(1499, 'Thabo Matlaba', NULL),
(1500, 'Buhle Mkhwanazi', NULL),
(1501, 'Thato Tsiliso Mokeke', NULL),
(1502, 'Calvin Anele Ngcongca', NULL),
(1503, 'Thabo Nthethe', NULL),
(1504, 'Siyanda Xulu', NULL),
(1505, 'Daylon Claasen', NULL),
(1506, 'Dean Furman', NULL),
(1507, 'Andile Ernest Jali', NULL),
(1508, 'Hlompho Alpheus Kekana', NULL),
(1509, 'Matthews Oupa Manyisa', NULL),
(1510, 'Lindokuhle John Mbatha', NULL),
(1511, 'Ayanda Patosi', NULL),
(1512, 'Thulani Caleeb Serero', NULL),
(1513, 'Lawrence Siphiwe Tshabalala', NULL),
(1514, 'Dino Ndlovu', NULL),
(1515, 'Bernard Parker', NULL),
(1516, 'Tokelo Anthony Rantie', NULL),
(1517, 'Bongani Zungu', NULL),
(1518, 'Ahmed Mahmoud Mohamed Juma Ashoori', NULL),
(1519, 'Ali Khaseif Humad Khaseif Housani', NULL),
(1520, 'Khalid Essa Mohamed Bilal Saeed', NULL),
(1521, 'Mohamed Yousif', NULL),
(1522, 'Mohanad Salem Ghazy Marzuk Al Amin', NULL),
(1523, 'Walid Abbas Murad Yousuf Al Balooshi', NULL),
(1524, 'Mahmoud Khamis Saeed Khamis Saeed Al Hammadi', NULL),
(1525, 'Hamdan Ismaeel Mohamed Al Kamali', NULL),
(1526, 'Eisa Ahmed Abdulaziz Ahmed Al Marzouqi', NULL),
(1527, 'Mohammed Marzooq Abdulla Mohammed Al Matroushi', NULL),
(1528, 'Mohamed Ahmad Ali Gharib Juma', NULL),
(1529, 'Mohamed Ismail Ahmed Ismail', NULL),
(1530, 'Abdelaziz Husain Haikal Mubarak Al Balooshi', NULL),
(1531, 'Mohamed Jamal Atiq Al Falasi', NULL),
(1532, 'Mohammed Fawzi Jawhar Faraj Abdullah Al Jahwar', NULL),
(1533, 'Abdelaziz Mohamed Sanqour Qambar Mubarak Al Mazam', NULL),
(1534, 'Omar Abdulrahman Ahmed Al Raqi Al Amoudi', NULL),
(1535, 'Habib Fardan Abdualla', NULL),
(1536, 'Majed Hassan', NULL),
(1537, 'Bandar Mohammed Mohammed Saeed Mahdi', NULL),
(1538, 'Haboush Saleh Habou Salbukh', NULL),
(1539, 'Khamis Esmail Khamis Zayed', NULL),
(1540, 'Ali Ahmed Mabkhout Mohsen Omran Al Hajeri', NULL),
(1541, 'Ismaeel Salem Ismaeel Saeed Al Hamadi', NULL),
(1542, 'Ahmed Khalil Sebait Mubarak Al Junaibi', NULL),
(1543, 'Ismaeil Matar Ibrahim Khamis Al Mekhaini Al Junaibi', NULL),
(1544, 'Mohamed Abdulrahman Ahmed Al Raqi Al Almoudi', NULL),
(1545, 'Salem Saleh Mussallam Salem Al Rejaibi', NULL),
(1546, 'Ahmed khameis', NULL),
(1547, 'Mohamed Naser Mesmari', NULL),
(1548, 'Sergio Daniel Galarza Soliz', NULL),
(1549, 'Romel Javier Quiñónez Suárez', NULL),
(1550, 'Marvin Orlando Bejarano Jimenez', NULL),
(1551, 'Abraham Cabrera Scapin', NULL),
(1552, 'Luis Alberto Gutiérrez Herrera', NULL),
(1553, 'Rony Jiménez Mendoza', NULL),
(1554, 'Carlos Enrique Mendoza Loayza', NULL),
(1555, 'Ronald Raldés Balcázar', NULL),
(1556, 'Edemir Rodríguez Mercado', NULL),
(1557, 'Edward Mauro Zenteno Álvarez', NULL),
(1558, 'Jaime Darío Arrascaita Iriondo', NULL),
(1559, 'Diego Bejarano Ibañez', NULL),
(1560, 'Danny Brayhan Bejarano Yañez', NULL),
(1561, 'José Luis Chávez Sanchez', NULL),
(1562, 'Miguel Angel Rios Pinto', NULL),
(1563, 'Juan Carlos Arce Justiniano', NULL),
(1564, 'Henry Justiniano Roca', NULL),
(1565, 'Marcelo Martins Moreno', NULL),
(1566, 'Alcides Peña Jimenez', NULL),
(1567, 'Rodrigo Luis Ramallo Cornejo', NULL),
(1568, 'Edivaldo Rojas Hermoza', NULL),
(1569, 'Carlos Enrique Saucedo Urgel', NULL),
(1570, 'Wálter Veizaga Argote', NULL),
(1571, 'Derby Rafael Carrillo Berduo', NULL),
(1572, 'Dagoberto Portillo Gamero', NULL),
(1573, 'Benji Oldaí Villalobos Segovia', NULL),
(1574, 'Moisés Xavier García Orellana', NULL),
(1575, 'Steven Francis Gordon Purdy', NULL),
(1576, 'José Miguel Granadino León', NULL),
(1577, 'José Mardoqueo Henríquez Dubón', NULL),
(1578, 'Marcelo Alejandro Posadas Galeano', NULL),
(1579, 'Darwin Doronis Bonilla Salgado', NULL),
(1580, 'Darwin Adelso Cerén Delgado', NULL),
(1581, 'Andrés Alexander Flores Mejía', NULL),
(1582, 'Josué Odir Flores Palencia', NULL),
(1583, 'Alexander Vidal Larín Hernández', NULL),
(1584, 'Gerson Mayén Villavicencio', NULL),
(1585, 'Richard Guillermo Menjívar Peraza', NULL),
(1586, 'Néstor Raúl Renderos López', NULL),
(1587, 'William Osael Romero Castillo', NULL),
(1588, 'Kevin Oswaldo Santamaría Guzmán', NULL),
(1589, 'Víctor Samuel Turcios Pacheco', NULL),
(1590, 'Mark Léster Blanco Pineda', NULL),
(1591, 'Rafael Edgardo Burgos', NULL),
(1592, 'Dustin Clifman Corea Garay', NULL),
(1593, 'José Isidro Gutiérrez Vásquez', NULL),
(1594, 'Rodolfo Antonio Zelaya García', NULL),
(1595, 'Etrit Berisha', NULL),
(1596, 'Orges Shehi', NULL),
(1597, 'Renato Arapi', NULL),
(1598, 'Andi Lila', NULL),
(1599, 'Mërgim Mavraj', NULL),
(1600, 'Amir Abrashi', NULL),
(1601, 'Ansi Agolli', NULL),
(1602, 'Migjen Basha', NULL),
(1603, 'Lorik Cana', NULL),
(1604, 'Jahmir Hyka', NULL),
(1605, 'Ergys Kaçe', NULL),
(1606, 'Ermir Lenjani', NULL),
(1607, 'Alban Meha', NULL),
(1608, 'Ledian Memushaj', NULL),
(1609, 'Valdet Rama', NULL),
(1610, 'Odise Roshi', NULL),
(1611, 'Emiljano Vila', NULL),
(1612, 'Edmond Kapllani', NULL),
(1613, 'Armando Sadiku', NULL),
(1614, 'Solomon Zombo Morris', NULL),
(1615, 'John Trye', NULL),
(1616, 'Samuel Bangura', NULL),
(1617, 'Umaru Bangura', NULL),
(1618, 'Mustapha Dumbuya', NULL),
(1619, 'Ibrahim Kargbo', NULL),
(1620, 'Gibril Sankoh', NULL),
(1621, 'Sheriff Awilo Suma', NULL),
(1622, 'Mustapha Bangura', NULL),
(1623, 'George Kweku Davies', NULL),
(1624, 'John Bankole Kamara', NULL),
(1625, 'Mohamed ''Medo'' Kamara', NULL),
(1626, 'Michael Lahoud', NULL),
(1627, 'Hassan Mila Sesay', NULL),
(1628, 'Rodney Strasser', NULL),
(1629, 'Ibrahim Tetteh Bangura', NULL),
(1630, 'Mohamed Bangura', NULL),
(1631, 'Abdulai Bell-Baggie', NULL),
(1632, 'Alhassan Kamara', NULL),
(1633, 'Kaiansu Kei Kamara', NULL),
(1634, 'Artur Boruc', NULL),
(1635, 'Łukasz Fabiański', NULL),
(1636, 'Wojciech Tomasz Szczęsny', NULL),
(1637, 'Tomasz Brzyski', NULL),
(1638, 'Piotr Celeban', NULL),
(1639, 'Kamil Jacek Glik', NULL),
(1640, 'Artur Jędrzejczyk', NULL),
(1641, 'Tomasz Jodłowiec', NULL),
(1642, 'Marcin Komorowski', NULL),
(1643, 'Igor Lewczuk', NULL),
(1644, 'Michal Pazdan', NULL),
(1645, 'Łukasz Piszczek', NULL),
(1646, 'Łukasz Szukala', NULL),
(1647, 'Maciej Wilusz', NULL),
(1648, 'Mateusz Klich', NULL),
(1649, 'Grzegorz Krychowiak', NULL),
(1650, 'Michał Masłowski', NULL),
(1651, 'Ludovic Obraniak', NULL),
(1652, 'Slawomir Peszko', NULL),
(1653, 'Eugen Polanski', NULL),
(1654, 'Maciej Rybus', NULL),
(1655, 'Waldemar Sobota', NULL),
(1656, 'Arkadiusz Milik', NULL),
(1657, 'Marcin Robak', NULL),
(1658, 'Łukasz Teodorczyk', NULL),
(1659, 'Vladislav Boykov Stoyanov', NULL),
(1660, 'Ivan Čvorović', NULL),
(1661, 'Plamen Ivanov Iliev', NULL),
(1662, 'Nikolay Georgiev Bodurov', NULL),
(1663, 'Vasil Bozhikov', NULL),
(1664, 'Stanislav Manolev', NULL),
(1665, 'Ilia Milanov', NULL),
(1666, 'Veselin Milchev Minev', NULL),
(1667, 'Yordan Minev', NULL),
(1668, 'Strahil Popov', NULL),
(1669, 'Pavel Valeriev Vidanov', NULL),
(1670, 'Mihail Aleksandrov', NULL),
(1671, 'Svetoslav Dyakov', NULL),
(1672, 'Hristo Evtimov Zlatinski', NULL),
(1673, 'Vladimir Gadzhev', NULL),
(1674, 'Yordan Hristov', NULL),
(1675, 'Georgi Milanov', NULL),
(1676, 'Todor Nedelev', NULL),
(1677, 'Ivelin Popov', NULL),
(1678, 'Simeon Slavchev', NULL),
(1679, 'Andrey Galabinov', NULL),
(1680, 'Emil Nikolaev Gargorov', NULL),
(1681, 'Dimitar Dimitrov Rangelov', NULL),
(1682, 'Davy Kaumbwa', NULL),
(1683, 'Kennedy Mweene', NULL),
(1684, 'Toaster Nsabata', NULL),
(1685, 'Joshua Titima', NULL),
(1686, 'Bronson Chama', NULL),
(1687, 'Jimmy Mulilo Chisenga', NULL),
(1688, 'Kabaso Chongo', NULL),
(1689, 'Hichani Himoonde', NULL),
(1690, 'Chintu Kampamba', NULL),
(1691, 'Fackson Kapumbu', NULL),
(1692, 'Emmanuel Mbola', NULL),
(1693, 'Christopher Munthali', NULL),
(1694, 'Salulani Phiri', NULL),
(1695, 'Stopilla Sunzu', NULL),
(1696, 'Misheck Chaila', NULL),
(1697, 'Noah Sikombe Chivuta', NULL),
(1698, 'Roderick Kabwe', NULL),
(1699, 'Felix Katongo', NULL),
(1700, 'Shadreck Malambo', NULL),
(1701, 'Kondwani Mtonga', NULL),
(1702, 'Bruce Musakanya', NULL),
(1703, 'Matthews Nkowane', NULL),
(1704, 'Nathan Sinkala', NULL),
(1705, 'Julius Situmbeko', NULL),
(1706, 'Fwayo Tembo', NULL),
(1707, 'Ronald Kampamba', NULL),
(1708, 'Christopher Katongo', NULL),
(1709, 'Rodgers Kola', NULL),
(1710, 'Chisamba Lungu', NULL),
(1711, 'Emmanuel Mayuka', NULL),
(1712, 'Collins Ntofontofo Mbesuma', NULL),
(1713, 'Festus Mbewe', NULL),
(1714, 'Alex Ngonga', NULL),
(1715, 'Stanley Nshimbi', NULL),
(1716, 'Moses Phiri', NULL),
(1717, 'Ahmed Ali Al Kassar', NULL),
(1718, 'Abdullah Al Maiouf', NULL),
(1719, 'Faisal Al Masrahi', NULL),
(1720, 'Mohammed Al Owais', NULL),
(1721, 'Fahad Al Thunayyan', NULL),
(1722, 'Abdullah Khalid Al Ammar', NULL),
(1723, 'Mohammed Eid Al Bishi', NULL),
(1724, 'Sultan Al Bishi', NULL),
(1725, 'Abdullah Al Hafith', NULL),
(1726, 'Mansour Althaqfi Al Harbi', NULL),
(1727, 'Hamad Sulaiman Al Jayzani', NULL),
(1728, 'Majed Al Marshadi', NULL),
(1729, 'Yasir Al Shahrani', NULL),
(1730, 'Abdullah Mohammed Al Zoari Al Dossary', NULL),
(1731, 'Ahmad Hassan Hassan Asiri', NULL),
(1732, 'Waleed Rashid Bakshween', NULL),
(1733, 'Hassan Muath Fallatah', NULL),
(1734, 'Motaz Ali Hassan Hawsawi', NULL),
(1735, 'Omar Ibrahim Omar Othman Hawsawi', NULL),
(1736, 'Abdullah Mohammed Madu', NULL),
(1737, 'Ahmed Sharahili', NULL),
(1738, 'Salem Mohammed Al Dawsari', NULL),
(1739, 'Hamdan Al Hamdan', NULL),
(1740, 'Ahmad Ali Al Harbi', NULL),
(1741, 'Taisir Jabir Al Jassim', NULL),
(1742, 'Abdulaziz Al Jebreen', NULL),
(1743, 'Abdulkarim Ayidh Al Qahtani', NULL),
(1744, 'Yahya Sulaiman Al Shehri', NULL),
(1745, 'Zakaria Sami Al Sudani', NULL),
(1746, 'Khaled Asiri Al Zealaiy', NULL),
(1747, 'Abdulelah Abdulrahman bin Mohammed', NULL),
(1748, 'Ibrahim Mohammed Ghaleb Jahshan', NULL),
(1749, 'Maan Sultan Khodary', NULL),
(1750, 'Abdullah Otayf', NULL),
(1751, 'Saleh Al Jamaan', NULL),
(1752, 'Ismael Mohammedjammui Al Maghrabi', NULL),
(1753, 'Fahad Mosaed Al Muwallad Al Harbi', NULL),
(1754, 'Mohammad Al Sahlawi', NULL),
(1755, 'Nasser Ali Al Shamrani', NULL),
(1756, 'Abdulfattah Asiri', NULL),
(1757, 'Mukhtar Fallatah', NULL),
(1758, 'Abdullah Faisal Hadhereti', NULL),
(1759, 'Mohammed Yahya Majrashi', NULL),
(1760, 'Wesam Waheab Mudhaya', NULL),
(1761, 'Turki Mohammed Sufyani', NULL),
(1762, 'Marvin Phillip', NULL),
(1763, 'Jan-Michael Grantley Williams', NULL),
(1764, 'Radanfah Abu Bakr', NULL),
(1765, 'Sheldon Bateau', NULL),
(1766, 'Daneil Cyrus', NULL),
(1767, 'Aubrey David', NULL),
(1768, 'Curtis Gonzales', NULL),
(1769, 'Justin Hoyte', NULL),
(1770, 'Joevin Jones', NULL),
(1771, 'Carlyle Mitchell', NULL),
(1772, 'Christopher Birchall', NULL),
(1773, 'André Boucaud', NULL),
(1774, 'Keon Kelly Daniel', NULL),
(1775, 'Akenhaton Carlos Edwards', NULL),
(1776, 'Kevan George', NULL),
(1777, 'Ataullah Guerra', NULL),
(1778, 'Lester Peltier', NULL),
(1779, 'Densill Theobald', NULL),
(1780, 'Trevin Caesar', NULL),
(1781, 'Kenwyne Jones', NULL),
(1782, 'Rundell Winchester', NULL),
(1783, 'Khalid Askri', NULL),
(1784, 'Mohamed El Yousfi', NULL),
(1785, 'Nadir Lamyaghri', NULL),
(1786, 'Mohamed Aberhoune', NULL),
(1787, 'Abderrahim Achchakir', NULL),
(1788, 'Ahmed Chagou', NULL),
(1789, 'Zakaria El Hachimi', NULL),
(1790, 'Adil Karrouchy', NULL),
(1791, 'Mohamed Oulhaj', NULL),
(1792, 'Mohamed Saidi', NULL),
(1793, 'Adil Sassa', NULL),
(1794, 'Rafik Abdessamad', NULL),
(1795, 'Anas Al Asbahi', NULL),
(1796, 'Brahim El Bahri', NULL),
(1797, 'Walid El Karti', NULL),
(1798, 'Abdessamad El Moubarki', NULL),
(1799, 'Said Fettah', NULL),
(1800, 'Zakaria Hadraf', NULL),
(1801, 'Zaid Krouch', NULL),
(1802, 'Mohsine Moutouali', NULL),
(1803, 'Issam Raki', NULL),
(1804, 'Abdelkabir El Ouadi', NULL),
(1805, 'Mouhssine Iajour', NULL),
(1806, 'Guy Haimov', NULL),
(1807, 'Ariel Harush', NULL),
(1808, 'Ofir Marciano', NULL),
(1809, 'Tal Ben Haim', NULL),
(1810, 'Omri Ben Harush', NULL),
(1811, 'Orel Dgani', NULL),
(1812, 'Rami Gershon', NULL),
(1813, 'Eyal Meshumar', NULL),
(1814, 'Gabard Fénélon', NULL),
(1815, 'Johnny Placide', NULL),
(1816, 'Wilde-Donald Guerrier', NULL),
(1817, 'Kim Jaggy', NULL),
(1818, 'Jean-Robert Jean', NULL),
(1819, 'Mechack Jérôme', NULL),
(1820, 'Kevin Pierre La France', NULL),
(1821, 'Jean-Jacques Pierre', NULL),
(1822, 'Yves Hadley Desmarets', NULL),
(1823, 'Charles Hérold Junior', NULL),
(1824, 'Peterson Joseph', NULL),
(1825, 'Jeff Louis', NULL),
(1826, 'Pascal Millien', NULL),
(1827, 'Jean Junior Monuma Constant', NULL),
(1828, 'Gary Ambroise', NULL),
(1829, 'Kervens Fils Belfort', NULL),
(1830, 'Jean-Eudes Maurice', NULL),
(1831, 'Sony Mustivar', NULL),
(1832, 'Sony Nordé', NULL),
(1833, 'Léonel Saint-Preux', NULL),
(1834, 'Kristijan Naumovski', NULL),
(1835, 'Tomislav Pačovski', NULL),
(1836, 'Muhamed Demiri', NULL),
(1837, 'Daniel Georgievski', NULL),
(1838, 'Boban Grncarov', NULL),
(1839, 'Daniel Mojsov', NULL),
(1840, 'Goran Popov', NULL),
(1841, 'Kire Ristevski', NULL),
(1842, 'Vanche Shikov', NULL),
(1843, 'Aleksandar Todorovski', NULL),
(1844, 'Dejan Blazhevski', NULL),
(1845, 'Ferhan Hasani', NULL),
(1846, 'Muarem Muarem', NULL),
(1847, 'Stefan Spirovski', NULL),
(1848, 'Ostoja Stjepanovic', NULL),
(1849, 'Mario Đurovski', NULL),
(1850, 'Agim Ibraimi', NULL),
(1851, 'Besart Ibraimi', NULL),
(1852, 'Mirko Ivanovski', NULL),
(1853, 'Jovan Kostovski', NULL),
(1854, 'Ivan Tričkovski', NULL),
(1855, 'Krste Velkoski', NULL),
(1856, 'Sulaiman ''Abdullah Khamis Al Breiki', NULL),
(1857, 'Ali Abdullah Harib Al Habsi', NULL),
(1858, 'Mazin Masaud Darwish Al Kasbi', NULL),
(1859, 'Faiyz Issa Khadoom Al Rashidi', NULL),
(1860, 'Azan Abbas Sabil Al Balushi', NULL),
(1861, 'Mohammed Abdullah Mubarak Al Balushi', NULL),
(1862, 'Fahad Khamis Rashid Al Jalabubi', NULL),
(1863, 'Nadhir Sloum Waleed Al Maskari', NULL),
(1864, 'Abdul Sallam Amur Juma Al Mukhaini', NULL),
(1865, 'Saad Suhail Juma Al Mukhaini', NULL),
(1866, 'Ali Salim Obaid Bait Al Nahar', NULL),
(1867, 'Jaber Mohammed Saghayar Al Owaisi', NULL),
(1868, 'Nasser Ali Saleh Al Shimli', NULL),
(1869, 'Ali Sulaiman Rashid Al Busaidi', NULL),
(1870, 'Eid Mohammed Eid Al Farsi', NULL),
(1871, 'Ali Hilal Saud Al Jabri', NULL),
(1872, 'Juma Darwish Juma Al Maashari', NULL),
(1873, 'Mohamed Salim Khalfan Al Maashari', NULL),
(1874, 'Ahmed Mubarak Obaid Al Mahajiri', NULL),
(1875, 'Abdul Aziz Humaid Mubarak Al Muqbali', NULL),
(1876, 'Mohammed Saleh Ali Al Musalami', NULL),
(1877, 'Qasim Said Sanjoor Hardan', NULL),
(1878, 'Raed Ibrahim Saleh', NULL),
(1879, 'Sami Khamis Naqi Al Hasani', NULL),
(1880, 'Emad Ali Sulaiman Al Hosani', NULL),
(1881, 'Yaqoob Abdul Karim Salim Al Qasmi', NULL),
(1882, 'Mohammed Alo Humaid Al Seyabi', NULL),
(1883, 'Andre Blake', NULL),
(1884, 'Gariece McPherson', NULL),
(1885, 'Nicholas Beckett', NULL),
(1886, 'Upston Junior Edwards', NULL),
(1887, 'Kemar Michael Lawrence', NULL),
(1888, 'Adrian Mariappa', NULL),
(1889, 'Wes Morgan', NULL),
(1890, 'Alvas Elvis Powell', NULL),
(1891, 'Dicoy Anthony Williams', NULL),
(1892, 'Rodolph Austin', NULL),
(1893, 'Romario Campbell', NULL),
(1894, 'Nicholay Finlayson', NULL),
(1895, 'Hughan Edwards Gray', NULL),
(1896, 'Renae Lloyd', NULL),
(1897, 'Jobi Joshua Frederick McAnuff', NULL),
(1898, 'Garath James McCleary', NULL),
(1899, 'Ricardo Wayne Morris', NULL),
(1900, 'Je-Vaughn Watson', NULL),
(1901, 'Deshorn Brown', NULL),
(1902, 'Darren Mattocks', NULL),
(1903, 'Michael Joseph Seaton', NULL),
(1904, 'Aleksandr Gutor', NULL),
(1905, 'Sergei Veremko', NULL),
(1906, 'Maksim Bordachev', NULL),
(1907, 'Egor Filipenko', NULL),
(1908, 'Aleksandr Martynovich', NULL),
(1909, 'Denis Polyakov', NULL),
(1910, 'Vitalij Trubila', NULL),
(1911, 'Oleg Veretilo', NULL),
(1912, 'Dmitriy Verkhovtsov', NULL),
(1913, 'Stanislav Dragun', NULL),
(1914, 'Aliaksandr Hleb', NULL),
(1915, 'Timofey Kalachev', NULL),
(1916, 'Syarhey Kislyak', NULL),
(1917, 'Sergey Vyacheslavovich Krivets', NULL),
(1918, 'Edgar Olekhnovich', NULL),
(1919, 'Anton Putsila', NULL),
(1920, 'Aleksandr Volodko', NULL),
(1921, 'Maksim Zhavnerchik', NULL),
(1922, 'Ilya Aleksievich', NULL),
(1923, 'Vitali Rodionov', NULL),
(1924, 'Maksim Skavysh', NULL),
(1925, 'Roy Carroll', NULL),
(1926, 'Alan Mannus', NULL),
(1927, 'Michael McGovern', NULL),
(1928, 'Alex Bruce', NULL),
(1929, 'Craig Cathcart', NULL),
(1930, 'Shane Ferguson', NULL),
(1931, 'Daniel Lafferty', NULL),
(1932, 'Rory McArdle', NULL),
(1933, 'Gareth McAuley', NULL),
(1934, 'Ryan McGivern', NULL),
(1935, 'Ben Reeves', NULL),
(1936, 'Chris Brunt', NULL),
(1937, 'Steven Davis', NULL),
(1938, 'Patrick McCourt', NULL),
(1939, 'Niall McGinn', NULL),
(1940, 'Oliver Norwood', NULL),
(1941, 'Paul Paton', NULL),
(1942, 'Kyle Lafferty', NULL),
(1943, 'Billy McKay', NULL),
(1944, 'Martin Paterson', NULL),
(1945, 'Dean Shiels', NULL),
(1946, 'Jamie Ward', NULL),
(1947, 'Kamran Ağayev', NULL),
(1948, 'Sälahät Ağayev', NULL),
(1949, 'Anar Näzirov', NULL),
(1950, 'Färhad Väliyev', NULL),
(1951, 'Ruslan Abışov', NULL),
(1952, 'Elnur Allahverdiyev', NULL),
(1953, 'Ruslan Ämircanov', NULL),
(1954, 'Ufuk Budak', NULL),
(1955, 'Ali Gökdemir', NULL),
(1956, 'Badavi Hüseynov', NULL),
(1957, 'Vurğun Hüseynov', NULL),
(1958, 'Vladimir Levin', NULL),
(1959, 'Maksim Medvedev', NULL),
(1960, 'Aqil Näbiyev', NULL),
(1961, 'Qara Qarayev', NULL),
(1962, 'İlkin Qırtımov', NULL),
(1963, 'Rasim Ramaldanov', NULL),
(1964, 'Räşad Färhad oğlu Sadıqov', NULL),
(1965, 'Mahir Şükürov', NULL),
(1966, 'Elvin Yunuszadä', NULL),
(1967, 'Araz Abdullayev', NULL),
(1968, 'Rahid Ämirquliyev', NULL),
(1969, 'Tuğrul Erat', NULL),
(1970, 'Cavid Hüseynov', NULL),
(1971, 'Äfran İsmayılov', NULL),
(1972, 'Räşad Äbülfäz oğlu Sadiqov', NULL),
(1973, 'İlter Taşkın', NULL),
(1974, 'Pardis Fardjad-Azad', NULL),
(1975, 'Rauf Äliyev', NULL),
(1976, 'Vaqif Cavadov', NULL),
(1977, 'Rüfät Dadaşov', NULL),
(1978, 'Vüqar Nadirov', NULL),
(1979, 'Cihan Özkara', NULL),
(1980, 'Ali Kimera', NULL),
(1981, 'Benjamin Ochan', NULL),
(1982, 'Ismail Bin Abdul Rashid Watenga', NULL),
(1983, 'Denis Iguma', NULL),
(1984, 'Savio Kabugo', NULL),
(1985, 'Richard Kasagga', NULL),
(1986, 'Ronnie Kisekka', NULL),
(1987, 'Martin Mpuga', NULL),
(1988, 'Isaac Muleme', NULL),
(1989, 'Julius Ntambi', NULL),
(1990, 'Nicholas Wadada', NULL),
(1991, 'Vincent Kayizi', NULL),
(1992, 'Allan Kyambadde', NULL),
(1993, 'Saidi Kyeyune', NULL),
(1994, 'Brian Majwega', NULL),
(1995, 'Yassar Mugerwa', NULL),
(1996, 'Ivan Ntege', NULL),
(1997, 'Hassan Mawanda Wasswa', NULL),
(1998, 'Crespo Asiku', NULL),
(1999, 'Joseph Mpande', NULL),
(2000, 'Simon Okwil', NULL),
(2001, 'Francis Ronald Olaki', NULL),
(2002, 'Yunus Sentamu', NULL),
(2003, 'Williams Loussoueke', NULL),
(2004, 'Parfait Bitseki Moto', NULL),
(2005, 'Paulin Roger Nzambi Ngouerange', NULL),
(2006, 'Cyrille Engozo''o Avebe', NULL),
(2007, 'Edmond Mouelé', NULL),
(2008, 'Farel Cheryl Mounguengui', NULL),
(2009, 'Erwin N''Guema Obame', NULL),
(2010, 'Martin Ndong Essono', NULL),
(2011, 'Jean-René Nzé Mba', NULL),
(2012, 'Aaron Billy Ondele Appindangoye', NULL),
(2013, 'Frédéric Bulot', NULL),
(2014, 'Etienne Alain Djissikadié Mpaga', NULL),
(2015, 'Franck Engonga Obame', NULL),
(2016, 'Tchen Djesnot Kabi', NULL),
(2017, 'Samson Mbingui', NULL),
(2018, 'Emmanuel Ndong Mba', NULL),
(2019, 'Knox Ness-Younga', NULL),
(2020, 'Dieudonne Nkoume-Kemba', NULL),
(2021, 'Lionel Yacouya', NULL),
(2022, 'Daniel Cousin', NULL),
(2023, 'Davy Gael Mayoungou', NULL),
(2024, 'Duval N''Zembi', NULL),
(2025, 'Romuald Ntsitsigui Ewouta', NULL),
(2026, 'Tatry Bonaventure Sokambi', NULL),
(2027, 'Freddy Kanyinda Tshini', NULL),
(2028, 'Robert Kidiaba Muteba', NULL),
(2029, 'Hervé Lomboto', NULL),
(2030, 'Yannick Bangala Litombo', NULL),
(2031, 'Patou Ebunga Simbi', NULL),
(2032, 'Thierry Kasereka', NULL),
(2033, 'Jean Kasusula Kilitsho', NULL),
(2034, 'Joël Kimwaki Mpela', NULL),
(2035, 'Hervé Ndonga Mianga', NULL),
(2036, 'Eric Nkulukuta Miala', NULL),
(2037, 'Bobo Ungenda Muselenge', NULL),
(2038, 'Patrick Ilongo Ngasanya', NULL),
(2039, 'Guy Lusadisu Basisila', NULL),
(2040, 'Héritier Luvumbu Nzinga', NULL),
(2041, 'Lema Chikito Mabidi', NULL),
(2042, 'Philippe Mavuba Landu', NULL),
(2043, 'Mukoko Alain Mayayi', NULL),
(2044, 'Emomo Eddy Ngoyi', NULL),
(2045, 'Jean-Marc Makusu Mundele', NULL),
(2046, 'Mavuanga Cedrick Mbidi', NULL),
(2047, 'Firmin Mubele Ndombe', NULL),
(2048, 'Eric Ngoie Kabulo', NULL),
(2049, 'Riguene Pembele Mukanisa', NULL),
(2050, 'Kossi Agassa', NULL),
(2051, 'N''Guissan Djehani', NULL),
(2052, 'Atsou Mawugbé', NULL),
(2053, 'Baba Tchagouni', NULL),
(2054, 'Serge Ognadon Akakpo', NULL),
(2055, 'Vincent Bossou', NULL),
(2056, 'Dakonam Ortega Djené', NULL),
(2057, 'Abdoul-Gafar Mamah', NULL),
(2058, 'Emmanuel Mathias', NULL),
(2059, 'Daré Nibombé', NULL),
(2060, 'Sadat Ouro-Akoriko', NULL),
(2061, 'Kodjo Amétépé', NULL),
(2062, 'Komlan Amewou', NULL),
(2063, 'Niasidji Donou Kokou', NULL),
(2064, 'Atakora Lalawelé', NULL),
(2065, 'Sapol Mani', NULL),
(2066, 'Alaixys Jacques Romao', NULL),
(2067, 'Moustapha Salifou', NULL),
(2068, 'Sename Dové Womé Dobé', NULL),
(2069, 'Farid Abdel Zato Arouna', NULL),
(2070, 'Emmanuel Adebayor', NULL),
(2071, 'Backer Aloenouvo', NULL),
(2072, 'Floyd Ayité', NULL),
(2073, 'Jonathan Ayité', NULL),
(2074, 'Kalen Damessi', NULL),
(2075, 'Serge Gakpé', NULL),
(2076, 'Francis Koné Kouassi', NULL),
(2077, 'Claude Koutob Naoto', NULL),
(2078, 'Euloge Mèmè Placca Fessou', NULL),
(2079, 'Diosvelis Alejandro Guerra Santiesteban', NULL),
(2080, 'Delvis Lumpuy Quintanilla', NULL),
(2081, 'Odelín Molina Hernández', NULL),
(2082, 'Julio Enrique Ramos Pichardo', NULL),
(2083, 'Jorge Luis Clavelo Tejeda', NULL),
(2084, 'Joel Colomé Valencia', NULL),
(2085, 'Jorge Luis Corrales Cordero', NULL),
(2086, 'Angel Luis Horta López', NULL),
(2087, 'Enmanuel Labrada Aliaga', NULL),
(2088, 'Renay Malblanche Serrano', NULL),
(2089, 'Yenier Márquez Molina', NULL),
(2090, 'Michel Márquez Serrano', NULL),
(2091, 'Aliannis Urgellés Montoya', NULL),
(2092, 'Dayron Alberto Blanco Joseph', NULL),
(2093, 'Jaime Colomé Valencia', NULL),
(2094, 'Arturo Adrián Diz Pe', NULL),
(2095, 'Alberto Gómez Carbonell', NULL),
(2096, 'Yasmany López Escalante', NULL),
(2097, 'Daniel Eduardo Luís Sáez', NULL),
(2098, 'Ariel Pedro Martínez González', NULL),
(2099, 'Liván Pérez Recio', NULL),
(2100, 'Andy Vaquero Ruiz', NULL),
(2101, 'José Ciprian Alfonso Pita', NULL),
(2102, 'Armando Coroneaux Isidoro', NULL),
(2103, 'Reinaldo Pérez', NULL),
(2104, 'Yoandir Puga Estevens', NULL),
(2105, 'Maykel Alejandro Reyes Azcuy', NULL),
(2106, 'Jesús Rodríguez Jiménez', NULL),
(2107, 'Miguel Ángel Sánchez Ferrer', NULL),
(2108, 'Jordan Eduardo Santa Cruz Vera', NULL),
(2109, 'Alexei Zuásnabar Grandales', NULL),
(2110, 'Kabelo Dambe', NULL),
(2111, 'Noah Maposa', NULL),
(2112, 'Mampule Masule', NULL),
(2113, 'Michael Pekukani', NULL),
(2114, 'Tshepo Motlhabankwe', NULL),
(2115, 'Obuile Ncenga', NULL),
(2116, 'Edwin Olerile', NULL),
(2117, 'Mompati Thuma', NULL),
(2118, 'Mogogi Gabonamong', NULL),
(2119, 'Joel Mogorosi', NULL),
(2120, 'Dirang Moloi', NULL),
(2121, 'Phenyo David Mongala', NULL),
(2122, 'Galabgwe Moyana', NULL),
(2123, 'Ofentse Nato', NULL),
(2124, 'Bonolo Phuduhudu', NULL),
(2125, 'Topo Piet', NULL),
(2126, 'Gaopatwe Seosenyeng', NULL),
(2127, 'Ntesang Simanyana', NULL),
(2128, 'Lemponye Tshireletso', NULL),
(2129, 'Jackie Motlhatego', NULL),
(2130, 'Gift Moyo', NULL),
(2131, 'Mogakolodi Ngele', NULL),
(2132, 'Jerome Ramatlhakwane', NULL),
(2133, 'Tebogo Sembowa', NULL),
(2134, 'Chancel Massa Mohikola', NULL),
(2135, 'Gildas Kiwoko Mouyabi', NULL),
(2136, 'Pavelh Ndzila', NULL),
(2137, 'Léonce Kévin Andzouana', NULL),
(2138, 'Dua Stanislas Ankira Ntsonakoulou', NULL),
(2139, 'Djodjo Children Miangounina', NULL),
(2140, 'Boris Moubhio Ngonga', NULL),
(2141, 'Hermann N''Kodia', NULL),
(2142, 'Garcia Frisca Nkouka', NULL),
(2143, 'Fagih Rauche Chris Goma Tchibota', NULL),
(2144, 'Gedson Baleckita', NULL),
(2145, 'Henrino Prince Beranger Makaya', NULL),
(2146, 'Charlevy Mabiala', NULL),
(2147, 'Hardy Alain Samarange Binguila', NULL),
(2148, 'Kessel Ulrich Tsiba Moukassa', NULL),
(2149, 'Rudy Guélord Bhebey Ndey', NULL),
(2150, 'Kader Bidimbou', NULL),
(2151, 'Glen Kinfounia Ngouama', NULL),
(2152, 'Herman Prestone Lakolo', NULL),
(2153, 'Dimitri Magnokele Bissiki', NULL),
(2154, 'Lorry Nkolo', NULL),
(2155, 'Moïse Justalain Nkounkou', NULL),
(2156, 'Bersyl Obassi Ngatsongo', NULL),
(2157, 'Mihkel Aksalu', NULL),
(2158, 'Sergei Pareiko', NULL),
(2159, 'Enar Jääger', NULL),
(2160, 'Ken Kallaste', NULL),
(2161, 'Ragnar Klavan', NULL),
(2162, 'Dmitri Kruglov', NULL),
(2163, 'Karol Mets', NULL),
(2164, 'Igor Morozov', NULL),
(2165, 'Maksim Podholjuzin', NULL),
(2166, 'Mikk Reintam', NULL),
(2167, 'Taijo Teniste', NULL),
(2168, 'Ilja Antonov', NULL),
(2169, 'Tarmo Kink', NULL),
(2170, 'Sergei Mošnikov', NULL),
(2171, 'Sander Puri', NULL),
(2172, 'Konstantin Vassiljev', NULL),
(2173, 'Rimo Hunt', NULL),
(2174, 'Hugo Miguel Barreto Henriques Marques', NULL),
(2175, 'Adilson Cipriano da Cruz', NULL),
(2176, 'Nélson Francisco Manuel Lobo Antunes', NULL),
(2177, 'Landú Mavanga', NULL),
(2178, 'António Gonçalo Cassule', NULL),
(2179, 'Régio Francisco Congo Zalata', NULL),
(2180, 'Amândio Manuel Felipe da Costa', NULL),
(2181, 'Mario Manuel de Oliveira', NULL),
(2182, 'Osvaldo Pedro Kitenga', NULL),
(2183, 'Fabrício Mafuta', NULL),
(2184, 'Filipe Malanda', NULL),
(2185, 'Alex Afonso Massunguna', NULL),
(2186, 'Natael Paulo Masuekama', NULL),
(2187, 'Pedro Victor Mingas', NULL),
(2188, 'Adawa Mokanga', NULL),
(2189, 'Fiston Kumbi Mukabidi Libengué', NULL),
(2190, 'Gamalhiel Frederico Mussumari', NULL),
(2191, 'Abdul Nzayinawo', NULL),
(2192, 'Ilídio José Panzo', NULL),
(2193, 'Bartolomeu Jacinto Quissanga', NULL),
(2194, 'Manuel David Afonso', NULL),
(2195, 'José Pedro Alberto', NULL),
(2196, 'Diogenes Capemba João', NULL),
(2197, 'Manuel da Costa Gaspar', NULL),
(2198, 'Moisés Miguel José', NULL),
(2199, 'Djalma Braume Manuel Abel Campos', NULL),
(2200, 'Guilherme Afonso', NULL),
(2201, 'Mateus Galiano da Costa', NULL),
(2202, 'Hermenegildo da Costa Paulo Bartolomeu', NULL),
(2203, 'Adriano Belmiro Duarte Nicolau', NULL),
(2204, 'Ricardo Job Estêvão', NULL),
(2205, 'Guedes Lupapa', NULL),
(2206, 'Cristóvão Paciência Mabululo', NULL),
(2207, 'Ahmed Sufyan Ahmed Al Abunora', NULL),
(2208, 'Saoud Mubarak Al Khater', NULL),
(2209, 'Saad Abdullah Al Sheeb', NULL),
(2210, 'Qasem Abdulhamed Burhan', NULL),
(2211, 'Basel Samih Zaidan', NULL),
(2212, 'Abdulaziz Hatem Mohammed Abdullah', NULL),
(2213, 'Ibrahim Abdullah Al Ghanim', NULL),
(2214, 'Mosaab Mahmoud Mohamed Al hassan', NULL),
(2215, 'Mohammed Musa Abbas Ali', NULL),
(2216, 'Abdelkarim Hassan Fadlalla', NULL),
(2217, 'Hamid Ismaeil Khaleefa Hamid', NULL),
(2218, 'Murad Naji Kamal Hussein', NULL),
(2219, 'Mohammed Kasola', NULL),
(2220, 'Boualem Khoukhi', NULL),
(2221, 'Khalid Muftah Mayuuf', NULL),
(2222, 'Ahmed Yasser Mohammedi', NULL),
(2223, 'Yousuf Muftah Muftah', NULL),
(2224, 'Almahdi Ali Mukhtar', NULL),
(2225, 'Bilal Mohammed Rajab', NULL),
(2226, 'Dame Traoré', NULL),
(2227, 'Wesam Rizik Abdulmajid', NULL),
(2228, 'Talal Ali Hassan Al Bloushi', NULL),
(2229, 'Abdulkarim Salem Al Ali Al Enezi', NULL),
(2230, 'Khalfan Ibrahim Khalfan Al Khalfan', NULL),
(2231, 'Mohammed Khamis Al Maliki', NULL),
(2232, 'Hamad Mohammed Al Obaidi', NULL),
(2233, 'Khaled Abdulraouf Al Zereiqi', NULL),
(2234, 'Abdulla Taleb Afifa Almerri', NULL),
(2235, 'Karim Boudiaf', NULL),
(2236, 'Luiz Mairton Carlos Júnior', NULL),
(2237, 'Mohamed Salah Elneel', NULL),
(2238, 'Ali Ahmad Ghaderi', NULL),
(2239, 'Adel Ahmad Mohamad', NULL),
(2240, 'Ismaeel Mohammad Mohammad', NULL),
(2241, 'Ali Assadalla Thaimn Qambar', NULL),
(2242, 'Ahmed Alaaeldin Abdelmotaal', NULL),
(2243, 'Almoez Ali Zainalabiddin Abdulla', NULL),
(2244, 'Meshaal Abdulla Abdulla', NULL),
(2245, 'Abdulaziz Rashid Al Ansari', NULL),
(2246, 'Hassan Khalid Al Haidos', NULL),
(2247, 'Jarallah Ali Al Marri', NULL),
(2248, 'Abdulqadir Ilyas Bakr', NULL),
(2249, 'Moayed Hassan Fodhayli', NULL),
(2250, 'Majed Mohammed Hassan', NULL),
(2251, 'Mohamed Razaq', NULL),
(2252, 'Mohammed Al Sayed Abdulmottalib Sayed', NULL),
(2253, 'Andrés Sebastián Soria Quintana', NULL),
(2254, 'Ali Hassan Afif Yahya', NULL),
(2255, 'Dianzuo Liu', NULL),
(2256, 'Dalei Wang', NULL),
(2257, 'Zhi Yang', NULL),
(2258, 'Cheng Zeng', NULL),
(2259, 'Wei Du', NULL),
(2260, 'Xiaoting Feng', NULL),
(2261, 'Zheng Lang', NULL),
(2262, 'Jianye Liu', NULL),
(2263, 'Hao Rong', NULL),
(2264, 'Xiang Sun', NULL),
(2265, 'Linpeng Zhang', NULL),
(2266, 'Zheng Zheng', NULL),
(2267, 'Peng Cui', NULL),
(2268, 'Bowen Huang', NULL),
(2269, 'Jingdao Jin', NULL),
(2270, 'Jian Liu', NULL),
(2271, 'Bo Qu', NULL),
(2272, 'Yongpo Wang', NULL),
(2273, 'Lei Wu', NULL),
(2274, 'Xi Wu', NULL),
(2275, 'Hao Yang', NULL),
(2276, 'Hai Yu', NULL),
(2277, 'Hanchao Yu', NULL),
(2278, 'Xizhe Zhang', NULL),
(2279, 'Xuri Zhao', NULL),
(2280, 'Zhi Zheng', NULL),
(2281, 'Lin Gao', NULL),
(2282, 'Ning Jiang', NULL),
(2283, 'Ke Sun', NULL),
(2284, 'Xu Yang', NULL),
(2285, 'Dabao Yu', NULL),
(2286, 'Saturnin Allagbé Kassifa', NULL),
(2287, 'Guillaume Bèmènou', NULL),
(2288, 'Fabien Farnolle', NULL),
(2289, 'Steve Glodjinon', NULL),
(2290, 'Josias Sessou', NULL),
(2291, 'Jordan Adéoti', NULL),
(2292, 'Femi Adjayi', NULL),
(2293, 'Séïdou Bazaré Huezo', NULL),
(2294, 'Vincent Fanou', NULL),
(2295, 'Lazadi Fousséni', NULL),
(2296, 'Emmanuel Imorou', NULL),
(2297, 'Réda Johnson', NULL),
(2298, 'Salomon Junior', NULL),
(2299, 'Arsène Menèssou Gbougnon', NULL),
(2300, 'Badarou Nana Nafiou', NULL),
(2301, 'Anicet Kayodé Adjamossi', NULL),
(2302, 'Jean-Louis Pascal Angan', NULL),
(2303, 'Romuald Boco', NULL),
(2304, 'Jérôme Agdssa Bonou', NULL),
(2305, 'Cédric Coréa', NULL),
(2306, 'Olatoundji Djibril Naim', NULL),
(2307, 'Jodel Dossou', NULL),
(2308, 'Djiman Waidi Kokou', NULL),
(2309, 'Seibou Mama', NULL),
(2310, 'Mouri Ola Ogunbiyi', NULL),
(2311, 'Oscar Olou', NULL),
(2312, 'Stéphane Sessègnon', NULL),
(2313, 'Didier Sossa', NULL),
(2314, 'Séïdah Siriki Konabe Tchomogo', NULL),
(2315, 'Mohamed Aoudou', NULL),
(2316, 'Bello Issiaka Babatounde', NULL),
(2317, 'William Dassagaté', NULL),
(2318, 'David Djigla', NULL),
(2319, 'Rudy Gestede', NULL),
(2320, 'Frédéric Gounongbe', NULL),
(2321, 'Gariga Abou Maïga', NULL),
(2322, 'Razak Omotoyossi', NULL),
(2323, 'Antonin Oussou', NULL),
(2324, 'Mickaël Poté', NULL),
(2325, 'George Chigova', NULL),
(2326, 'Munyaradzi Diya', NULL),
(2327, 'Tafadzwa Tadios Dube', NULL),
(2328, 'Felex Sanicky Chindungwe', NULL),
(2329, 'Patson Jaure', NULL),
(2330, 'Augustine Mbara', NULL),
(2331, 'Milton Ncube', NULL),
(2332, 'Temba Ndlhovu', NULL),
(2333, 'Hardlife Daniel Zvirekwi', NULL),
(2334, 'Eric Chipeta', NULL),
(2335, 'Oscar Machapa', NULL),
(2336, 'Masimba Keen Mambare', NULL),
(2337, 'Tawanda Muparati', NULL),
(2338, 'Danisa Phiri', NULL),
(2339, 'Ali Sadiki', NULL),
(2340, 'Kudakwashe Mahachi', NULL),
(2341, 'Pasca Manhanga', NULL),
(2342, 'Nelson Mazivisa', NULL),
(2343, 'Donald Ngoma', NULL),
(2344, 'Charles Sibanda', NULL),
(2345, 'Simba Sithole', NULL),
(2346, 'Simbarashe Nhivi Sithole', NULL),
(2347, 'Ilie Cebanu', NULL),
(2348, 'Stanislav Namaşco', NULL),
(2349, 'Igor Armaş', NULL),
(2350, 'Ştefan Burghiu', NULL),
(2351, 'Alexandru Epureanu', NULL),
(2352, 'Veaceslav Posmac', NULL),
(2353, 'Petru Racu', NULL),
(2354, 'Alexandru Antoniuc', NULL),
(2355, 'Alexandru Dedov', NULL),
(2356, 'Valentin Furdui', NULL),
(2357, 'Alexandru Gaţcan', NULL),
(2358, 'Sergiu Gheorghiev', NULL),
(2359, 'Radu Gînsari', NULL),
(2360, 'Artur Ioniţă', NULL),
(2361, 'Artur Pătraş', NULL),
(2362, 'Eugen Sidorenco', NULL),
(2363, 'Silva Henrique de Sousa Luvannor', NULL),
(2364, 'Igor Picuşceac', NULL),
(2365, 'Mohammed Hassan Hameed Farhan', NULL),
(2366, 'Ali Yaseen Flaifel', NULL),
(2367, 'Alaa Gatea Jaaz', NULL),
(2368, 'Jalal Hassan Hachim', NULL),
(2369, 'Saqr Ajeel Salih', NULL),
(2370, 'Abbas Qasim Zghair Al Kaabi', NULL),
(2371, 'Ali Hussein Rehema Al Mutairi', NULL),
(2372, 'Dhurgham Ismail Dawood Al Quraishi', NULL),
(2373, 'Mustafa Nadhim Jari Al Shabbani', NULL),
(2374, 'Ali Adnan Kadhim Al Tameemi', NULL),
(2375, 'Ali Faez Atiyah', NULL),
(2376, 'Salam Shakir Ali Dad', NULL),
(2377, 'Ali Bahjat Fadhil', NULL),
(2378, 'Ahmad Ibrahim Khalaf', NULL),
(2379, 'Mohammed Jabbar Rabat Zerjawi', NULL),
(2380, 'Saif Salman Hashim Al Mohammadawi', NULL),
(2381, 'Ahmed Fadhel Mohammed Al Nuaimi', NULL),
(2382, 'Saad Abdulameer Luaibi Al Zirjawi Al Dobjahawe', NULL),
(2383, 'Ahmed Yasin Gheni', NULL),
(2384, 'Jawad Kadhim Hantoosh', NULL),
(2385, 'Ahmad Abbas Hattab', NULL),
(2386, 'Ali Husni Faisal', NULL),
(2387, 'Yaser Kasim', NULL),
(2388, 'Ihab Kadhim Mhawesh Khlaifawi', NULL),
(2389, 'Humam Tariq Faraj Na''oush', NULL),
(2390, 'Mahdi Kamil Sheltagh', NULL),
(2391, 'Mahdi Karim Ajeel', NULL),
(2392, 'Marwan Hussein Hassan Al Ajeeli', NULL),
(2393, 'Basim Ali Hassoon Al Battat', NULL),
(2394, 'Hammadi Ahmad Abdullah Al Daeeaa', NULL),
(2395, 'Waleed Salem Edwereej Al Lami Salman', NULL),
(2396, 'Amjad Kalaf Mansour Al Muntafik', NULL),
(2397, 'Abdulqader Tareq Azeez', NULL),
(2398, 'Mohannad Abdulraheem Karrar', NULL),
(2399, 'Younis Mahmoud Khalaf', NULL),
(2400, 'Ali Qasim Mshari', NULL),
(2401, 'Dereje Alemu Getnet', NULL),
(2402, 'Tariku Getnet Alemu', NULL),
(2403, 'Jemal Tassew Bushira', NULL),
(2404, 'Saladin Bargicho', NULL),
(2405, 'Birhanu Bogale Boyle', NULL),
(2406, 'Abebaw Butako Bune', NULL),
(2407, 'Degu Debebe Gebreyes', NULL),
(2408, 'Biyadiglign Elyas Zewg', NULL),
(2409, 'Alula Girma Mekonnen', NULL),
(2410, 'Aynalem Hailu Reda', NULL),
(2411, 'Tok Galwak James', NULL),
(2412, 'Siyoum Tesfaye Moges', NULL),
(2413, 'Behailu Assefa Gobeze', NULL),
(2414, 'Abera Manaye Fantu', NULL),
(2415, 'Adane Girma Gebreyes', NULL),
(2416, 'Asrat Megersa Gobena', NULL),
(2417, 'Tadele Mengesha Mergia', NULL),
(2418, 'Adane Mentesenot', NULL),
(2419, 'Fasika Tafesse Asfaw', NULL),
(2420, 'Minyahil Teshome Beyene', NULL),
(2421, 'Ephrem Ashamo Merorre', NULL),
(2422, 'Dawit Fikadu Demissie', NULL),
(2423, 'Umed Ukuri Umed', NULL),
(2424, 'Moussa Alzouma', NULL),
(2425, 'Kassaly Daouda', NULL),
(2426, 'Saminou Gado Rabo Kabara', NULL),
(2427, 'Ismaël Alassanne', NULL),
(2428, 'Mouhamed Bachard', NULL),
(2429, 'Bouhari Bassirou', NULL),
(2430, 'Koffi Dan Kowa', NULL),
(2431, 'Kourouma Fatoukouma', NULL),
(2432, 'Amadou Hassane', NULL),
(2433, 'Amadou Kader', NULL),
(2434, 'Hamidou Konaté', NULL),
(2435, 'Jean Marcelin Koné', NULL),
(2436, 'Issiakou Koudizé', NULL),
(2437, 'Sulliman Mazadou', NULL),
(2438, 'Ali Mohamed', NULL),
(2439, 'Chikoto Mohamed', NULL),
(2440, 'Shehu Musa', NULL),
(2441, 'Mohamed Soumaïla', NULL),
(2442, 'Kader Yacouba', NULL),
(2443, 'Abdoulmoumouni Adamou', NULL),
(2444, 'Mahamane Cissé', NULL),
(2445, 'Issoufou Boubacar Garba', NULL),
(2446, 'Abdoul Karim Lancina', NULL),
(2447, 'Massaoudou Nouhou', NULL),
(2448, 'Souleymane Dela Sacko', NULL),
(2449, 'Boubacar Talatou', NULL),
(2450, 'Amadou Tidjani Moutari', NULL),
(2451, 'Ganiyu El Hadj Tijani', NULL),
(2452, 'Amadou Djibo Mohamed Wonkoye', NULL),
(2453, 'Seydou Ali Yacouba', NULL),
(2454, 'Ousmane Ahmeye Zeidine', NULL),
(2455, 'Abdoulrazak Ali', NULL),
(2456, 'Noga Adboubacar Dialiga', NULL),
(2457, 'Hamidou Djibo', NULL),
(2458, 'Saïdou Idrissa', NULL),
(2459, 'Alhassane Issoufou', NULL),
(2460, 'Daouda Kamilou', NULL),
(2461, 'Ouwo Moussa Maâzou', NULL),
(2462, 'Issa Mossi', NULL),
(2463, 'Abdoulnasser Nomaou', NULL),
(2464, 'Loukoumane Nouroudine', NULL),
(2465, 'Issa Modibo Sidibé', NULL),
(2466, 'Roin Kvaskhvadze', NULL),
(2467, 'Giorgi Loria', NULL),
(2468, 'Nukri Revishvili', NULL),
(2469, 'Gia Grigalava', NULL),
(2470, 'Levan Kakubava', NULL),
(2471, 'Guram Kashia', NULL),
(2472, 'Giorgi Khidesheli', NULL),
(2473, 'Akaki Khubutia', NULL),
(2474, 'Solomon ''Saba'' Kverkvelia', NULL),
(2475, 'Dato Kvirkvelia', NULL),
(2476, 'Ucha Lobzhanidze', NULL),
(2477, 'Lasha Salukvadze', NULL),
(2478, 'Jano Ananidze', NULL),
(2479, 'Murtaz ''Buba'' Daushvili', NULL),
(2480, 'Irakli Dzaria', NULL),
(2481, 'Jaba Kankava', NULL),
(2482, 'Aleksandre Kobakhidze', NULL),
(2483, 'Tornike Okriashvili', NULL),
(2484, 'Giorgi Chanturia', NULL),
(2485, 'Vladimer Dvalishvili', NULL),
(2486, 'Avtandil ''Avto'' Ebralidze', NULL),
(2487, 'Valeri Kazaishvili', NULL),
(2488, 'Bachana Tskhadadze', NULL),
(2489, 'Giedrius Arlauskis', NULL),
(2490, 'Paulias Grybauskas', NULL),
(2491, 'Emilijus Zubas', NULL),
(2492, 'Julius Aleksandravicius', NULL),
(2493, 'Vytautas Andriuškevičius', NULL),
(2494, 'Valdemaras Borovskis', NULL),
(2495, 'Karolis Chvedukas', NULL),
(2496, 'Georgas Freidgeimas', NULL),
(2497, 'Tadas Kijanskas', NULL),
(2498, 'Egidijus Vaitkūnas', NULL),
(2499, 'Marius Žaliūkas', NULL),
(2500, 'Mindaugas Kalonas', NULL),
(2501, 'Vytautas Lukša', NULL),
(2502, 'Saulius Mikoliūnas', NULL),
(2503, 'Mindaugas Panka', NULL),
(2504, 'Deimantas Petravičius', NULL),
(2505, 'Nerijus Valskis', NULL),
(2506, 'Gediminas Vičius', NULL),
(2507, 'Fedor Černych', NULL),
(2508, 'Arvydas Novikovas', NULL),
(2509, 'Evaldas Razulis', NULL),
(2510, 'Lukas Spalvis', NULL),
(2511, 'Simonas Stankevičius', NULL),
(2512, 'Abbas Ahmed Ali Khamis Aal Tooq', NULL),
(2513, 'Sayed Mohamed Jaafar Sabt Abbas', NULL),
(2514, 'Hamad Mohamed Ebrahim Khalaf Al Doseri', NULL),
(2515, 'Ashraf Al Sebaie', NULL),
(2516, 'Ebrahim Lutfalla', NULL),
(2517, 'Waleed Mohamed Abdulla Ali Al Hayam', NULL),
(2518, 'Abdulla Khaled Mohammed Ahmed Abdulla Al Hazaa', NULL),
(2519, 'Rashed Khalil Ebrahim Talha Khalil Al Hooti', NULL),
(2520, 'Abdulla Jawher Al Mass Bakheet', NULL),
(2521, 'Abdulla Saleh Aman', NULL),
(2522, 'Mohamed Husain Mohamed Hasan Bahzad', NULL),
(2523, 'Faisal Hassan Ali Bodahoom', NULL),
(2524, 'Saleh Abdulhameed Saleh Mohamed Mahmeedi', NULL),
(2525, 'Mohamed Khalifa Masaud Marzooq', NULL),
(2526, 'Hussain Ali Hasan Ali Mohamed', NULL),
(2527, 'Abdullah Ismaeel Omar', NULL),
(2528, 'Abdulla Shallal', NULL),
(2529, 'Abdulla Zayed', NULL),
(2530, 'Faouzi Mubarak Aaish', NULL),
(2531, 'Hassan Jameel Yaseen Mohamed Abdqahri', NULL),
(2532, 'Mahmood Abdulrahman Mohammed Noor Abdulrahman', NULL),
(2533, 'Fahad Yusuf Abdulla Ahmed Hassan Al Hardan', NULL),
(2534, 'Abdulwahab Al Malood', NULL),
(2535, 'Abdulhakeem Al Oraibi', NULL),
(2536, 'Sayed Dhiya Saeed Ebrahim Alawi Shubbar', NULL),
(2537, 'Abdulwahab Ali Abdulwahab Husain Alsafi', NULL),
(2538, 'Mohamed Duaij Mohamed Saleh Ali Mahorfi', NULL),
(2539, 'Ahmed Mirza', NULL),
(2540, 'Hakeem Ali Mohammad', NULL),
(2541, 'Issa Ahmed Ghaleb Muthanna', NULL),
(2542, 'Mohamed Ahmed Yusuf Salmeen', NULL),
(2543, 'Abdulla Abdo Omar Yaser', NULL),
(2544, 'Sayed Ahmed Jaafar Ahmed', NULL),
(2545, 'Saad Al Amer', NULL),
(2546, 'Hamad Abdulmanem Saleh Al Dakheel', NULL),
(2547, 'Sami Mohamed Saeed Al Husaini', NULL),
(2548, 'Ahmed Ebrahim Mubarak Isa Al Khattal', NULL),
(2549, 'Abbas Mohamed Salman Ahmed Al Sari', NULL),
(2550, 'Isa Moosa Hassan Bahram', NULL),
(2551, 'Ibrahim Ahmed Habib', NULL),
(2552, 'Ismaeel Abdulatif Ismaeel Hasan', NULL),
(2553, 'Mohammed Salman Maki', NULL),
(2554, 'Wilson Obungu Oduor', NULL),
(2555, 'Duncan Aketch Ochieng', NULL),
(2556, 'Fredrick Jerim Onyango', NULL),
(2557, 'Juma Abdallah', NULL),
(2558, 'Joackins Atudo', NULL),
(2559, 'Brian Mandela Onyango', NULL),
(2560, 'Musa Mohammed', NULL),
(2561, 'Mulinge Munandi Ndeto', NULL),
(2562, 'David Ochieng', NULL),
(2563, 'Abdulatif Omar Said', NULL),
(2564, 'David Owino', NULL),
(2565, 'Benedict Owuor', NULL),
(2566, 'Edwin Wafula', NULL),
(2567, 'Ali Ahmed Bhai', NULL),
(2568, 'Francis Kahata Nyambura', NULL),
(2569, 'David Kingarua', NULL),
(2570, 'Edwin Lavatsa', NULL),
(2571, 'Jamal Mohammed', NULL),
(2572, 'Victor Mugabe Wanyama', NULL),
(2573, 'Raphael Mulgal', NULL),
(2574, 'Johanna Ochieng Omolo', NULL),
(2575, 'Patrick Osiako', NULL),
(2576, 'Patrick Otieno', NULL),
(2577, 'Stephen Waruru', NULL),
(2578, 'Paul Were', NULL),
(2579, 'Kepha Litunya Aswani', NULL),
(2580, 'Paul Mungai Kiongera', NULL),
(2581, 'Andrew Murunga', NULL),
(2582, 'Dennis Oguta Oliech', NULL),
(2583, 'Peter Opiyo Odhiambo', NULL),
(2584, 'Kenneth Wendo', NULL),
(2585, 'Jesse Were', NULL),
(2586, 'Allan Wanga Wetende', NULL),
(2587, 'Evrard Gondjé-Marboua', NULL),
(2588, 'Prince Samolah', NULL),
(2589, 'Franklin Clovis Anzité Touadéré', NULL),
(2590, 'Salif Kéïta', NULL),
(2591, 'Thérence Kéthévoama', NULL),
(2592, 'Parfait Dethoua Tamboulas', NULL),
(2593, 'Kelly Alexandre Youga', NULL),
(2594, 'Brice Nicaise Zimbori Auzingoni', NULL),
(2595, 'Ralph Amores Dertin', NULL),
(2596, 'Junior Gourrier', NULL),
(2597, 'Arnold Gervais Kago', NULL),
(2598, 'Romaric Lignanzi', NULL),
(2599, 'Josué Kossingou Balamandji', NULL),
(2600, 'Foxi Kéthévoama', NULL),
(2601, 'Evans Kondogbia', NULL),
(2602, 'Moussa Limane', NULL),
(2603, 'Chris Igor Ngoyos', NULL),
(2604, 'Musab Al Kandari', NULL),
(2605, 'Nawaf Khalid Al Khaldy', NULL),
(2606, 'Musaed Neda Al Enazi', NULL),
(2607, 'Amer Maatouq Al Fadhel', NULL),
(2608, 'Fahad Al Hajeri', NULL),
(2609, 'Saoud Al Jenaie', NULL),
(2610, 'Ghazi Al Qahadi', NULL),
(2611, 'Hussain Fadhel Ali', NULL),
(2612, 'Fahad Awadh Shaheen Shehan', NULL),
(2613, 'Adel Matar Al Dwaihi', NULL),
(2614, 'Talal Nayef Al Enezi', NULL),
(2615, 'Hamad Al Harbi', NULL),
(2616, 'Saleh Al Sheikh Al Hendi', NULL),
(2617, 'Shereedah Al Shereedah', NULL),
(2618, 'Faisal Alenezi', NULL),
(2619, 'Hamad Rashid Abdulkarim Aman Ali', NULL),
(2620, 'Waleed Ali Hussein Jumah', NULL),
(2621, 'Sultan Al Enezi', NULL),
(2622, 'Saif Ahmad Saif Al Hashan', NULL),
(2623, 'Fahad Mohammed Aidh Al Rashidi', NULL),
(2624, 'Aleksandrs Kolinko', NULL),
(2625, 'Germans Māliņš', NULL),
(2626, 'Andris Vanins', NULL),
(2627, 'Nauris Bulvītis', NULL),
(2628, 'Vladislavs Gabovs', NULL),
(2629, 'Kaspars Gorkšs', NULL),
(2630, 'Antons Kurakins', NULL),
(2631, 'Vitālijs Maksimenko', NULL),
(2632, 'Renārs Rode', NULL),
(2633, 'Aleksandrs Fertovs', NULL),
(2634, 'Andrejs Kovaļovs', NULL),
(2635, 'Juris Laizāns', NULL),
(2636, 'Artis Lazdiņš', NULL),
(2637, 'Ritvars Rugins', NULL),
(2638, 'Alans Sineļnikovs', NULL),
(2639, 'Jurijs Žigajevs', NULL),
(2640, 'Artūrs Zjuzins', NULL),
(2641, 'Artoms Rudņevs', NULL),
(2642, 'Valerijs Šabala', NULL),
(2643, 'Daniils Turkovs', NULL),
(2644, 'Maris Verpakovskis', NULL),
(2645, 'Aleksejs Višņakovs', NULL),
(2646, 'Eduards Višņakovs', NULL),
(2647, 'Lars Hirschfeld', NULL),
(2648, 'Kyriakos ''Kenny'' Stamatopoulos', NULL),
(2649, 'Nana Attakora-Gyan', NULL),
(2650, 'André Hainault', NULL),
(2651, 'Doneil Henry', NULL),
(2652, 'Ashtone Morgan', NULL),
(2653, 'Karl Ouimette', NULL),
(2654, 'Adam Straith', NULL),
(2655, 'Kyle Bekker', NULL),
(2656, 'Stefan Cebara', NULL),
(2657, 'Marcel de Jong', NULL),
(2658, 'Dwayne De Rosario', NULL),
(2659, 'Terry Dunfield', NULL),
(2660, 'Nik Ledgerwood', NULL),
(2661, 'Issey Morgan Nakajima-Farran', NULL),
(2662, 'Jonathan Osorio', NULL),
(2663, 'Pedro Miguel Salgadinho Pacheco de Melo', NULL),
(2664, 'Samuel Piette', NULL),
(2665, 'Russell Teibert', NULL),
(2666, 'Caleb Clarke', NULL),
(2667, 'Iain Hume', NULL),
(2668, 'Simeon Jackson', NULL),
(2669, 'Kyle Porter', NULL),
(2670, 'Tosaint Ricketts', NULL),
(2671, 'Glen Moss', NULL),
(2672, 'Jacob Spoonley', NULL),
(2673, 'Michael Boxall', NULL),
(2674, 'Andrew Durante', NULL),
(2675, 'Storm Roux', NULL),
(2676, 'Ben Sigmund', NULL),
(2677, 'Bill Poni Tuiloma', NULL),
(2678, 'Cameron Howieson', NULL),
(2679, 'Chris James', NULL),
(2680, 'Michael McGlinchey', NULL),
(2681, 'Tim Payne', NULL),
(2682, 'Ryan Jared Thomas', NULL),
(2683, 'Kosta Barbarouses', NULL),
(2684, 'Tyler Boyd', NULL),
(2685, 'Jeremy Brockie', NULL),
(2686, 'Rory Fallon', NULL),
(2687, 'Chris Wood', NULL),
(2688, 'Jonathan Joubert', NULL),
(2689, 'Marc Oberweis', NULL),
(2690, 'Ricardo Aleixo Delgado', NULL),
(2691, 'Ante Bukvić', NULL),
(2692, 'Maxime Chanot', NULL),
(2693, 'Eric Hoffmann', NULL),
(2694, 'Kevin Malget', NULL),
(2695, 'Massimo Martino', NULL),
(2696, 'Mario Mutsch', NULL),
(2697, 'Chris Philipps', NULL),
(2698, 'Tom Schnell', NULL),
(2699, 'Yannick Bastos', NULL),
(2700, 'Stefano Bensi', NULL),
(2701, 'Joël de Almeida Pedro', NULL),
(2702, 'Lars Christian Krogh Gerson', NULL),
(2703, 'Mathias Jänisch', NULL),
(2704, 'Laurent Jans', NULL),
(2705, 'Tom Laterza', NULL),
(2706, 'Andy May', NULL),
(2707, 'Ben Payal', NULL),
(2708, 'Daniel Alves Da Mota', NULL),
(2709, 'Maurice Deville', NULL),
(2710, 'Aurélien Joachim', NULL),
(2711, 'Antonio Luisi', NULL),
(2712, 'David Turpel', NULL),
(2713, 'Carlos Andrés Bejarano Palacios', NULL),
(2714, 'Emmanuel Danilo Clementino Silva', NULL),
(2715, 'Carlos Akapo Martínez', NULL),
(2716, 'David Álvarez Aguirre', NULL),
(2717, 'Jimmy Bermúdez Valencia', NULL),
(2718, 'Armando Sipoto Bohale Aqueriaco', NULL),
(2719, 'Lato Ekanza Aka', NULL),
(2720, 'Diosdado Mbele Mangue', NULL),
(2721, 'Eduardo Soares Ferreira', NULL),
(2722, 'Daniel Vázquez Evuy', NULL),
(2723, 'Rubén Belima Rodríguez', NULL),
(2724, 'Diouzer da Cruz dos Santos', NULL),
(2725, 'Juvenal Edjogo-Owono Montalbán', NULL),
(2726, 'Viera Ellong Doualla', NULL),
(2727, 'Igor Engonga Noval', NULL),
(2728, 'Omar Mascarell González', NULL),
(2729, 'Jesús Valeriano Nchama Oyono', NULL),
(2730, 'Javier Ángel Balboa Osa', NULL),
(2731, 'Rodolfo Bodipo Díaz', NULL),
(2732, 'Iván Bolado Palacios', NULL),
(2733, 'Jonatas Paulino da Silva Inacio', NULL),
(2734, 'Thierry Fidjeu Tazemeta', NULL),
(2735, 'Ibán Iyanga Travieso', NULL),
(2736, 'Emilio Nsue López', NULL),
(2737, 'César Augusto Rivas Lasso', NULL),
(2738, 'Nelson Logomale Pinto', NULL),
(2739, 'Victor Soares', NULL),
(2740, 'Victor Jaime Timana', NULL),
(2741, 'Francisco Lopes Albino Muchanga', NULL),
(2742, 'Benedito Germano Bernardo', NULL),
(2743, 'Dário Ivan Khan', NULL),
(2744, 'Daniel Almiro Lobo', NULL),
(2745, 'Gabriel Geraldo Macuvele', NULL),
(2746, 'João Xavier Mazive', NULL),
(2747, 'Diogo António Alberto', NULL),
(2748, 'Saddan Abdul Guambe', NULL),
(2749, 'Josemar Tiago Machaisse', NULL),
(2750, 'Guilherme Lourenco Manhique', NULL),
(2751, 'Francisco Miocha', NULL),
(2752, 'Ibraimo Antonio Pilale', NULL),
(2753, 'Belito Antonio', NULL),
(2754, 'Apson David Manjate', NULL),
(2755, 'Manuel Massiva Fernandes', NULL),
(2756, 'Mário Sebastiao Sinamunda', NULL),
(2757, 'Manuel Zacarias Uetimane', NULL),
(2758, 'Abbas Hassan', NULL),
(2759, 'Mehdi Khalil', NULL),
(2760, 'Lary Mehanna', NULL),
(2761, 'Mohammad Sheker', NULL),
(2762, 'Ahmad Taktook', NULL),
(2763, 'Hassan Daher', NULL),
(2764, 'Billal Cheikh Mohamed El Najjarine', NULL),
(2765, 'Ali Hamam', NULL),
(2766, 'Walid Ismail', NULL),
(2767, 'Mootaz Bala'' Mohamad Ahmad Jounaidi', NULL),
(2768, 'Mohammed Ali Khan', NULL),
(2769, 'Yousif Wasef Mohamad', NULL),
(2770, 'Mohammad Zein El Abidine Tahhan', NULL),
(2771, 'Hassan Annan', NULL),
(2772, 'Roda Antar', NULL),
(2773, 'Rabih Ataya', NULL),
(2774, 'Abbas Ahmad Atwi', NULL),
(2775, 'Hassan Chaito', NULL),
(2776, 'Mouhamad Chamass', NULL),
(2777, 'Haytham Faour', NULL),
(2778, 'Adnan Haidar', NULL),
(2779, 'Mohamad Hassan Hammoud', NULL),
(2780, 'Mohammad Kadouh', NULL),
(2781, 'Hassan Maatouk', NULL),
(2782, 'Mohammad Maksod', NULL),
(2783, 'Nour Mansour', NULL),
(2784, 'Subhadra Nayak', NULL),
(2785, 'Hamzeh Salameh', NULL),
(2786, 'Khodor Salameh', NULL),
(2787, 'Mohammad Salem', NULL),
(2788, 'Abbas Ali Atwi', NULL),
(2789, 'Hussein Awada', NULL),
(2790, 'Hassan Jamam El Mohamad', NULL),
(2791, 'Mohamad Mahmoud Ghaddar', NULL),
(2792, 'Mohamad Haidar', NULL),
(2793, 'Mahmoud Kojok', NULL),
(2794, 'Soony Saad', NULL),
(2795, 'Tan Truong Bui', NULL),
(2796, 'Hong Son Duong', NULL),
(2797, 'Thanh Binh Nguyen', NULL),
(2798, 'Vinh Loi To', NULL),
(2799, 'Buu Ngoc Tran', NULL),
(2800, 'Nguyen Manh Tran', NULL),
(2801, 'Van Hoan Au', NULL),
(2802, 'Phuoc Vinh Chau Le', NULL),
(2803, 'Van Phong Dao', NULL),
(2804, 'Huu Long Khuat', NULL),
(2805, 'Gia Tu Nguyen', NULL),
(2806, 'Van Bien Nguyen', NULL),
(2807, 'Xuan Hung Nguyen', NULL),
(2808, 'Xuan Thanh Nguyen', NULL),
(2809, 'Manh Hung Pham', NULL),
(2810, 'Van Nhien Phung', NULL),
(2811, 'Hai Lam Tran', NULL),
(2812, 'Dinh Luat Truong', NULL),
(2813, 'Hoang Quang Vo', NULL),
(2814, 'Van Hieu Bui', NULL),
(2815, 'Sy Cuong Cao', NULL),
(2816, 'Thanh Trung Dinh', NULL),
(2817, 'Van Binh Hoang', NULL),
(2818, 'Quoc Anh Huynh', NULL),
(2819, 'Tan Tai Le', NULL),
(2820, 'Van Thang Le', NULL),
(2821, 'Tien Thanh Mai', NULL),
(2822, 'Ngoc Duy Nguyen', NULL),
(2823, 'Trong Hoang Nguyen', NULL),
(2824, 'Van Quyet Nguyen', NULL),
(2825, 'Nguyen Sa Pham', NULL),
(2826, 'Thanh Luong Pham', NULL),
(2827, 'Minh Tuan Vu', NULL),
(2828, 'Cong Vinh Le', NULL),
(2829, 'Anh Duc Nguyen', NULL),
(2830, 'Hai Anh Nguyen', NULL),
(2831, 'Quang Hai Nguyen', NULL),
(2832, 'El Muez Mahgoub Abdalla', NULL),
(2833, 'Abdel Rahman Ali Ibrahim Al Dayaea', NULL),
(2834, 'Abdalla El Zobair', NULL),
(2835, 'Mohamed Mofadel', NULL),
(2836, 'Hafez Ahmed Hamed Mostafa', NULL),
(2837, 'Akram El Hadi Salim', NULL),
(2838, 'Ehab Mohammed Abdelfatah Zoghber', NULL),
(2839, 'Najem Eldin Abdalla Abdalgabar', NULL),
(2840, 'Faris Abdalla', NULL),
(2841, 'Ahmed El Basha Adam', NULL),
(2842, 'Ismaeel Siddiq Adam', NULL),
(2843, 'Ahmed Abdalla Adam Ali', NULL),
(2844, 'Mudathir Amin', NULL),
(2845, 'Mohamed Ali El Khider', NULL),
(2846, 'Ali El Noor', NULL),
(2847, 'Ali Gaffar', NULL),
(2848, 'Salah Ibrahim', NULL),
(2849, 'Malik Mohammed', NULL),
(2850, 'Hamza Adam Osman Omer', NULL),
(2851, 'Abdellatif Saeed Osman', NULL),
(2852, 'Mowaia Bashir Fadasi Koko Osman', NULL),
(2853, 'El Taher El Haj Hassan Sadoumba', NULL),
(2854, 'Amir Kamal Suliman', NULL),
(2855, 'Ragei Abdelati Abdalla', NULL),
(2856, 'Mohamed Abdallah', NULL),
(2857, 'Mohammed Mousa Mohammed Abdullah', NULL),
(2858, 'Saeed Mustafa Balla', NULL),
(2859, 'Mohamed Ahmed Bashir', NULL),
(2860, 'Mohamed Ahmed Abd Al Momen El Faki', NULL),
(2861, 'Amin Ibrahim Anklo El Mani', NULL),
(2862, 'Nasr Eldin Omer Ahmed El Shighail', NULL),
(2863, 'Nadir Eliman Eltayeb', NULL),
(2864, 'Saif Eldin Ali Idris Farah', NULL),
(2865, 'Ala''a Eldin Yousif Hado', NULL),
(2866, 'Hammad Bakri Hassan', NULL),
(2867, 'Faisal Musa Hussein', NULL),
(2868, 'Haitham Mostafa Ahmed Karar', NULL),
(2869, 'Balla Gabir Kortokaila', NULL),
(2870, 'Omer Mahmoud', NULL),
(2871, 'Fared Mohamed', NULL),
(2872, 'Mohamed Musa', NULL),
(2873, 'Musaab Omer Maaz Mussa', NULL),
(2874, 'Nazar Hamid Nassir', NULL),
(2875, 'Saeed Siddiq', NULL),
(2876, 'Bakri Abdel Kader Makeen Al Madina', NULL),
(2877, 'Ramadan Kreen Alagab', NULL),
(2878, 'Osama El Rasheed Babkr', NULL),
(2879, 'Mudather Eltaib Ibrahim El Tahir', NULL),
(2880, 'Mohammed Koko', NULL),
(2881, 'Mohamed Abdel Monem Marhoum', NULL),
(2882, 'Muhannad Tahir Osman', NULL),
(2883, 'Adam Sayer Adam', NULL),
(2884, 'Alexandr Mokin', NULL),
(2885, 'Samat Otarbayev', NULL),
(2886, 'Andrey Sidelnikov', NULL),
(2887, 'Anton Tsirin', NULL),
(2888, 'Eldos Akhmetov', NULL),
(2889, 'Viktor Dmitrenko', NULL),
(2890, 'Konstantin Engel', NULL),
(2891, 'Mark Gorman', NULL),
(2892, 'Alexander Kislitsyn', NULL),
(2893, 'Zakhar Korobov', NULL),
(2894, 'Sergiy Maliy', NULL),
(2895, 'Mukhtar Mukhtarov', NULL),
(2896, 'Aleksey Muldarov', NULL);
INSERT INTO `player` (`id`, `name`, `injured`) VALUES
(2897, 'Kairat Nurdauletov', NULL),
(2898, 'Maksat Baizhanov', NULL),
(2899, 'Anotoli Bogdanov', NULL),
(2900, 'Andrei Karpovich', NULL),
(2901, 'Marat Khayrullin', NULL),
(2902, 'Valeriy Korobkin', NULL),
(2903, 'Yuri Logvinenko', NULL),
(2904, 'Serikzhan Muzhikov', NULL),
(2905, 'Azat Nurgaliev', NULL),
(2906, 'Tanat Nuserbayev', NULL),
(2907, 'Heinrich Schmidtgal', NULL),
(2908, 'Dmitriy Shomko', NULL),
(2909, 'Igor Yurin', NULL),
(2910, 'Nurbol Zhumaskaliev', NULL),
(2911, 'Baurzhan Dzholchiev', NULL),
(2912, 'Andrei Finonchenko', NULL),
(2913, 'Sergei Khizhnichenko', NULL),
(2914, 'Sergei Ostapenko', NULL),
(2915, 'Pavel Shabalin', NULL),
(2916, 'Aleksey Shchetkin', NULL),
(2917, 'Nathaniel Sherman', NULL),
(2918, 'Mulbah Urey', NULL),
(2919, 'Myers Garlo', NULL),
(2920, 'Francis Jallabah', NULL),
(2921, 'Alpha James', NULL),
(2922, 'Marcus Macauley', NULL),
(2923, 'Sylvanus Nimely', NULL),
(2924, 'Solomon Wesseh', NULL),
(2925, 'Trokon Zeon', NULL),
(2926, 'Abel Horton', NULL),
(2927, 'Prince Saydee', NULL),
(2928, 'Gideon Williams', NULL),
(2929, 'Eddie Wulue', NULL),
(2930, 'Prince Mark Boley', NULL),
(2931, 'Abraham Kuyateh', NULL),
(2932, 'James Roberts', NULL),
(2933, 'Samuel Thompson', NULL),
(2934, 'Mohammed Varney', NULL),
(2935, 'Ephraim Tjihonge', NULL),
(2936, 'Virgil Vries', NULL),
(2937, 'Da Costa Angula', NULL),
(2938, 'Denzil Haoseb', NULL),
(2939, 'Chris Katjiukua', NULL),
(2940, 'Emilio Martin', NULL),
(2941, 'Willem Mwedihanga', NULL),
(2942, 'Freedom Puriza', NULL),
(2943, 'Dennis Tjetjinda', NULL),
(2944, 'Bryan Bantam', NULL),
(2945, 'Ananias Gebhardt', NULL),
(2946, 'Larry Horaeb', NULL),
(2947, 'Deon Hotto Kavendji', NULL),
(2948, 'Petrus Shitembi', NULL),
(2949, 'Willy Stephanus', NULL),
(2950, 'Neville Tjiueza', NULL),
(2951, 'Riaan Cloete', NULL),
(2952, 'Heinrich Isaacks', NULL),
(2953, 'Pineas Jacob', NULL),
(2954, 'Roger Kumbee Katjiteo', NULL),
(2955, 'Jerome Louis', NULL),
(2956, 'Harold Doekie Ochurub', NULL),
(2957, 'Sadney Urikhob', NULL),
(2958, 'Owen Chaima', NULL),
(2959, 'Simplex Nthala', NULL),
(2960, 'Charles Swini', NULL),
(2961, 'Moses Chavula', NULL),
(2962, 'Chimango Kayira', NULL),
(2963, 'John Kintu Lanjesi', NULL),
(2964, 'Lucky Malata', NULL),
(2965, 'Limbikani Mzava', NULL),
(2966, 'Foster Namwela', NULL),
(2967, 'George Nyirenda', NULL),
(2968, 'Harry Nyirenda', NULL),
(2969, 'James Sangala', NULL),
(2970, 'Davi John Banda', NULL),
(2971, 'Frank Banda', NULL),
(2972, 'John Christopher Banda', NULL),
(2973, 'Tawonga Chimodzi', NULL),
(2974, 'Douglas Chirambo', NULL),
(2975, 'Joseph Kamwendo', NULL),
(2976, 'Phillip Masiye', NULL),
(2977, 'Micium Mhone', NULL),
(2978, 'Robert Ng’ambi', NULL),
(2979, 'Gabadin Frank Mhango', NULL),
(2980, 'Harvey Mkacha', NULL),
(2981, 'Russel Mwafulirwa', NULL),
(2982, 'Robin Ngalande', NULL),
(2983, 'Atusaye Nyondo', NULL),
(2984, 'Peter Wadabwa', NULL),
(2985, 'Juma Kaseja', NULL),
(2986, 'Aishi Manula', NULL),
(2987, 'Ally Mtinge Mustapha', NULL),
(2988, 'Ally Mwadini Mwadini', NULL),
(2989, 'Vincent Barnabas Saramba', NULL),
(2990, 'Shomari Salum Kapombe', NULL),
(2991, 'Charles Luhende', NULL),
(2992, 'Aggrey Morris', NULL),
(2993, 'David Issa Mwantika', NULL),
(2994, 'Erasto Nyoni', NULL),
(2995, 'Waziri Salum Omar', NULL),
(2996, 'Henry Joseph Shindika', NULL),
(2997, 'Kelvin Patrick Yondani', NULL),
(2998, 'Salum Abubakar', NULL),
(2999, 'Haruna Chanongo', NULL),
(3000, 'Nadir Haroub Ali', NULL),
(3001, 'Athuman Iddy', NULL),
(3002, 'Mwinyi Kazimoto', NULL),
(3003, 'Amri Kiemba Ramadhan', NULL),
(3004, 'Khamis Mcha Khamis', NULL),
(3005, 'Jonas Mkude', NULL),
(3006, 'Abbas Mudathiri', NULL),
(3007, 'Mrisho Alfani Ngassa', NULL),
(3008, 'Hassan Shabani', NULL),
(3009, 'Mudathiri Yahya', NULL),
(3010, 'John Raphael Bocco', NULL),
(3011, 'Said Abbas Dilunga', NULL),
(3012, 'Frank Raymond Domayo', NULL),
(3013, 'Juma Luzio', NULL),
(3014, 'Simon Happygod Msuva', NULL),
(3015, 'Mbwana Ally Samata', NULL),
(3016, 'Pazi Zahoro Iddi Shabani', NULL),
(3017, 'Thomas Emanuel Ulimwengu', NULL),
(3018, 'Mansur Faqiryar', NULL),
(3019, 'Hamidullah Yosufzai', NULL),
(3020, 'Zohib Islam Haroon Fakhruddin Amiri', NULL),
(3021, 'Farzad Ghulam Muhaiuddin Ataee', NULL),
(3022, 'Mujtaba Faiz', NULL),
(3023, 'Muqadar Faizullah Qazizadah', NULL),
(3024, 'Mohammad Rafi', NULL),
(3025, 'Ali Ahmad Yarzada', NULL),
(3026, 'Mustafa Azadzoy', NULL),
(3027, 'Ahmad Arash Hatifi', NULL),
(3028, 'Mohammad Marouf Jamhour', NULL),
(3029, 'Wahid Ahmed Nadim', NULL),
(3030, 'Hamidullah Nesar Ahmad', NULL),
(3031, 'Sandjar Mohammad Ahmadi', NULL),
(3032, 'Amiruddin Mohammad Anwar', NULL),
(3033, 'Balal Arezou', NULL),
(3034, 'Hashmatullah Mohammad Barakzai', NULL),
(3035, 'Mustafa Hadid', NULL),
(3036, 'Mohammad Yusef Mashriqi', NULL),
(3037, 'Mohammad Sidiq Walizada', NULL),
(3038, 'Cristian Roberto Álvarez Ríos', NULL),
(3039, 'Juan José Paredes Guzmán', NULL),
(3040, 'Hessler Alejandro Archila Boiton', NULL),
(3041, 'Carlos Mauricio Castrillo Alonzo', NULL),
(3042, 'Carlos Eduardo Gallardo Najera', NULL),
(3043, 'Rafael Humberto Morales de León', NULL),
(3044, 'Rubén Darío Morales Pereira', NULL),
(3045, 'Elías Enoc Vásquez Prera', NULL),
(3046, 'Kevin Eduardo Arriola Garcia', NULL),
(3047, 'José Manuel Contreras Contreras', NULL),
(3048, 'Jonathan Winibakcer López Mejicanos', NULL),
(3049, 'Jean Jonathan Márquez Orellana', NULL),
(3050, 'Brayan Alexander Ordóñez Aj', NULL),
(3051, 'Pedro Julio Samayoa Moreno', NULL),
(3052, 'Billy Josué Torres Alvarado', NULL),
(3053, 'Sergio Alejandro Trujillo Herrera', NULL),
(3054, 'Minor Ignacio López Campollo', NULL),
(3055, 'Nelson Enrique Miranda Nery', NULL),
(3056, 'Wilber Mauricio Pérez Medrano', NULL),
(3057, 'Mac Arthur Arakaza', NULL),
(3058, 'Saidi Tama Nduwimana', NULL),
(3059, 'Yvan Rugumandiye', NULL),
(3060, 'Célestin Habonimana', NULL),
(3061, 'Hassan Hakizimana', NULL),
(3062, 'Issa Hakizimana', NULL),
(3063, 'Rachid Léon Harerimana', NULL),
(3064, 'Yussuf Lule Ndikumana', NULL),
(3065, 'Léopold Nkurikiye', NULL),
(3066, 'Frédéric Nsabiyumva', NULL),
(3067, 'Stéphane Rugonumugabo', NULL),
(3068, 'Gaël Duhayindavyi', NULL),
(3069, 'Pascal Hakizimana', NULL),
(3070, 'Mossi Moussa', NULL),
(3071, 'Shasiri Nahimana', NULL),
(3072, 'Christophe Nduwarugira', NULL),
(3073, 'Hussein Shabani', NULL),
(3074, 'Abdoul Razak Fiston', NULL),
(3075, 'Jean-Claude Ndarusanze', NULL),
(3076, 'Yamin Selemani Ndikumana', NULL),
(3077, 'Jean Gentil Nduwimana', NULL),
(3078, 'Aimé Nzohabonayo', NULL),
(3079, 'Gilbert Tuyihimbaze', NULL),
(3080, 'Wellington Agramonte de los Santos', NULL),
(3081, 'Miguel Stanling Lloyd Troncoso', NULL),
(3082, 'Eduardo Acevedo', NULL),
(3083, 'Heinz Barmettler Veloz', NULL),
(3084, 'Cayetano Bartolomé Bonnin Vásquez', NULL),
(3085, 'Johan Alberto Cruz De La Cruz', NULL),
(3086, 'César Manuel García Peralta', NULL),
(3087, 'César Antonio Ledesma Turbi', NULL),
(3088, 'Hansley Alexander Martinez Garcia', NULL),
(3089, 'Angel Luis Milano', NULL),
(3090, 'Francisco Eduardo Ubiera Torres', NULL),
(3091, 'Rafael Leonardo Flores', NULL),
(3092, 'Jean Carlos López Moscoso', NULL),
(3093, 'Carlos Julio Martínez Rivas', NULL),
(3094, 'Inoel Navarro González', NULL),
(3095, 'Pedro Antonio Nuñez', NULL),
(3096, 'Kelvin Rafael Kerbi Rodríguez Pichardo', NULL),
(3097, 'José Israel Ruiz', NULL),
(3098, 'Jonathan Rafael Faña Frías', NULL),
(3099, 'Samuel Lustenberger', NULL),
(3100, 'Erick Junior Ozuna López', NULL),
(3101, 'Domingo Antonio Peralta Florencio', NULL),
(3102, 'Justin Haber', NULL),
(3103, 'Andrew Hogg', NULL),
(3104, 'Andrei Agius', NULL),
(3105, 'Steven Bezzina', NULL),
(3106, 'Ryan Camilleri', NULL),
(3107, 'Edward Herrera', NULL),
(3108, 'Alexander Muscat', NULL),
(3109, 'Manny Muscat', NULL),
(3110, 'Joseph Zerafa', NULL),
(3111, 'Andrew Cohen', NULL),
(3112, 'Clayton Failla', NULL),
(3113, 'Paul Fenech', NULL),
(3114, 'Justin Grioli', NULL),
(3115, 'Bjorn Kristensen', NULL),
(3116, 'John Mintoff', NULL),
(3117, 'Zach Muscat', NULL),
(3118, 'André Schembri', NULL),
(3119, 'Gareth Sciberras', NULL),
(3120, 'Leighton Grech', NULL),
(3121, 'Michael Mifsud', NULL),
(3122, 'Terence Vella', NULL),
(3123, 'Antonis Georgallides', NULL),
(3124, 'Tassos Anastasios Kissas', NULL),
(3125, 'Giorgos Loizou', NULL),
(3126, 'Christakis Mastrou', NULL),
(3127, 'Marios Antoniades', NULL),
(3128, 'Angelis Charalambous', NULL),
(3129, 'Ilias Charalambous', NULL),
(3130, 'Paraskevas Christou', NULL),
(3131, 'Dossa Momad Omar Hassamo Júnior', NULL),
(3132, 'Giorgios Merkis', NULL),
(3133, 'Lefteris Mertakkas', NULL),
(3134, 'Stelios Parpas', NULL),
(3135, 'Georgios Pelagias', NULL),
(3136, 'Valentinos Sielis', NULL),
(3137, 'Christos Theofilou', NULL),
(3138, 'Efstathios Aloneftis', NULL),
(3139, 'Georgios Aresti', NULL),
(3140, 'Kostakis Artymatas', NULL),
(3141, 'Andreas Avraam', NULL),
(3142, 'Konstantinos Charalambidis', NULL),
(3143, 'Dimitris Christofi', NULL),
(3144, 'Jason Demetriou', NULL),
(3145, 'Siniša Dobrašinović', NULL),
(3146, 'Giorgos Efrem', NULL),
(3147, 'Giorgos Eleftheriou', NULL),
(3148, 'Charalambos Kyriacou', NULL),
(3149, 'Charis Kyriakou', NULL),
(3150, 'Vincent Laban', NULL),
(3151, 'Konstantinos Makridis', NULL),
(3152, 'Christos Marangos', NULL),
(3153, 'Marios Nikolaou', NULL),
(3154, 'Kyriakos Pavlou', NULL),
(3155, 'Anthos Solomou', NULL),
(3156, 'Marios Stylianou', NULL),
(3157, 'Giorgos Vasiliou', NULL),
(3158, 'Nektarios Alexandrou', NULL),
(3159, 'Alexandros Konstantinou', NULL),
(3160, 'Michalis Konstantinou', NULL),
(3161, 'Andreas Makris', NULL),
(3162, 'Nestoras Mitidis', NULL),
(3163, 'Andreas Papathanasiou', NULL),
(3164, 'Pieros Soteriou', NULL),
(3165, 'Ilias Vattis', NULL),
(3166, 'Obrendo Jurgen Huiswoud', NULL),
(3167, 'Manuel Bjorn Kowid', NULL),
(3168, 'Joel Ostrando Baja', NULL),
(3169, 'Miquel Danny Darson', NULL),
(3170, 'Zhirvano Fugel Darson', NULL),
(3171, 'Ray Fränkel', NULL),
(3172, 'Naldo Braidner Kwasie', NULL),
(3173, 'Sersinho Reding', NULL),
(3174, 'Angero Renfurm', NULL),
(3175, 'Sergino Rahi Eduard', NULL),
(3176, 'Ilunga Biorn Urven Edwards', NULL),
(3177, 'Vitorinio Armand Pinas', NULL),
(3178, 'Romano Dennis Stekkel', NULL),
(3179, 'Dimitrie Yekini Apai', NULL),
(3180, 'Donovan Jurmain Loswijk', NULL),
(3181, 'Virgill Najoe', NULL),
(3182, 'Galgyto Lafael Talea', NULL),
(3183, 'Giovanni Gerrit Waal', NULL),
(3184, 'Gérard Bikorimana', NULL),
(3185, 'Olivier Kwizera', NULL),
(3186, 'Evariste Mutuyimana', NULL),
(3187, 'Jean-Claude Ndoli', NULL),
(3188, 'Steven Ntaribi', NULL),
(3189, 'Hamdan Bayiranga', NULL),
(3190, 'Emery Bayisenge', NULL),
(3191, 'Eric Gasana', NULL),
(3192, 'Mohamed Mpozembizi', NULL),
(3193, 'Alfred Martin Mugabo', NULL),
(3194, 'Gabriel Mugabo', NULL),
(3195, 'Salomon Nirisarike', NULL),
(3196, 'Ismaël Nshutiyamagara', NULL),
(3197, 'Michel Rusheshangoga', NULL),
(3198, 'Abuba Sibomana', NULL),
(3199, 'James Tubane', NULL),
(3200, 'Fabrice Twagizimana', NULL),
(3201, 'Faustin Usengimana', NULL),
(3202, 'Andrew Buteera', NULL),
(3203, 'Hassan Gasozera', NULL),
(3204, 'Aphrodis Hategikimana', NULL),
(3205, 'Jean-Claude Iranzi', NULL),
(3206, 'Jean-Baptiste Mugiraneza', NULL),
(3207, 'Mouhamed Mushimiyimana', NULL),
(3208, 'Djamar Lacoste Mwiseneza', NULL),
(3209, 'Albert Ngabo', NULL),
(3210, 'Jean-Bosco Ngaboyisibo', NULL),
(3211, 'Ghad Niyonshuti', NULL),
(3212, 'Haruna Niyonzima', NULL),
(3213, 'Tumaine Ntamuhanga', NULL),
(3214, 'Patrick Sibomana', NULL),
(3215, 'Peter Kagabo', NULL),
(3216, 'Meddie Kagere', NULL),
(3217, 'Olivier Karekezi', NULL),
(3218, 'Jimmy Mbaraga', NULL),
(3219, 'Michel Ndahinduka', NULL),
(3220, 'Emannuel Sebanani', NULL),
(3221, 'Ernest Sugira', NULL),
(3222, 'Jacques Tuyisenge', NULL),
(3223, 'Elias Uzamukunda', NULL),
(3224, 'Christopher Allen', NULL),
(3225, 'Modou Jobe', NULL),
(3226, 'Alagie Nyabally', NULL),
(3227, 'Boubacarr Sanyang', NULL),
(3228, 'Pa Dembo Touray', NULL),
(3229, 'Antou Badjan', NULL),
(3230, 'Omar Colley', NULL),
(3231, 'Mamadou Danso', NULL),
(3232, 'Emmanuel Gomez', NULL),
(3233, 'Pa Modou Jagne', NULL),
(3234, 'Abdou Jammeh', NULL),
(3235, 'Abdoulie Kenny Mansally', NULL),
(3236, 'Sulayman Marreh', NULL),
(3237, 'Lamin Samateh', NULL),
(3238, 'Saikou Omar Sawo', NULL),
(3239, 'Musa Yaffa', NULL),
(3240, 'Hamza Barry', NULL),
(3241, 'Yusupha Bobb', NULL),
(3242, 'Yankuba Ceesay', NULL),
(3243, 'Saloum Faal', NULL),
(3244, 'Saihou Gassama', NULL),
(3245, 'Tijan Jaiteh', NULL),
(3246, 'Modou Jallow', NULL),
(3247, 'Modou Jatta', NULL),
(3248, 'Matarr Nyan', NULL),
(3249, 'Sanna Nyassi', NULL),
(3250, 'Bubacarr Sanneh', NULL),
(3251, 'Ebrima Sohna', NULL),
(3252, 'Nuha Barrow', NULL),
(3253, 'Mustapha Carayol', NULL),
(3254, 'Assan Ceesay', NULL),
(3255, 'Momoudou Ceesay', NULL),
(3256, 'Mustapha Alasan Jarju', NULL),
(3257, 'Macoumba Kandji', NULL),
(3258, 'Ebou Kanteh', NULL),
(3259, 'Ousman Manneh', NULL),
(3260, 'Demba Savage', NULL),
(3261, 'Ebrahima Ibou Sawaneh', NULL),
(3262, 'Ali Sowe', NULL),
(3263, 'Mahmoud Al Youssef', NULL),
(3264, 'Ibrahim Alma', NULL),
(3265, 'Mosab Balhous', NULL),
(3266, 'Tarek Karboutli', NULL),
(3267, 'Taha Mosa', NULL),
(3268, 'Moayad Al Ajan', NULL),
(3269, 'Hussein Al Jwayed', NULL),
(3270, 'Hamdi Faisal Al Masri', NULL),
(3271, 'Omar Al Midani', NULL),
(3272, 'Ahmad Al Salih', NULL),
(3273, 'Ali Ahmed Dyab', NULL),
(3274, 'Nadim Ahmad Sabagh', NULL),
(3275, 'Mohammad Yasser Shoshara', NULL),
(3276, 'Oday Abd Al Jafal', NULL),
(3277, 'Burhan Ahmed Sahiwni', NULL),
(3278, 'Izaldin Al Awad', NULL),
(3279, 'Mahmoud Al Mawas', NULL),
(3280, 'Mohamad Zaher Al Midani', NULL),
(3281, 'Alaa Al Shbli', NULL),
(3282, 'Louay Chanko', NULL),
(3283, 'Qusay Adnan Habib', NULL),
(3284, 'Abd Al Nasser Hasan', NULL),
(3285, 'Omar Jeniat', NULL),
(3286, 'Hamid Darwich Mido', NULL),
(3287, 'Osama Omari', NULL),
(3288, 'Abdul Fattah Al Agha Noaman', NULL),
(3289, 'Ahmad Al Doni', NULL),
(3290, 'Nasouh Al Nakdali', NULL),
(3291, 'Omar Khribin', NULL),
(3292, 'Sanharib Malki Sabah', NULL),
(3293, 'Abduaziz Mahkamov', NULL),
(3294, 'Rustam Rizoev', NULL),
(3295, 'Alisher Tuychiev', NULL),
(3296, 'Siyovakhsh Asrorov', NULL),
(3297, 'Davronjon Ergashev', NULL),
(3298, 'Akhtam Nazarov', NULL),
(3299, 'Eradzsh Radzhabov', NULL),
(3300, 'Hasan Rustamov', NULL),
(3301, 'Sohib Savankulov', NULL),
(3302, 'Dalerdzhon Tukhtasunov', NULL),
(3303, 'Naim Ulmasov', NULL),
(3304, 'Farkhod Vasiev', NULL),
(3305, 'Mаnuchеhr Аhmеdоv', NULL),
(3306, 'Nuriddin Davronov', NULL),
(3307, 'Dzhakhongir Dzhalilov', NULL),
(3308, 'Jahongir Ergashev', NULL),
(3309, 'Fatkhullo Fatkhulloev', NULL),
(3310, 'Jamshed Ismailov', NULL),
(3311, 'Abdusamad Khodzhibaev', NULL),
(3312, 'Khurshed Makhmudov', NULL),
(3313, 'Ibrahim Rabimov', NULL),
(3314, 'Dilshod Vasiev', NULL),
(3315, 'Bakhtiar Choriev', NULL),
(3316, 'Akhtam Khamrakulov', NULL),
(3317, 'Rasul Payzov', NULL),
(3318, 'Makhmadali Sadykov', NULL),
(3319, 'Kamil Saidov', NULL),
(3320, 'Farkhod Tokhirov', NULL),
(3321, 'Davronjon Tukhtasunov', NULL),
(3322, 'Jason Belfon', NULL),
(3323, 'Shemel Louison', NULL),
(3324, 'Cassim Langainge', NULL),
(3325, 'Michael Mark', NULL),
(3326, 'Shannon Phillip', NULL),
(3327, 'Nicko Williams', NULL),
(3328, 'Rickel Rick Leron Augustine', NULL),
(3329, 'Kwan Baptiste', NULL),
(3330, 'Henson Cuffie', NULL),
(3331, 'Moron Kemoni Phillip', NULL),
(3332, 'Shane Rennie', NULL),
(3333, 'Kithson Bain', NULL),
(3334, 'Denron Daniel', NULL),
(3335, 'Lisdon Jules', NULL),
(3336, 'Clive Murray', NULL),
(3337, 'Kimron Redhead', NULL),
(3338, 'Jake Rennie', NULL),
(3339, 'Kade Wellington', NULL),
(3340, 'Kenyan-Desmond Lynch', NULL),
(3341, 'Winslow McDowald', NULL),
(3342, 'Edson Williams', NULL),
(3343, 'Kevin Francis', NULL),
(3344, 'Gregson Hazell', NULL),
(3345, 'Keith Devon James', NULL),
(3346, 'Wesley John', NULL),
(3347, 'Shorn Lowman', NULL),
(3348, 'Jolanshoy McDowall', NULL),
(3349, 'Chester Morgan', NULL),
(3350, 'Geroni Peters', NULL),
(3351, 'Roy Rohan Richards', NULL),
(3352, 'Reginal Wendell Richardson', NULL),
(3353, 'Justin Stapleton', NULL),
(3354, 'Ronsil Badnock', NULL),
(3355, 'Chad Balcombe', NULL),
(3356, 'Seinard Bowens', NULL),
(3357, 'Devon Browne', NULL),
(3358, 'Ajrue Durham', NULL),
(3359, 'Darren Francis', NULL),
(3360, 'Emerald Ansil George', NULL),
(3361, 'Joel George', NULL),
(3362, 'Darren Jamali Hamlett', NULL),
(3363, 'Richard Hayde', NULL),
(3364, 'Vasbert Ledger', NULL),
(3365, 'Zenroy Coutts Lee', NULL),
(3366, 'Gerald McMaster', NULL),
(3367, 'Kenson Rouse', NULL),
(3368, 'Azinho Solomon', NULL),
(3369, 'Oalex Anderson', NULL),
(3370, 'Damal Francis', NULL),
(3371, 'Norel George', NULL),
(3372, 'Sean Glynn', NULL),
(3373, 'Marlon Alex James', NULL),
(3374, 'Nazir Obain McBurnette', NULL),
(3375, 'Kemron Osment', NULL),
(3376, 'Reginald Payne', NULL),
(3377, 'Myron Samuel', NULL),
(3378, 'Steeve Ixoéé', NULL),
(3379, 'Rocky Nyikeine', NULL),
(3380, 'Emile Béaruné', NULL),
(3381, 'Georges Béaruné', NULL),
(3382, 'Judickael Ixoéé', NULL),
(3383, 'Dick Kauma', NULL),
(3384, 'Jean-Patrick Wakanumuné', NULL),
(3385, 'Olivier Dokunengo', NULL),
(3386, 'Noël Kaudré', NULL),
(3387, 'Miguel Kayara', NULL),
(3388, 'Roy Kayara', NULL),
(3389, 'Dominique Wacalie', NULL),
(3390, 'Joël Wakanumuné', NULL),
(3391, 'Kalaje Gnipate', NULL),
(3392, 'Georges Gope-Fenepej', NULL),
(3393, 'Jean-François Kabeu', NULL),
(3394, 'Bertrand Kai', NULL),
(3395, 'César Lolohéa', NULL),
(3396, 'Kang-Chol An', NULL),
(3397, 'Song-Hwan Han', NULL),
(3398, 'Myong-Guk Ri', NULL),
(3399, 'Chol-Ryong Choe', NULL),
(3400, 'Kwang-Sok Jong', NULL),
(3401, 'Kuk-Chol Kang', NULL),
(3402, 'Chol-Bom Kim', NULL),
(3403, 'Chung-Hyok Kwon', NULL),
(3404, 'Hyon-Il Pak', NULL),
(3405, 'Kum-Song Hong', NULL),
(3406, 'Kuk-Chol Jang', NULL),
(3407, 'Jong-Chol Jo', NULL),
(3408, 'Kwang-Ik Jon', NULL),
(3409, 'Myong-Song Pak', NULL),
(3410, 'Hyong-Jin Ri', NULL),
(3411, 'Ji-Song Ri', NULL),
(3412, 'Kyong-Jin So', NULL),
(3413, 'Il-Gwang Yun', NULL),
(3414, 'Kwang Jo', NULL),
(3415, 'Il-Gwan Jong', NULL),
(3416, 'Ju-Song Kim', NULL),
(3417, 'Song-Il Pak', NULL),
(3418, 'Mohau Koenane', NULL),
(3419, 'Liteboho Mokhehle', NULL),
(3420, 'Kholuoe Phasumane', NULL),
(3421, 'Jeremiah Kamele', NULL),
(3422, 'Nkau Lerotholi', NULL),
(3423, 'Tlatli Maile', NULL),
(3424, 'Basia Kenneth Makepe', NULL),
(3425, 'Ngoako Mapheelle', NULL),
(3426, 'Thabo Masualle', NULL),
(3427, 'Thapelo Mokhehle', NULL),
(3428, 'Bokang Mothoana', NULL),
(3429, 'Moitheri Ntobo', NULL),
(3430, 'Molibeli Janefeke', NULL),
(3431, 'Tšoanelo Koetle', NULL),
(3432, 'Litšepe Leonty Marabe', NULL),
(3433, 'Motlalepula Mofolo', NULL),
(3434, 'Ralekoti Mokhahlane', NULL),
(3435, 'Bushy Moletsane Moletsane', NULL),
(3436, 'Mabuti Potloane', NULL),
(3437, 'Thulo Ranchobe', NULL),
(3438, 'Tšepo Lekhoana', NULL),
(3439, 'Mojela Letsie', NULL),
(3440, 'Katleho Moleko', NULL),
(3441, 'Tšiu Moorosi', NULL),
(3442, 'Lehlomela George Ramabele', NULL),
(3443, 'Tšepo Seturumane', NULL),
(3444, 'Mohau Tale', NULL),
(3445, 'Thapelo Tale', NULL),
(3446, 'Keita Abdel DeCastro', NULL),
(3447, 'Olson Theolphlus Forde', NULL),
(3448, 'Molvin Alfanso James', NULL),
(3449, 'Karanja Khari Afeba Mack', NULL),
(3450, 'Anton Raenel Blackwood', NULL),
(3451, 'Omarie Justin Daniel', NULL),
(3452, 'George Montgomery Dublin', NULL),
(3453, 'Troy Kasim Anthony Dublin', NULL),
(3454, 'Luke Anthony George-Blakely', NULL),
(3455, 'Roy Trevor Junior Gregory', NULL),
(3456, 'Quinton Travis Peterson Griffith', NULL),
(3457, 'Akeem Derrol Shannon Thomas', NULL),
(3458, 'Kimoi Demitri Alexander', NULL),
(3459, 'Randolph Hillsworth Burton', NULL),
(3460, 'Gason Anderson Gregory', NULL),
(3461, 'Teran Randy Williams', NULL),
(3462, 'Peter Junior Byers', NULL),
(3463, 'Ranja O''Niel Christian', NULL),
(3464, 'Lloyd Clifton Jeremy Jr', NULL),
(3465, 'Lennox Walter Julian', NULL),
(3466, 'Eugene Kirwan', NULL),
(3467, 'Stephan Ravi Smith', NULL),
(3468, 'Tamorley Kaharie Thomas', NULL),
(3469, 'Chatchai Budprom', NULL),
(3470, 'Sinthaweechai Hathairattanakool', NULL),
(3471, 'Visanusak Kaewruang', NULL),
(3472, 'Kritsakorn Kerdphon', NULL),
(3473, 'Sivaruck Tedsungnoen', NULL),
(3474, 'Charyl Yannick Chappuis', NULL),
(3475, 'Pratum Chuthong', NULL),
(3476, 'Artit Daosawang', NULL),
(3477, 'Panuwat Failai', NULL),
(3478, 'Wasan Homsan', NULL),
(3479, 'Cholratit Jantakam', NULL),
(3480, 'Peerapat Notchaiya', NULL),
(3481, 'Suttinun Phuk-hom', NULL),
(3482, 'Noppol Pitafai', NULL),
(3483, 'Pairote Sokam', NULL),
(3484, 'Tanasak Srisai', NULL),
(3485, 'Narubodin Weerawatnodom', NULL),
(3486, 'Korakod Wiriyaudomsiri', NULL),
(3487, 'Pokkhao Anan', NULL),
(3488, 'Pichit Jaiboon', NULL),
(3489, 'Narong Jansawek', NULL),
(3490, 'Anawin Jujeen', NULL),
(3491, 'Jakkraphan Kaewprom', NULL),
(3492, 'Adisak Kraisorn', NULL),
(3493, 'Adul Lahsoh', NULL),
(3494, 'Suchao Nutnum', NULL),
(3495, 'Piyaphon Phanichakul', NULL),
(3496, 'Thitipan Puangchan', NULL),
(3497, 'Sumanya Purisai', NULL),
(3498, 'Apipoo Suntornpanavej', NULL),
(3499, 'Datsakorn Thonglao', NULL),
(3500, 'Sarach Yooyen', NULL),
(3501, 'Chatree Chimtalay', NULL),
(3502, 'Teerasil Dangda', NULL),
(3503, 'Sarawut Masuk', NULL),
(3504, 'Phuwadol Suwannachart', NULL),
(3505, 'Chainarong Tatong', NULL),
(3506, 'Naphat Thamrongsupakon', NULL),
(3507, 'Mongkol Tossakai', NULL),
(3508, 'Teerathep Winothai', NULL),
(3509, 'Randy Poleon', NULL),
(3510, 'Rickson Augustin', NULL),
(3511, 'Emmery Edward', NULL),
(3512, 'Burton Sheldon Emmanuel', NULL),
(3513, 'Sabbatus Hunte', NULL),
(3514, 'John Perry Joseph', NULL),
(3515, 'Alton Robert', NULL),
(3516, 'Pernal Williams', NULL),
(3517, 'Vernan Abbott', NULL),
(3518, 'Romiel Felix', NULL),
(3519, 'Nyhime Gilbert', NULL),
(3520, 'Everton Lambert', NULL),
(3521, 'Gerlanne Neptune', NULL),
(3522, 'Zaccheus Polius', NULL),
(3523, 'Melvin Aurelien', NULL),
(3524, 'Eden Charles', NULL),
(3525, 'Khairul Fahmi bin Che Mat', NULL),
(3526, 'Mohd Remezey bin Che Ros', NULL),
(3527, 'Mohd Farizal bin Marlias', NULL),
(3528, 'Mahalli bin Jasuli', NULL),
(3529, 'Reuben Thayaparan a/l Kathiripillai', NULL),
(3530, 'Mohd Zubir bin Mohd Azmi', NULL),
(3531, 'Mohd Fadhli bin Mohd Shas', NULL),
(3532, 'Mohd Hairol bin Mokhtar', NULL),
(3533, 'Mohd Asraruddin Putra bin Omar', NULL),
(3534, 'Mohd Fitri bin Omar', NULL),
(3535, 'Mohd Razman bin Roslan', NULL),
(3536, 'Amirizwan Taj bin Tajudin', NULL),
(3537, 'Baddrol bin Bakhtiar', NULL),
(3538, 'Gurusamy Govandar a/l Kandasamy', NULL),
(3539, 'Muhamad Nazmi Faiz bin Mansor', NULL),
(3540, 'Mohd Nazrin bin Mohd Nawi', NULL),
(3541, 'Mohd Badri bin Mohd Radzi', NULL),
(3542, 'Mohd Safiq bin Rahim', NULL),
(3543, 'Mohd Shakir bin Shaari', NULL),
(3544, 'Kunanlan a/l Subramaniam', NULL),
(3545, 'Norshahrul Idlan bin Talaha', NULL),
(3546, 'Mohd Bunyamin bin Umar', NULL),
(3547, 'Mohd Amri bin Yahyah', NULL),
(3548, 'Mohd Khyril Muhymeen bin Zambri', NULL),
(3549, 'Mohd Aidil Zafuan bin Abdul Razak', NULL),
(3550, 'Bobby Gonzales', NULL),
(3551, 'Mohd Hafiz bin Kamal', NULL),
(3552, 'Azammuddin bin Mohd Akil', NULL),
(3553, 'Mohd Safee bin Mohd Sali', NULL),
(3554, 'Ahmad Fakri bin Saarani', NULL),
(3555, 'Frank Lopez', NULL),
(3556, 'Shane Osburn Moody-Orio', NULL),
(3557, 'Woodrow West', NULL),
(3558, 'Dalton Eiley', NULL),
(3559, 'Ian Gaynair', NULL),
(3560, 'Christobal Gilharry', NULL),
(3561, 'Tyrone Pandy', NULL),
(3562, 'Elroy Alexander Smith', NULL),
(3563, 'Harrison Tasher', NULL),
(3564, 'Ashley Torres', NULL),
(3565, 'Everald Trapp', NULL),
(3566, 'Khalil Velasquez', NULL),
(3567, 'Trevor Lennon', NULL),
(3568, 'Devon Makin', NULL),
(3569, 'Andres Makin Jr.', NULL),
(3570, 'Luis Alonzo Torres Vargas', NULL),
(3571, 'David Trapp', NULL),
(3572, 'Lennox Castillo', NULL),
(3573, 'Daniel Jiménez', NULL),
(3574, 'Elroy Edwin Junior Kuylen', NULL),
(3575, 'Evan Mariano', NULL),
(3576, 'Deon McCaulay', NULL),
(3577, 'Harrison Dwith Róchez', NULL),
(3578, 'Michael Dwane Salazar Jr.', NULL),
(3579, 'Patrick Phillip Bravo Deyto', NULL),
(3580, 'Roland Richard Guaves Müller', NULL),
(3581, 'Eduard Ortalla Sacapaño', NULL),
(3582, 'Jerry I Sardua Barbaso', NULL),
(3583, 'Jeffrey Mallen Christiaens', NULL),
(3584, 'Anton Edward Quimson Del Rosario', NULL),
(3585, 'Robert James Dazo Gier', NULL),
(3586, 'Juan Luis Guirado Aldeguer', NULL),
(3587, 'Simone Rota', NULL),
(3588, 'Amani Manuel Santos Aguinaldo', NULL),
(3589, 'Marwin Janver Malinay Angeles', NULL),
(3590, 'Jason Nicolas Maria Dantes de Jong', NULL),
(3591, 'Christopher Robert Barbon Greatwich', NULL),
(3592, 'Ray Anthony Pepito Jónsson', NULL),
(3593, 'Jerry Ruben Lucena', NULL),
(3594, 'José Elmer Porteria', NULL),
(3595, 'Patrick Gerry-Anthony Alcala Reichelt', NULL),
(3596, 'Stephan Schröck', NULL),
(3597, 'Martin Steuble', NULL),
(3598, 'James Joseph Placer Younghusband', NULL),
(3599, 'Misagh Medina Bahadoran', NULL),
(3600, 'Emelio Asada Caligdong', NULL),
(3601, 'Ángel Guirado Aldeguer', NULL),
(3602, 'Mark Hartmann', NULL),
(3603, 'Javier Patiño Lachica', NULL),
(3604, 'Philip James Placer Younghusband', NULL),
(3605, 'Hassan bin Abdullah Sunny', NULL),
(3606, 'Mohamad Izwan bin Mahbud', NULL),
(3607, 'Muhammad Fadhil bin Mohd Salim', NULL),
(3608, 'Muhammad Safuwan bin Baharudin', NULL),
(3609, 'Muhammad Shakir bin Hamzah', NULL),
(3610, 'Baihakki bin Khaizan', NULL),
(3611, 'Madhu Mohana', NULL),
(3612, 'Ismail bin Yunos', NULL),
(3613, 'Mohammad Afiq bin Yunos', NULL),
(3614, 'Mohammad Isa bin Abdul Halim', NULL),
(3615, 'Mohammad Faritz bin Abdul Hameed', NULL),
(3616, 'Hafiz Abu Sujad', NULL),
(3617, 'Hariss s/o Harun', NULL),
(3618, 'Mohammad Shahril bin Ishak', NULL),
(3619, 'Juma''at bin Jantan', NULL),
(3620, 'Anumanthan s/o Mohan Kumar', NULL),
(3621, 'Muhammad Zulfahmi bin Mohd Arifin', NULL),
(3622, 'Gabriel Quak Jun Yi', NULL),
(3623, 'Muhammad Faris bin Ramli', NULL),
(3624, 'Shahdan bin Sulaiman', NULL),
(3625, 'Zulfadli bin Zainal Abidin', NULL),
(3626, 'Muhammad Sufian bin Anuar', NULL),
(3627, 'Shahfiq Ghani', NULL),
(3628, 'Mohammad Khairul Amri bin Mohammad Kamal', NULL),
(3629, 'Arindam Bhattacharya', NULL),
(3630, 'Subhasish Roy Chowdhury', NULL),
(3631, 'Subrata Pal', NULL),
(3632, 'Karanjit Singh', NULL),
(3633, 'Denzil Michael Franco', NULL),
(3634, 'Raju Eknanth Gaikwad', NULL),
(3635, 'Aiborlang Khongjee', NULL),
(3636, 'Gurjinder Kumar', NULL),
(3637, 'Arnab Kumar Mondal', NULL),
(3638, 'Narayan Das', NULL),
(3639, 'Francis Fernandes', NULL),
(3640, 'Mehtab Hossain', NULL),
(3641, 'Rocus Lamare', NULL),
(3642, 'Clifford Miranda Rayes', NULL),
(3643, 'Lalrindika Ralte', NULL),
(3644, 'Lenny Rodrigues', NULL),
(3645, 'C.K. Vineeth', NULL),
(3646, 'Sunil Chhetri', NULL),
(3647, 'Victorino Fernandes', NULL),
(3648, 'Alwyn George', NULL),
(3649, 'Jeje Lalpekhlua', NULL),
(3650, 'Balwant Singh', NULL),
(3651, 'Robin Singh', NULL),
(3652, 'Ruslan Amirov', NULL),
(3653, 'Pavel Matiash', NULL),
(3654, 'Maksim Zinchenko', NULL),
(3655, 'Faruh Abitov', NULL),
(3656, 'Elijah Ariye', NULL),
(3657, 'Davron Askarov', NULL),
(3658, 'Tahir Avchiev', NULL),
(3659, 'Azamat Baimatov', NULL),
(3660, 'Valerii Kichin', NULL),
(3661, 'Artur Muladjanov', NULL),
(3662, 'Aziz Sydykov', NULL),
(3663, 'Akhlidin Israilov', NULL),
(3664, 'Kayrat Jyrgalbek uulu', NULL),
(3665, 'Vadim Kharchenko', NULL),
(3666, 'Claude Ernest Désiré Koum Maka', NULL),
(3667, 'Mirlan Mirzaliev', NULL),
(3668, 'Anatolii Vlasichev', NULL),
(3669, 'Ildar Amirov', NULL),
(3670, 'Ivan Filatov', NULL),
(3671, 'Hurshit Lutfullaev', NULL),
(3672, 'David Bruce Tetteh', NULL),
(3673, 'Jose Gabriel Arroyo', NULL),
(3674, 'Eric Emmanuel Reyes', NULL),
(3675, 'Steven Estrada', NULL),
(3676, 'Scott Jones', NULL),
(3677, 'John Krause', NULL),
(3678, 'Victor Pinto', NULL),
(3679, 'Alexis Rivera Curet', NULL),
(3680, 'Anthony Vázquez', NULL),
(3681, 'Marco Andre Vélez', NULL),
(3682, 'Cristian Arrieta', NULL),
(3683, 'Andrés Cabrero Gómez', NULL),
(3684, 'Noah William Delgado', NULL),
(3685, 'Fernando Isaias Gonzalez', NULL),
(3686, 'Joshua Randolph Hansen', NULL),
(3687, 'Joseph Yamil Marrero', NULL),
(3688, 'Alex Kristopher Oikkonen', NULL),
(3689, 'Samuel Javier Soto Alvarez', NULL),
(3690, 'Tyler Linden Wilson', NULL),
(3691, 'Christopher Megaloudis', NULL),
(3692, 'Hector Omar Ramos Lebron', NULL),
(3693, 'Cengiz Biçer', NULL),
(3694, 'Peter Jehle', NULL),
(3695, 'Franz Burgmeier', NULL),
(3696, 'Andreas Christen', NULL),
(3697, 'Lucas Eberle', NULL),
(3698, 'Olcay Gür', NULL),
(3699, 'Daniel Kaufmann', NULL),
(3700, 'Domenico Macri', NULL),
(3701, 'Yves Michel Oehri', NULL),
(3702, 'Martin Stocklasa', NULL),
(3703, 'Seyhan Yildiz', NULL),
(3704, 'Martin Büchel', NULL),
(3705, 'Mathias Christen', NULL),
(3706, 'Burak Eris', NULL),
(3707, 'Robin Gubser', NULL),
(3708, 'Nicolas Hasler', NULL),
(3709, 'Michele Polverino', NULL),
(3710, 'Sandro Wieser', NULL),
(3711, 'Sandro Wolfinger', NULL),
(3712, 'Thomas Beck', NULL),
(3713, 'Philippe Erne', NULL),
(3714, 'Mario Frick', NULL),
(3715, 'David Hasler', NULL),
(3716, 'Derrick O''Neil Carter', NULL),
(3717, 'Akel Kayode Clarke', NULL),
(3718, 'Carey Trext Harris', NULL),
(3719, 'Colin Nelson', NULL),
(3720, 'Jake Alexander Newton', NULL),
(3721, 'Charles Roylon Pollard', NULL),
(3722, 'Jamaal Omari Smith', NULL),
(3723, 'Kelvin Criss Smith', NULL),
(3724, 'Shawn Beveney', NULL),
(3725, 'Trayon Denzil Bobb', NULL),
(3726, 'Kester Jacobs', NULL),
(3727, 'Owain Donald Jacobs', NULL),
(3728, 'Nicholas Stephen Millington', NULL),
(3729, 'Vurlon Robert Mills', NULL),
(3730, 'Walter Andre Moore', NULL),
(3731, 'Clive Ossafa Nobrega', NULL),
(3732, 'Christopher Ronald Nurse', NULL),
(3733, 'Pernell Anthony Schultz', NULL),
(3734, 'Sheldon Lawrence Holder', NULL),
(3735, 'Daniel Jeran Wilson', NULL),
(3736, 'Andritany Ardhiyasa', NULL),
(3737, 'Choirul Huda', NULL),
(3738, 'I Made Wirawan', NULL),
(3739, 'Fachrudin Wahyudi Aryanto', NULL),
(3740, 'Diego Michiels', NULL),
(3741, 'Supardi Nasir Bujang', NULL),
(3742, 'Muhammad Ridwan', NULL),
(3743, 'Muhamad Roby', NULL),
(3744, 'Ricardo Salampessy', NULL),
(3745, 'Novan Setyo Sasongko', NULL),
(3746, 'Zulkifli Syukur', NULL),
(3747, 'Achmad Jufriyanto', NULL),
(3748, 'Manahati Lestusen', NULL),
(3749, 'Raphaël Guillermo Eduardo Maitimo', NULL),
(3750, 'Amirul Mukminin', NULL),
(3751, 'Slamet Urfan Nurcahyono', NULL),
(3752, 'Gregory Junior Nwokolo', NULL),
(3753, 'Bayu Gatra Sanggiawan', NULL),
(3754, 'Rizky Ahmad Sanjaya Pellu', NULL),
(3755, 'Zulham Malik Zamrun', NULL),
(3756, 'Talaohu Abdul Musafri', NULL),
(3757, 'Ferdinand Alfred Sinaga', NULL),
(3758, 'Tantan Tantan', NULL),
(3759, 'Firman Utina', NULL),
(3760, 'Souleymane Diallo', NULL),
(3761, 'Boubacar Touré', NULL),
(3762, 'Ahmed Ahmedou', NULL),
(3763, 'Abdoul Ba', NULL),
(3764, 'Bocar Ngolo Coulibaly', NULL),
(3765, 'Yacoub Fall', NULL),
(3766, 'Seydou Mbodj', NULL),
(3767, 'Oumar N''Diaye', NULL),
(3768, 'Abdoulahy Sangaré', NULL),
(3769, 'Bilal Sidibé', NULL),
(3770, 'Demba Sow', NULL),
(3771, 'Ibrahima Mamadou Sy', NULL),
(3772, 'Mamadou Idrissa Wade', NULL),
(3773, 'Adama Ba', NULL),
(3774, 'Moussa Sidi Bagayoko', NULL),
(3775, 'Khassa Camara', NULL),
(3776, 'Diallo Guidilèye', NULL),
(3777, 'Ahmed Djiby Samb', NULL),
(3778, 'Moctar Sidi El Hacen', NULL),
(3779, 'Dominique Da Sylva', NULL),
(3780, 'Ismaël Diakité', NULL),
(3781, 'Cheikh El Khalil Moulaye Ahmed', NULL),
(3782, 'Mamadou Ndiacko Niass', NULL),
(3783, 'Karamogho Moussa Traoré', NULL),
(3784, 'Ibrahim Irfah Arif', NULL),
(3785, 'Mohamed Imran', NULL),
(3786, 'Imran Mohamed', NULL),
(3787, 'Akram Abdul Ghanee', NULL),
(3788, 'Ahmed Abdulla', NULL),
(3789, 'Mohammad Rasheed', NULL),
(3790, 'Ahmed Shafiu', NULL),
(3791, 'Mohamed Sifan', NULL),
(3792, 'Rilwan Waheed', NULL),
(3793, 'Mohamed Arif', NULL),
(3794, 'Ismail Easa', NULL),
(3795, 'Ali Fasir', NULL),
(3796, 'Ahmed Imaaz', NULL),
(3797, 'Ahmed Niyaz', NULL),
(3798, 'Ahmed Rasheed', NULL),
(3799, 'Mohamed Umair', NULL),
(3800, 'Assadhulla Abdulla', NULL),
(3801, 'Hassan Adhuham', NULL),
(3802, 'Ali Ashfaq', NULL),
(3803, 'Ali Umar', NULL),
(3804, 'Julani Kyle Archibald', NULL),
(3805, 'Akil Adisa Byron', NULL),
(3806, 'Vaneer Kareem Harris', NULL),
(3807, 'Mudassa Nassa Howe', NULL),
(3808, 'Thrizen Jahl Leader', NULL),
(3809, 'Patrece Ovel Oscar Liburd', NULL),
(3810, 'Tesfa Tweede Robinson', NULL),
(3811, 'Devaughn Omari Elliott', NULL),
(3812, 'Akil Akeme Anthony Jumaane Grier', NULL),
(3813, 'Atiba Harris', NULL),
(3814, 'Lawrence Emerson Jeffers', NULL),
(3815, 'Jovaughne Joash Leader', NULL),
(3816, 'Orlando Ackiel Mitchum', NULL),
(3817, 'Aaron Valentine Moses-Garvey', NULL),
(3818, 'Errol Gavin O''Loughlin', NULL),
(3819, 'Romaine Theodore Sawyers', NULL),
(3820, 'Gerard Williams', NULL),
(3821, 'Tiran Abijah Hanley', NULL),
(3822, 'Ian Lake', NULL),
(3823, 'Zephaniah Joseph Thomas', NULL),
(3824, 'Eric Abdul', NULL),
(3825, 'Jean Marc Antersijn', NULL),
(3826, 'Kendrick Dania', NULL),
(3827, 'Matthew Lentink', NULL),
(3828, 'Reinhard Breinburg', NULL),
(3829, 'François Croes', NULL),
(3830, 'Leroy Oehlers', NULL),
(3831, 'Nickenson Stephan Paul', NULL),
(3832, 'Theric Ruiz', NULL),
(3833, 'Raymond Baten', NULL),
(3834, 'Jean-Luc Bergen', NULL),
(3835, 'Ezra Bosnie', NULL),
(3836, 'Denzel Dumfries', NULL),
(3837, 'Steve Escalona', NULL),
(3838, 'Jeamir Howell-Brokken', NULL),
(3839, 'Anuar Kock', NULL),
(3840, 'Ronnie Nouwen', NULL),
(3841, 'Carlos Steven Melchior Rua', NULL),
(3842, 'Jonathan Ruiz', NULL),
(3843, 'Erik Santos de Gouveia', NULL),
(3844, 'Sylvester Schwengle', NULL),
(3845, 'Marlon Andrea', NULL),
(3846, 'Rensy Barradas', NULL),
(3847, 'Maurice Escalona', NULL),
(3848, 'Frederick Gomez', NULL),
(3849, 'John Lugay', NULL),
(3850, 'Dwaynalex Raven', NULL),
(3851, 'Rahmanberdi Alyhanow', NULL),
(3852, 'Nikita Gorbunow', NULL),
(3853, 'Serdar Annaorazow', NULL),
(3854, 'Annasahet Annasahedow', NULL),
(3855, 'Ahmet Ataýew', NULL),
(3856, 'Gahrymanberdi Çoňkaýew', NULL),
(3857, 'Farhad Italmazow', NULL),
(3858, 'Parahat Jumanazarow', NULL),
(3859, 'Döwran Orazalyýew', NULL),
(3860, 'Dawid Sarkisow', NULL),
(3861, 'Şöhrat Soyunow', NULL),
(3862, 'Gurbangeldi Batyrow', NULL),
(3863, 'Didar Durdyýew', NULL),
(3864, 'Bagtyýar Hojaahmedow', NULL),
(3865, 'Nursahet Sapargylyjow', NULL),
(3866, 'Guwanç Abylow', NULL),
(3867, 'Arslanmyrat Amanow', NULL),
(3868, 'Wladimir Baýramow', NULL),
(3869, 'Akmyrat Jumanazarow', NULL),
(3870, 'Suleyman Muhadow', NULL),
(3871, 'Berdimyrat Şamyradow', NULL),
(3872, 'Gilbert Meriel', NULL),
(3873, 'Mikaël Roche', NULL),
(3874, 'Xavier Samin', NULL),
(3875, 'Stéphane Faatiarau', NULL),
(3876, 'Edson Lemaire', NULL),
(3877, 'Teheivarii Ludivion', NULL),
(3878, 'Vincent Simon', NULL),
(3879, 'Jonathan Tehau', NULL),
(3880, 'Nicolas Vallar', NULL),
(3881, 'Yannick Vero', NULL),
(3882, 'Tamatoa Wagemann', NULL),
(3883, 'Ricky Aitamai', NULL),
(3884, 'Rainui Aroita', NULL),
(3885, 'Heimano Donovan Bourebare', NULL),
(3886, 'Henri Caroine', NULL),
(3887, 'Samuel Hnanyine', NULL),
(3888, 'Alvin Tehau', NULL),
(3889, 'Lorenzo Tehau', NULL),
(3890, 'Stanley Atani', NULL),
(3891, 'Steevy Chong-Hue', NULL),
(3892, 'Teaonui Tehau', NULL),
(3893, 'Yohann Tihoni', NULL),
(3894, 'Marama Vahirua', NULL),
(3895, 'Tak Him Tse', NULL),
(3896, 'Zhenpeng Wang', NULL),
(3897, 'Hung Fai Yapp', NULL),
(3898, 'Wai Ho Chan', NULL),
(3899, 'Wisdom Fofo Agbo', NULL),
(3900, 'He Bai', NULL),
(3901, 'Yang Huang', NULL),
(3902, 'Ying Zhi Ju', NULL),
(3903, 'Kin Pong Kwok', NULL),
(3904, 'Ka Wai Lam', NULL),
(3905, 'Hong Lim Lee', NULL),
(3906, 'Chun Pong Leung', NULL),
(3907, 'Kwan Yee Lo', NULL),
(3908, 'Andreas Hannes Ling Fung Nägelein', NULL),
(3909, 'Che Runqiu', NULL),
(3910, 'Chi Hau Tsang', NULL),
(3911, 'Christian Kwesi Annan', NULL),
(3912, 'Siu Ki Chan', NULL),
(3913, 'Hok Hei Lam', NULL),
(3914, 'Jaimes Anthony Mckee', NULL),
(3915, 'Kwok Keung Sham', NULL),
(3916, 'Wai Wong', NULL),
(3917, 'Kiran Chemzong Kumar Limbu', NULL),
(3918, 'Bishal Shrestha', NULL),
(3919, 'Ritesh Thapa', NULL),
(3920, 'Jitendra Karki', NULL),
(3921, 'Biraj Maharjan', NULL),
(3922, 'Rabin Shrestha', NULL),
(3923, 'Sabindra Shrestha', NULL),
(3924, 'Sagar Thapa', NULL),
(3925, 'Prakash Budhathoki', NULL),
(3926, 'Bikram Lama', NULL),
(3927, 'Sandeep Rai', NULL),
(3928, 'Jagjeet Shrestha', NULL),
(3929, 'Shiva Shrestha', NULL),
(3930, 'Bhola Nath Silwal', NULL),
(3931, 'Raju Tamang', NULL),
(3932, 'Tanka Bahadur Basnet', NULL),
(3933, 'Anil Gurung', NULL),
(3934, 'Deepak Rai', NULL),
(3935, 'Ju Manu Rai', NULL),
(3936, 'Santosh Shahukhala', NULL),
(3937, 'Dion Laurent', NULL),
(3938, 'Elijah Toulon', NULL),
(3939, 'Calvin Christopher', NULL),
(3940, 'Shern Dailey', NULL),
(3941, 'Vernent Joseph', NULL),
(3942, 'Chris Lawrence', NULL),
(3943, 'Hubert Prince', NULL),
(3944, 'Egbert Matthew Walsh', NULL),
(3945, 'Delbert Dailey', NULL),
(3946, 'Joel Etienne-Clark', NULL),
(3947, 'Joslyn Prince', NULL),
(3948, 'Briel Thomas', NULL),
(3949, 'Kelrick Walter', NULL),
(3950, 'Kurlson Benjamin', NULL),
(3951, 'Anfernee Frederick', NULL),
(3952, 'Mitchell Joseph', NULL),
(3953, 'Lester Langlais', NULL),
(3954, 'Delroy Parker', NULL),
(3955, 'Julien Wade', NULL),
(3956, 'Yousof Ejaz Butt', NULL),
(3957, 'Saqib Hanif', NULL),
(3958, 'Muzammil Hussain', NULL),
(3959, 'Muhammad Ahmad', NULL),
(3960, 'Yaqoob Ejaz Butt', NULL),
(3961, 'Muhammad Hameed', NULL),
(3962, 'Faisal Iqbal', NULL),
(3963, 'Samar Ishaq', NULL),
(3964, 'Kamran Ahmed Khan', NULL),
(3965, 'Zeshan Rehman', NULL),
(3966, 'Ahsan Ullah', NULL),
(3967, 'Muhammad Adil', NULL),
(3968, 'Adnan Farooq Ahmed', NULL),
(3969, 'Naveed Ahmed', NULL),
(3970, 'Muhammad Mujahid', NULL),
(3971, 'Muhammad Riaz', NULL),
(3972, 'Zia Us-Salam', NULL),
(3973, 'Hassan Bashir', NULL),
(3974, 'Saddam Hussain', NULL),
(3975, 'Kaleem Ullah', NULL),
(3976, 'Jason Boxill', NULL),
(3977, 'Kerry Holder', NULL),
(3978, 'Andre Bourne', NULL),
(3979, 'Carl Joseph', NULL),
(3980, 'Ramar Miller', NULL),
(3981, 'Ramuel Miller', NULL),
(3982, 'Ricardo Morris', NULL),
(3983, 'Romelle Burgess', NULL),
(3984, 'Romario Harewood', NULL),
(3985, 'Chai Lloyd', NULL),
(3986, 'Raheim Sargeant', NULL),
(3987, 'Jeffrey Rashida Williams', NULL),
(3988, 'Diquan Shaquille Adamson', NULL),
(3989, 'Akeene Brown', NULL),
(3990, 'Jabarry Jesse Chandler', NULL),
(3991, 'Jamal Chandler', NULL),
(3992, 'Mario Harte', NULL),
(3993, 'Teriq Highland', NULL),
(3994, 'Biplob Bhattacharjee', NULL),
(3995, 'Mamun Khan', NULL),
(3996, 'Mohamed Niaur Rahman Zia', NULL),
(3997, 'Shahidul Alam Sohel', NULL),
(3998, 'Mohammed Nasir Uddin Chowdhury', NULL),
(3999, 'Mohammed Waly Faisal', NULL),
(4000, 'Raihan Hasan', NULL),
(4001, 'Mohamed Ariful Islam', NULL),
(4002, 'Yasin Khan', NULL),
(4003, 'Ashraf Mohammad Linkon', NULL),
(4004, 'Atiqur Rahman Meshu', NULL),
(4005, 'Omar Faruque Babu', NULL),
(4006, 'Jamal Bhuyan', NULL),
(4007, 'Hemanta Vincent Biswas', NULL),
(4008, 'Mohammed Zahid Hossain', NULL),
(4009, 'Mohamed Mobarak Hossain Bhuyan', NULL),
(4010, 'Mohamed Mamunul Islam Mamun', NULL),
(4011, 'Wahed Ahmed', NULL),
(4012, 'Mithun Chowdhury', NULL),
(4013, 'Mohamed Zahid Hasan Ameli', NULL),
(4014, 'Mohammad Shakawat Hossain Rony', NULL),
(4015, 'Mohammad Sohel Rana', NULL),
(4016, 'Mohammad Toklis Ahmed', NULL),
(4017, 'Tawfiq Ali Abuhammad', NULL),
(4018, 'Ghanem Mahajneh', NULL),
(4019, 'Ramzi Soliman Ahmed Saleh', NULL),
(4020, 'Mousa Abu Jazar', NULL),
(4021, 'Mustafa Abu Kweik', NULL),
(4022, 'Hussam Abusalah', NULL),
(4023, 'Abdallatif Al Bahdari', NULL),
(4024, 'Mus''ab Al Battat', NULL),
(4025, 'Abdalsalam Al Sweirki', NULL),
(4026, 'Haitham Dheeb', NULL),
(4027, 'Raed Fares', NULL),
(4028, 'Samer Mahmoud Amin Helsi', NULL),
(4029, 'Khaled Mahdi', NULL),
(4030, 'Daniel Kabir Mustafá', NULL),
(4031, 'Mohammad Qasim', NULL),
(4032, 'Hussam Wadi', NULL),
(4033, 'Khader Youssef Abuhammad', NULL),
(4034, 'Ashraf Nu''man Al Fawaghra', NULL),
(4035, 'Murad Ismail Said', NULL),
(4036, 'Hisham Salhi', NULL),
(4037, 'Mahmoud Salah Shaikhqasem', NULL),
(4038, 'Ahmad Maher Wridat', NULL),
(4039, 'Imad Zatara', NULL),
(4040, 'Iyad Abu Gharqoud', NULL),
(4041, 'Ismail Al Amour', NULL),
(4042, 'Imad Khalili', NULL),
(4043, 'Layth Kharoub', NULL),
(4044, 'Ibrahim Swidan', NULL),
(4045, 'Teitur Gestsson', NULL),
(4046, 'Kristian Joensen', NULL),
(4047, 'Gunnar Nielsen', NULL),
(4048, 'Rógvi Asmundur Baldvinsson', NULL),
(4049, 'Viljormur Davidsen', NULL),
(4050, 'Erling Dávidsson Jacobsen', NULL),
(4051, 'René Joensen', NULL),
(4052, 'Pól Johannus Justinussen', NULL),
(4053, 'Sonni Ragnar Nattestad', NULL),
(4054, 'Jónas Thór Næs', NULL),
(4055, 'Heini Vatnsdal', NULL),
(4056, 'Hallur Hansson', NULL),
(4057, 'Karl Abrahamsson Løkin', NULL),
(4058, 'Daniel Udsen', NULL),
(4059, 'Sølvi Vatnhamar', NULL),
(4060, 'Finnur Justinussen', NULL),
(4061, 'Páll Klettskard', NULL),
(4062, 'Christian Restorff Mouritsen', NULL),
(4063, 'Klæmint Olsen', NULL),
(4064, 'Dungui Lima do Rosário', NULL),
(4065, 'Girael Pedroso Ferreira Nunes', NULL),
(4066, 'Nilson Taty Sousa Vaz', NULL),
(4067, 'Denilson Afonso das Neves', NULL),
(4068, 'Odair Bom Jésus Tavares', NULL),
(4069, 'Aykemss Capela Danquá', NULL),
(4070, 'Osvaldo Eduardo', NULL),
(4071, 'Kilson Neto de Ceita', NULL),
(4072, 'Arielito Semedo', NULL),
(4073, 'Agilson Sole', NULL),
(4074, 'Ibraimo Bengo Neto de Keita', NULL),
(4075, 'Juary Cardoso d''Alva', NULL),
(4076, 'Francisco do Nascimento M. Diogo', NULL),
(4077, 'Sweetzer dos Prazeres Batista de Sousa', NULL),
(4078, 'Lacet dos Santos', NULL),
(4079, 'Orlando Gando dos Santos Paquete', NULL),
(4080, 'Adilson Mendes da Silva Varela', NULL),
(4081, 'Jair Nunes do Espirito Santo', NULL),
(4082, 'Joazhifel Soares da Cruz Soua Pontes', NULL),
(4083, 'José da Silva Varela', NULL),
(4084, 'Remy Lima Azevedo Lopes Gomes', NULL),
(4085, 'Artur Pereira', NULL),
(4086, 'Denis Jesús Espinoza Camacho', NULL),
(4087, 'Justo Lorente Collado', NULL),
(4088, 'Yosimar Antonio Narváez Gonzalez', NULL),
(4089, 'Maximo Arturo Gamez Gonzalez', NULL),
(4090, 'Salvador Antonio Garcia Acuña', NULL),
(4091, 'Donald José Parrales Valverde', NULL),
(4092, 'Josué Abraham Quijano Potosme', NULL),
(4093, 'Manuel Rosas Arreola', NULL),
(4094, 'David Sebastián Solórzano Sánchez', NULL),
(4095, 'Félix Eliud Zeledón Zeledón', NULL),
(4096, 'Juan Ramón Barrera Pérez', NULL),
(4097, 'Elvis Ángel Figueroa', NULL),
(4098, 'Medardo Antonio Martinez Morales', NULL),
(4099, 'Marlon José Medina García', NULL),
(4100, 'Félix Dorian Rodríguez', NULL),
(4101, 'Axel Matihas Villanueva Sandoval', NULL),
(4102, 'Carlos Alberto Chavarria Rodriguez', NULL),
(4103, 'Henry Garcia', NULL),
(4104, 'Raúl Moisés Leguías Avila', NULL),
(4105, 'Daniel Salvador Reyes Avellán', NULL),
(4106, 'Samuel Israel Wilson Rostrán', NULL),
(4107, 'Tahj-Michael Bell', NULL),
(4108, 'Freddy Hall', NULL),
(4109, 'Tyrell Burgess', NULL),
(4110, 'Darius Cox', NULL),
(4111, 'John Barry Nusum', NULL),
(4112, 'Jahni Raynor', NULL),
(4113, 'David Signor', NULL),
(4114, 'Khano Smith', NULL),
(4115, 'Shakir Smith', NULL),
(4116, 'Drewonde Bascome', NULL),
(4117, 'Ian Coke', NULL),
(4118, 'Seion Darrell', NULL),
(4119, 'Andre Taurean Manders', NULL),
(4120, 'Damon Jason Ming', NULL),
(4121, 'Reggie Thompson-Lambe', NULL),
(4122, 'Marquel Waldron', NULL),
(4123, 'Domico Coddington', NULL),
(4124, 'Clay Darrel', NULL),
(4125, 'Antwan Russell', NULL),
(4126, 'LeJuan Simmons', NULL),
(4127, 'Jonte Smith', NULL),
(4128, 'Armel Koulara', NULL),
(4129, 'Brice Mabaya', NULL),
(4130, 'Dillah Mbairamadji', NULL),
(4131, 'Mahamat Issa Abakar', NULL),
(4132, 'Djingabeye Appolinaire', NULL),
(4133, 'Massama Kiliout Asselmo', NULL),
(4134, 'Armand Djérabé', NULL),
(4135, 'Léger Djimrangar', NULL),
(4136, 'César Madalangue', NULL),
(4137, 'Sylvain Ndoubam', NULL),
(4138, 'Igor Wadar Nhondo', NULL),
(4139, 'César Abaya', NULL),
(4140, 'Herman Doumna', NULL),
(4141, 'Ferdinand Gassina', NULL),
(4142, 'Mahamat Saleh Habib', NULL),
(4143, 'Hassan Hassan Hissein', NULL),
(4144, 'Yaya Karim Mahamat', NULL),
(4145, 'Karl Marx Barthélémy', NULL),
(4146, 'Ahmat Mahamat Labbo', NULL),
(4147, 'Yves Madjilom', NULL),
(4148, 'Nekiambé Marius Mbaiam', NULL),
(4149, 'Ezechiel Aliadjim N''Douassel', NULL),
(4150, 'Rodrigue Casimir Ninga', NULL),
(4151, 'Yung-hsuan Chiang', NULL),
(4152, 'Kun-chi Lu', NULL),
(4153, 'Chun-kuang Yang', NULL),
(4154, 'Shan-fu Chen', NULL),
(4155, 'Yi-wei Chen', NULL),
(4156, 'Ming-han Chiang', NULL),
(4157, 'Tai-lin Lee', NULL),
(4158, 'Cheng-yi Lin', NULL),
(4159, 'Sheng-an Tsai', NULL),
(4160, 'Pei-lun Wei', NULL),
(4161, 'Che-yuan Chan', NULL),
(4162, 'Fu-hsiang Chang', NULL),
(4163, 'Pao-hsing Feng', NULL),
(4164, 'Han-sheng Huang', NULL),
(4165, 'Kai-chun Hung', NULL),
(4166, 'De-cai Su', NULL),
(4167, 'Chia-huang Yang', NULL),
(4168, 'I-huan Chiu', NULL),
(4169, 'Ming-chan He', NULL),
(4170, 'Yin-huong Kuo', NULL),
(4171, 'Meng-chian Lee', NULL),
(4172, 'Hung-hsu Tai', NULL),
(4173, 'Doug Herrick', NULL),
(4174, 'Dallas Jeffrey Jaye', NULL),
(4175, 'Scott Dominic Leon Guerrero', NULL),
(4176, 'Shawn Robert Nicklaw', NULL),
(4177, 'David Ysrael Nussbaum', NULL),
(4178, 'Micah Francisco Paulino', NULL),
(4179, 'Christian Michael Schweizer', NULL),
(4180, 'Dominic Tacadina Gadia', NULL),
(4181, 'Mark Anthony Torres Chargualaf', NULL),
(4182, 'Ian James Adamos', NULL),
(4183, 'Jonahan Artiga Romero', NULL),
(4184, 'Thaddeus Joseph Cardines Atalig', NULL),
(4185, 'Jordan Gregory', NULL),
(4186, 'Ryan Guy', NULL),
(4187, 'Marcus Phillip Joseph Lopez', NULL),
(4188, 'Ian Anthony Lujan Mariano', NULL),
(4189, 'John Landa Matkin', NULL),
(4190, 'Travis James Nicklaw', NULL),
(4191, 'Jason Ryan Quitugua Cunliffe', NULL),
(4192, 'Erik John Ustruck', NULL),
(4193, 'Zachary Thomas DeVille', NULL),
(4194, 'Shane Malcolm', NULL),
(4195, 'Dylan Pinaula Naputi', NULL),
(4196, 'Jorge Valenzo Jr.', NULL),
(4197, 'Leon Fox', NULL),
(4198, 'Paul Huia', NULL),
(4199, 'Samson Koti', NULL),
(4200, 'Sammy Oso', NULL),
(4201, 'Hadisi Aengari Gagame', NULL),
(4202, 'Calvin Erick', NULL),
(4203, 'Arnold Keni', NULL),
(4204, 'Freddie Kini', NULL),
(4205, 'George Lagoda', NULL),
(4206, 'Willie Lamani', NULL),
(4207, 'Andrew Maeribu', NULL),
(4208, 'Edika Maetaa', NULL),
(4209, 'Emmanuel Poila', NULL),
(4210, 'Loni Qaraba', NULL),
(4211, 'Stewart Quan', NULL),
(4212, 'Nelson Sale Kilifa', NULL),
(4213, 'Clifford Wate', NULL),
(4214, 'Aleck Wickham', NULL),
(4215, 'Mostyn Beui', NULL),
(4216, 'Jeffery Bule', NULL),
(4217, 'Henry Samuel Luito''o Fa''arodo Junior', NULL),
(4218, 'Tome Faisi', NULL),
(4219, 'Michael Fifi''i', NULL),
(4220, 'Tony Havea', NULL),
(4221, 'Paul Hiri', NULL),
(4222, 'Coleman Makau', NULL),
(4223, 'David Naitoro', NULL),
(4224, 'Leslie Nate', NULL),
(4225, 'Joses MacPaulson Nawo', NULL),
(4226, 'Leonard Rokoto', NULL),
(4227, 'Himson Teleda', NULL),
(4228, 'George Wagena', NULL),
(4229, 'Jack Maeli Wetney', NULL),
(4230, 'Andrew Abba', NULL),
(4231, 'Gagame Feni', NULL),
(4232, 'Joe Luwi', NULL),
(4233, 'Seni Ngava', NULL),
(4234, 'Wesley Keni Olea', NULL),
(4235, 'Ian Paia', NULL),
(4236, 'Joachim Rande', NULL),
(4237, 'Tinoni Ratu', NULL),
(4238, 'Benjamin Totori', NULL),
(4239, 'Alex Waimora', NULL),
(4240, 'Joachim Waroi', NULL),
(4241, 'Tuti Zama Tanito', NULL),
(4242, 'Mohamed N. Mohamed Imran', NULL),
(4243, 'Don Dasun Pradeep Paranawithana Paranawithanage', NULL),
(4244, 'Weerasinghe Sinnath Thommelage Don Sujan Perera', NULL),
(4245, 'Rathnayake Nawarathna Athapaththu Mudiyanselage Anurudda Ban', NULL),
(4246, 'Sengathit Somvang', NULL),
(4247, 'Chitana Souksavath', NULL),
(4248, 'Soukhtavy Soundala', NULL),
(4249, 'Khamphoumy Hanvilay', NULL),
(4250, 'Saychonh Khunsamnarn', NULL),
(4251, 'Kovanh Namthavixay', NULL),
(4252, 'Saynakhonevieng Phommapanya', NULL),
(4253, 'Ketsada Souksavanh', NULL),
(4254, 'Chuefong Xiong', NULL),
(4255, 'Keoviengphet Liththideth', NULL),
(4256, 'Manolom Phomsouvanh', NULL),
(4257, 'Viengsavanh Sayyaboun', NULL),
(4258, 'Vilayout Sayyabounsou', NULL),
(4259, 'Khonesavanh Sihavong', NULL),
(4260, 'Kanlaya Sysomvang', NULL),
(4261, 'Daoneua Syviengsay', NULL),
(4262, 'Phatthana Syvilay', NULL),
(4263, 'Soukaphone Vongchiengkham', NULL),
(4264, 'Visay Phapouvanin', NULL),
(4265, 'Sangvone Phimmasen', NULL),
(4266, 'Khampheng Sayavutthi', NULL),
(4267, 'Lembo Saysana', NULL),
(4268, 'Sopa Saysana', NULL),
(4269, 'Zin Phyo Kyaw', NULL),
(4270, 'Phyo Aung Pyaye', NULL),
(4271, 'Sithu Thiha', NULL),
(4272, 'Hein Kyaw Aung', NULL),
(4273, 'Si Thu Aung', NULL),
(4274, 'Lin Oo Naing', NULL),
(4275, 'Min Tun Zaw', NULL),
(4276, 'Zaw Oo Zaw', NULL),
(4277, 'Htan David', NULL),
(4278, 'Lin Kyi', NULL),
(4279, 'Zaw Oo Myo', NULL),
(4280, 'Soe Pai', NULL),
(4281, 'Ko Ko Thein Phyo', NULL),
(4282, 'Than Win Thein', NULL),
(4283, 'Aung Kyaw Yan', NULL),
(4284, 'Si Thu Kaung', NULL),
(4285, 'Zayar Win Kyaw', NULL),
(4286, 'Kyaw Kyaw Soe', NULL),
(4287, 'Min Oo Soe', NULL),
(4288, 'Naing Thet', NULL),
(4289, 'Win Thein Yazar', NULL),
(4290, 'Htet Aung Ye Zaw', NULL),
(4291, 'Aboobakar Augustin', NULL),
(4292, 'Kevin Jean-Louis', NULL),
(4293, 'Jean Pascal Désiré Christopher Bazerque', NULL),
(4294, 'Percy Jimmy Hendrix Buckland', NULL),
(4295, 'Jean-Denis Dookhee', NULL),
(4296, 'Marco Dorza', NULL),
(4297, 'Cédric Permal', NULL),
(4298, 'Bruno Ravina', NULL),
(4299, 'Walter St-Mart Dupré', NULL),
(4300, 'Chandrayah Veeranah', NULL),
(4301, 'Kerlson Agathe', NULL),
(4302, 'Colin Bell', NULL),
(4303, 'Jonathan Bru', NULL),
(4304, 'Christopher L’Enclume', NULL),
(4305, 'Jean Stéphane Pierre', NULL),
(4306, 'Joseph Guillaume Sockalingum', NULL),
(4307, 'Kersley Appou', NULL),
(4308, 'Gurty Calembé', NULL),
(4309, 'Kitson Cécile', NULL),
(4310, 'Jules Monnaie', NULL),
(4311, 'Dave Mussard', NULL),
(4312, 'Patrick Bonne', NULL),
(4313, 'Adrian Constance', NULL),
(4314, 'Steve Henriette', NULL),
(4315, 'Ronny Hoareau', NULL),
(4316, 'Yannick Manoo', NULL),
(4317, 'Benoit Marie', NULL),
(4318, 'Ronny Maringo', NULL),
(4319, 'Colin Esther', NULL),
(4320, 'Randolph Lablache', NULL),
(4321, 'Darwind Rosette', NULL),
(4322, 'Bernard St. Ange', NULL),
(4323, 'Archille Henriette', NULL),
(4324, 'Bertrand Lablache', NULL),
(4325, 'Nelson Laurence', NULL),
(4326, 'Alex Nibourette', NULL),
(4327, 'Gervais Waye-Hive', NULL),
(4328, 'Yves Zialor', NULL),
(4329, 'Sigeurd Anildruegis Obispo', NULL),
(4330, 'Quincey Marten Passial', NULL),
(4331, 'Jarzinho Saul Emmanuel Pieter', NULL),
(4332, 'Rowendy Wendy José Sumter', NULL),
(4333, 'Shanon Carmelia', NULL),
(4334, 'Hujoybert Felipe Delando', NULL),
(4335, 'Richenel Cristino Doran', NULL),
(4336, 'Hairick Jansen', NULL),
(4337, 'Gillian Justiana', NULL),
(4338, 'Nathan Minguel Martina', NULL),
(4339, 'Rhu-endly Martina', NULL),
(4340, 'Jervine Cristino Bartolomeo Mook', NULL),
(4341, 'Soranley Sely Emilio Tomsjansen', NULL),
(4342, 'Quintón Christopher Edson Christina', NULL),
(4343, 'Everon Espacia', NULL),
(4344, 'Stallone Cristopher Isenia', NULL),
(4345, 'Lendell Jesus Johannes', NULL),
(4346, 'Vilyson Victor Cecil Lake', NULL),
(4347, 'Ruensley Anthony Leuteria', NULL),
(4348, 'Jurensley Lorencio Martina', NULL),
(4349, 'Vidarrell Papito Merencia', NULL),
(4350, 'Mirco Dwight Tadeo Colina', NULL),
(4351, 'Germaine Giomar Geerman', NULL),
(4352, 'Randall Rishendel Labordus', NULL),
(4353, 'Tyrone Maria', NULL),
(4354, 'Benjamin Martha', NULL),
(4355, 'Rugin August Bennett Snoijl', NULL),
(4356, 'Randel Randolf Winklaar', NULL),
(4357, 'Sandile Ginindza', NULL),
(4358, 'Nhlanhla Bongani Gwebu', NULL),
(4359, 'Mathabela Sandanzwe', NULL),
(4360, 'Machawe Rodgers Dlamini', NULL),
(4361, 'Sabelo Gamedze', NULL),
(4362, 'Sifiso Mabila', NULL),
(4363, 'Mndeni Mamba', NULL),
(4364, 'Lwazi Shana Maziya', NULL),
(4365, 'Siyabonga Mdluli', NULL),
(4366, 'Sanele Mkhweli', NULL),
(4367, 'Sikhumbuzo Ntimane', NULL),
(4368, 'Jerome Ntshalintshali', NULL),
(4369, 'Felix Gerson Badenhorst', NULL),
(4370, 'Mcolisi Lukhele', NULL),
(4371, 'Sifiso Maseko', NULL),
(4372, 'Vuyani Mazibuko', NULL),
(4373, 'Mthunzi Mkhontfo', NULL),
(4374, 'Wonder Nhleko', NULL),
(4375, 'Sifiso Nkambule', NULL),
(4376, 'Zweli Nxumalo', NULL),
(4377, 'Banele Sikhondze', NULL),
(4378, 'Nkosingiphile Tsabedze', NULL),
(4379, 'Tony Thulani Tsabedze', NULL),
(4380, 'Melusi Darren Christie', NULL),
(4381, 'Bonginkosi Dlamini', NULL),
(4382, 'Phinda Dlamini', NULL),
(4383, 'Sandile Hlatjwako', NULL),
(4384, 'Ndoda Tisuka Mthethwa', NULL),
(4385, 'Sabelo Ndzinisa', NULL),
(4386, 'Barry Steenkamp', NULL),
(4387, 'Ali Abdulrazzaq Ali Al Ansi', NULL),
(4388, 'Esam Al Hakim', NULL),
(4389, 'Saoud Abdullah Abdullah Al Sowadi', NULL),
(4390, 'Salem Abdullah Awadh Saeed', NULL);
INSERT INTO `player` (`id`, `name`, `injured`) VALUES
(4391, 'Abdulaziz Mohammed Ali Al Gumaei', NULL),
(4392, 'Najib Ahmed Qaid Al Haddad', NULL),
(4393, 'Ahmed Sadeq Ahmed Al Khamri', NULL),
(4394, 'Mudir Abdurabu Ali Al Radaei', NULL),
(4395, 'Abdulqader Ahmed Saleh Al Rwaady', NULL),
(4396, 'Mohammed Al Sarori', NULL),
(4397, 'Faisal Abdulrahman Ahmed Ba Hurmuz', NULL),
(4398, 'Ala Addin Noman Abdullah Mahdi', NULL),
(4399, 'Mohammed Fuad Mohammed Omar', NULL),
(4400, 'Nezar Nasser Salem Rezq', NULL),
(4401, 'Salem Mousa Omar Abdulmanea', NULL),
(4402, 'Hussein Ahmed Hussein Al Ghazi', NULL),
(4403, 'Ahmed Ali Ahmed Al Hifi', NULL),
(4404, 'Wahid Mohammed Mohammed Al Khyat', NULL),
(4405, 'Basheer AL Manifi', NULL),
(4406, 'Abdulwasea Al Matari', NULL),
(4407, 'Ala''a Mohammed Abdullah Al Sasi', NULL),
(4408, 'Akram Hamood Abdo Al Worafi', NULL),
(4409, 'Mohammed Saleh Yousef Salem Al Zuraqi', NULL),
(4410, 'Abdulhameed Awadh Awasy', NULL),
(4411, 'Mohammed Abdullah Ali Ba Rowis', NULL),
(4412, 'Mohammed Ahmed Ali Boqshan', NULL),
(4413, 'Motaz Qaid', NULL),
(4414, 'Nateeq Hizam Qaid Rageh', NULL),
(4415, 'Samer Hasan Sulaiman Yaseen', NULL),
(4416, 'Aiman Saleh Abdullah Al Hagri', NULL),
(4417, 'Tawfiq Ali', NULL),
(4418, 'Yasser Ahmed Mohammed Basuhai', NULL),
(4419, 'Sadam Hussein', NULL),
(4420, 'Kamel Tareq Othman Mohammed', NULL),
(4421, 'Ammar Abdullah Qaid Khalaq', NULL),
(4422, 'Abdarahman Yaseen', NULL),
(4423, 'Ernest Bong', NULL),
(4424, 'Fakipole Seiloni Iaruel', NULL),
(4425, 'Simon Tousi', NULL),
(4426, 'Alphonse Bongnaim', NULL),
(4427, 'Dominique Fred', NULL),
(4428, 'Lucien Hinge', NULL),
(4429, 'Brian Kaltack', NULL),
(4430, 'Derek Malas', NULL),
(4431, 'Selwyn Sese Ala', NULL),
(4432, 'Kevin Shem', NULL),
(4433, 'Robert Tom', NULL),
(4434, 'Freddy Vava', NULL),
(4435, 'Paul Young', NULL),
(4436, 'Michell Kaltak', NULL),
(4437, 'Roddy Lenga', NULL),
(4438, 'Sailas Namatak', NULL),
(4439, 'Jean Nako Naprapol', NULL),
(4440, 'François Sakama', NULL),
(4441, 'Jean Robert Yelou', NULL),
(4442, 'Jean Kaltack', NULL),
(4443, 'Joseph Namariau', NULL),
(4444, 'Kensi Tangis', NULL),
(4445, 'Robert Hakwa Tasso', NULL),
(4446, 'Benaminio Mojito Mateinaqara', NULL),
(4447, 'Simione Moci Tamanisau', NULL),
(4448, 'Samuela Ibo Kautoga', NULL),
(4449, 'Peni Finau Lesubulamailepanoni', NULL),
(4450, 'Paulo Posiano', NULL),
(4451, 'Remueru Tekiate', NULL),
(4452, 'Laitia Qio Vunibola Tuilau', NULL),
(4453, 'Samuela Vuluma Vula', NULL),
(4454, 'Taniela Evo Waqa', NULL),
(4455, 'Alvin Avinesh', NULL),
(4456, 'Pita Bolatoga Senibiaukula', NULL),
(4457, 'Alvin Singh', NULL),
(4458, 'Apisai Smith', NULL),
(4459, 'Malakai Tiwa', NULL),
(4460, 'Ilisoni Tuinawaivuvu', NULL),
(4461, 'Avinesh Waran Suwamy', NULL),
(4462, 'Misaele Draunibaka', NULL),
(4463, 'Maciu Samaidrawa Dunadamu', NULL),
(4464, 'Roy Krishna', NULL),
(4465, 'Osea John Vakatalesau', NULL),
(4466, 'Archie Watkins', NULL),
(4467, 'Aukusitino Aitupe', NULL),
(4468, 'Motu Hafoka', NULL),
(4469, 'Ethan Hanns', NULL),
(4470, 'Masei Amosa', NULL),
(4471, 'Vaalii Faalogo', NULL),
(4472, 'Tamoto Fenika', NULL),
(4473, 'Silao Malo', NULL),
(4474, 'Jarrell Sale', NULL),
(4475, 'Sapati Umutaua', NULL),
(4476, 'Patrick Asiata', NULL),
(4477, 'Sopo FaKaua', NULL),
(4478, 'Joseph Kenny Hoeflich', NULL),
(4479, 'Max Tom Hoeflich', NULL),
(4480, 'Peni Kitiona', NULL),
(4481, 'Andrew Setefano', NULL),
(4482, 'Suivai Ataga', NULL),
(4483, 'Amilale Esaroma', NULL),
(4484, 'Luki Gosche', NULL),
(4485, 'Spencer Keli', NULL),
(4486, 'Mike Saofaiga Foai', NULL),
(4487, 'Mohamed Hassani Mbalia', NULL),
(4488, 'Mahamoud Mroivili', NULL),
(4489, 'David Humblot', NULL),
(4490, 'Iyad Issimaila', NULL),
(4491, 'Mahamoud Ali M''Changama', NULL),
(4492, 'Ibrahim Rachidi', NULL),
(4493, 'Nadjim Abdou', NULL),
(4494, 'Abdoulmadjid Abdoulhafar', NULL),
(4495, 'Nakibou Aboubakari', NULL),
(4496, 'Youssouf M''Changama', NULL),
(4497, 'Djamal Mohamed', NULL),
(4498, 'Salim Mramboini', NULL),
(4499, 'Fouad Rachid', NULL),
(4500, 'Mohamed Halifa Soulé', NULL),
(4501, 'Mohamed Youssouf', NULL),
(4502, 'Samir Bertin D''Avesnes', NULL),
(4503, 'Ali M''Madi', NULL),
(4504, 'Moubarak Abdallah Mfoihaia', NULL),
(4505, 'Ali Mourade', NULL),
(4506, 'Ibrahim Abdou Silahi', NULL),
(4507, 'Benhamadi Ybnou Charaf', NULL),
(4508, 'Jonas Asvedo Mendes', NULL),
(4509, 'Emanuel Jorge Guimarães do Carmo', NULL),
(4510, 'Germano Luís Mendes', NULL),
(4511, 'Bacar Baldé', NULL),
(4512, 'Saido Indjai Banjai', NULL),
(4513, 'Bruno João Nandigna Borges Fernandes', NULL),
(4514, 'Muhammad Youssuf Candé', NULL),
(4515, 'José Eduardo Jesus de Castro', NULL),
(4516, 'Eridson Mendes Umpeça', NULL),
(4517, 'José Monteiro de Macedo', NULL),
(4518, 'Edson Ricardo Nunes Correia Silva', NULL),
(4519, 'Bocundji Cá', NULL),
(4520, 'Abdul Carrupt', NULL),
(4521, 'Almani Samori da Silva Moreira', NULL),
(4522, 'Bafodé Dabo Carvalho', NULL),
(4523, 'Moía Braima Mané', NULL),
(4524, 'Dionísio Mendes Fernandes', NULL),
(4525, 'Luciano Mendes Teixeira', NULL),
(4526, 'Valter José Nandigna Borges Fernandes', NULL),
(4527, 'Ednilson Pedro Rocha Andrade Mendes', NULL),
(4528, 'Mustafá Silla', NULL),
(4529, 'Ibraima So', NULL),
(4530, 'Idrissa Camará', NULL),
(4531, 'Ivanildo Soares Cassamã', NULL),
(4532, 'Basile Salomon Pereira De Carvalho', NULL),
(4533, 'Arnaud Mendy', NULL),
(4534, 'Ailton Pedro Mota Pereira', NULL),
(4535, 'Leocisio Julio Sami', NULL),
(4536, 'Cicero Casimiro Sanchez Semedo', NULL),
(4537, 'Shari Clarke', NULL),
(4538, 'Torin Ferguson', NULL),
(4539, 'Raynaldo Sturrup', NULL),
(4540, 'Mackenson Altidor', NULL),
(4541, 'Duane Beneby', NULL),
(4542, 'Michael Bethel', NULL),
(4543, 'Gavin Christie', NULL),
(4544, 'Dwayne Forbes', NULL),
(4545, 'Happy McNair Hall', NULL),
(4546, 'Anton D. Justin Sealey', NULL),
(4547, 'Shemord Thompson', NULL),
(4548, 'Dana Matthew Veth', NULL),
(4549, 'Cameron Hepple', NULL),
(4550, 'Christopher Larson', NULL),
(4551, 'Jackner Louis', NULL),
(4552, 'Andrew Pratt', NULL),
(4553, 'Raymorn Sturrup', NULL),
(4554, 'Jonathan Sykes', NULL),
(4555, 'Nesley Jean', NULL),
(4556, 'Demont Mitchell', NULL),
(4557, 'Denair Mitchell', NULL),
(4558, 'Lesly St. Fleur', NULL),
(4559, 'Batsaikhan Ariunbold', NULL),
(4560, 'Batbayar Batsuuri', NULL),
(4561, 'Yuura Sainkhuu', NULL),
(4562, 'Lumbengarav Donorov', NULL),
(4563, 'Batmunkh Erkhembayar', NULL),
(4564, 'Bayasgalangiin Garidmagnai', NULL),
(4565, 'Erdenesuren Munkh-Erdene', NULL),
(4566, 'Enkhjargal Tserenjav', NULL),
(4567, 'Pagamsuren Altantulga', NULL),
(4568, 'Ganbold Bilguun', NULL),
(4569, 'Amgalan Chinzorig', NULL),
(4570, 'Tsend-Ayush Khurelbaatar', NULL),
(4571, 'Tsagaantsooj Munkh-Erdene', NULL),
(4572, 'Tuguldur Munkh-Erdene', NULL),
(4573, 'Tsedenbal Norjmoo', NULL),
(4574, 'Bayarjargal Oyunbat', NULL),
(4575, 'Tugsbileg Batbold', NULL),
(4576, 'Tugsbayar Ganbaatar', NULL),
(4577, 'Tumenjargal Tsedenbal', NULL),
(4578, 'Darambayar Tsetsenbaatar', NULL),
(4579, 'Dean Byfield', NULL),
(4580, 'McPherson Meade', NULL),
(4581, 'Jermaine Sweeney', NULL),
(4582, 'Kendall Allen', NULL),
(4583, 'Marlon Campbell', NULL),
(4584, 'Nyron Dyer', NULL),
(4585, 'Ramon Jaganaught', NULL),
(4586, 'Clifford Newby-Harris', NULL),
(4587, 'Alexander Bramble', NULL),
(4588, 'Dale Lee', NULL),
(4589, 'Dean Mason', NULL),
(4590, 'Terrell Miller', NULL),
(4591, 'Leovan O''Garro', NULL),
(4592, 'Kelvin Ponde', NULL),
(4593, 'Ellis Remy', NULL),
(4594, 'Darryl Roach', NULL),
(4595, 'Jay-Lee Hodgson', NULL),
(4596, 'Albert Junior Hillyard Andrew Mendes', NULL),
(4597, 'Bradley Woods-Garness', NULL),
(4598, 'Zo Andriamiarintjoa', NULL),
(4599, 'Robin Jean Claude Rakotonirina', NULL),
(4600, 'Jean Dieu-Donné Randrianasolo', NULL),
(4601, 'Hasina Urbain Andriamampionona', NULL),
(4602, 'Léonard Besabotsy', NULL),
(4603, 'Michael Randrianantenaina', NULL),
(4604, 'Vonjiniaina Julio Razafimahatratra', NULL),
(4605, 'Ando Manoelantsoa', NULL),
(4606, 'Abdourahamany Mohamed', NULL),
(4607, 'Edgard Nandrasana', NULL),
(4608, 'Lalaina Nomenjanahary', NULL),
(4609, 'Johann Paul', NULL),
(4610, 'Jhon Baggio Rakotonomenjanahary', NULL),
(4611, 'Falimery Ferdinand Ramanamahefa', NULL),
(4612, 'Jean José Tigana Razafimaninory', NULL),
(4613, 'Paulin Voavy', NULL),
(4614, 'Faed Arsène', NULL),
(4615, 'Boto Fagnorena', NULL),
(4616, 'Yvan Rajoarimanana', NULL),
(4617, 'Jimmy Simouri', NULL),
(4618, 'Bunchhay Peng', NULL),
(4619, 'Seiha Samreth', NULL),
(4620, 'Yaty Sou', NULL),
(4621, 'Khemrin Khek', NULL),
(4622, 'Raksmey Lay', NULL),
(4623, 'Thavrak Om', NULL),
(4624, 'Piseth Say', NULL),
(4625, 'Rithy Sok', NULL),
(4626, 'Sopanha Sun', NULL),
(4627, 'Tiny Tieng', NULL),
(4628, 'Pancharong Touch', NULL),
(4629, 'Vathanaka Chan', NULL),
(4630, 'Chhoeun Chhin', NULL),
(4631, 'Phallin Hoy', NULL),
(4632, 'Udom Prak Mony', NULL),
(4633, 'Narith San', NULL),
(4634, 'Chanraksmey Sok', NULL),
(4635, 'Souhana Sos', NULL),
(4636, 'Veasna Soun', NULL),
(4637, 'Sovanrithy Sun', NULL),
(4638, 'Chum Chin', NULL),
(4639, 'Borey Khim', NULL),
(4640, 'Laboravy Khuon', NULL),
(4641, 'Sokumpheak Kouch', NULL),
(4642, 'Vathanak Teab', NULL),
(4643, 'Muhammad Suhandi bin Haji Awang Mahali', NULL),
(4644, 'Mohammad Tarmizi bin Haji Mat Johari', NULL),
(4645, 'Abdul Hafiz bin Haji Mursadi', NULL),
(4646, 'Muhammad Khairol Amin bin Haji Zainudin', NULL),
(4647, 'Muhammad Wardun bin Yusof', NULL),
(4648, 'Muhammad Fakhrul Zulhazmi bin Yussof', NULL),
(4649, 'Muhammad Afi bin Aminuddin', NULL),
(4650, 'Mohammad Haizul Rani bin Metusin', NULL),
(4651, 'Affendy bin Haji Akup', NULL),
(4652, 'Haji Mohammad Yussof bin Haji Mat Yassin', NULL),
(4653, 'Redhuan bin Haji Petara', NULL),
(4654, 'Hazwan bin Hamzah', NULL),
(4655, 'Mohammad Amalul Ariffin Shah bin Said', NULL),
(4656, 'Mohammad Azri bin Zahari', NULL),
(4657, 'Mohammad Zaizul Ma''un bin Zainal Abidin', NULL),
(4658, 'Muhammad Aqmal Hakeem bin Abdul Hamid', NULL),
(4659, 'Muhammad Azwan bin Ali Rahman', NULL),
(4660, 'Muhammad Subhi Abdilah bin Haji Bakir', NULL),
(4661, 'Rosmin bin Haji Muhammad Kamis', NULL),
(4662, 'Sairol bin Haji Sahari', NULL),
(4663, 'Mohamad Najib bin Haji Tarif', NULL),
(4664, 'Muhammad Maududi Hilmi bin Kasmi', NULL),
(4665, 'Mohammad Mazazizi bin Mazlan', NULL),
(4666, 'Mohamed Amir Ajmal bin Mohamed Tahir', NULL),
(4667, 'Mohd Hendra Azam bin Mohd Idris', NULL),
(4668, 'Azwan bin Muhammad Salleh', NULL),
(4669, 'Mohammad Nur Ikhwan bin Othman', NULL),
(4670, 'Awangku Muhammad Fakharazzi bin Pengiran Haji Hassan', NULL),
(4671, 'Awangku Mohammad Safri bin Pengiran Haji Othman', NULL),
(4672, 'Mohammad Aminuddin Zakwan bin Tahir', NULL),
(4673, 'Mohammad Helmi bin Zambin', NULL),
(4674, 'Mohammad Juremi bin Haji Zaini', NULL),
(4675, 'Adi bin Said', NULL),
(4676, 'Mohammad Shahrazen bin Said', NULL),
(4677, 'Hamizan Aziz bin Sulaiman', NULL),
(4678, 'Emerson Carlos Cesário', NULL),
(4679, 'Juliao Monteiro', NULL),
(4680, 'Ramos Saozinho Ribeiro Maxanches', NULL),
(4681, 'Anggisu Claudio de Almeida Barbosa', NULL),
(4682, 'Ramon de Lima Saro', NULL),
(4683, 'Raul Tyson Isac Dias Monteiro', NULL),
(4684, 'José Martins do Rego', NULL),
(4685, 'Raimundo José do Rego Sarmento', NULL),
(4686, 'Marco Morais', NULL),
(4687, 'Wellington Rocha dos Santos', NULL),
(4688, 'Diogo Santos Rangel', NULL),
(4689, 'Adelino Trindade Coelho Manek de Oliveira Reis', NULL),
(4690, 'Nicolau Higinio Baptista Soares Fernandes', NULL),
(4691, 'Eusebio Hermenio Costa de Almeida', NULL),
(4692, 'João Paulo da Silva Pereira', NULL),
(4693, 'José Skuartono López Vide', NULL),
(4694, 'Jesse Fernando Pinto', NULL),
(4695, 'Paulo Helber Rosa Ribeiro', NULL),
(4696, 'Apolio Santos', NULL),
(4697, 'Alan Leandro da Silva Pinheiro', NULL),
(4698, 'Antonio Marcos de Sousa', NULL),
(4699, 'Chiquito Filipe do Carmo', NULL),
(4700, 'Oligario Hornai Pereira Barreto', NULL),
(4701, 'Murilo Ribeiro de Almeida', NULL),
(4702, 'Emilio Ribeiro Neves da Silva', NULL),
(4703, 'Soane Motekiai Faupula', NULL),
(4704, 'Kaneti Tuluhaele Felela', NULL),
(4705, 'Heneli Sa''afi', NULL),
(4706, 'Alekisanita Fehoko', NULL),
(4707, 'Vitolio Latu', NULL),
(4708, '''Ilalio Leakona', NULL),
(4709, 'Samisoni Mafi', NULL),
(4710, 'Folio Moeaki', NULL),
(4711, 'Petesa Ongosia', NULL),
(4712, 'Sione Melvin Tovo', NULL),
(4713, 'Unaloto-Ki-Atenoa Feao', NULL),
(4714, 'Timote Maamaloa', NULL),
(4715, 'Lafaele Moala', NULL),
(4716, 'Siosifa Finau Moimoi', NULL),
(4717, 'Fineasi Palei', NULL),
(4718, 'Pio Palu', NULL),
(4719, 'Penisimani Pau', NULL),
(4720, 'Sione Teu', NULL),
(4721, 'Kinitoni Falatau', NULL),
(4722, 'Malakai Savieti', NULL),
(4723, 'Lokoua Taufahema', NULL),
(4724, 'Viliami Kafo Kuo Vaitaki', NULL),
(4725, 'Carlos Claxton', NULL),
(4726, 'Terrance Jones', NULL),
(4727, 'Menelik Kaza Amlak', NULL),
(4728, 'Dillon Pieffer', NULL),
(4729, 'Jonas Verhoff', NULL),
(4730, 'Clifford Adams', NULL),
(4731, 'Ayinde Augustus', NULL),
(4732, 'Kimani George', NULL),
(4733, 'Kai Schuster', NULL),
(4734, 'Derrick Smith Jr', NULL),
(4735, 'Alberto Van Gurp Jr.', NULL),
(4736, 'Kamel Abdelghani', NULL),
(4737, 'Lishati-Shumba Bailey', NULL),
(4738, 'Michael Beharry', NULL),
(4739, 'Jamie Browne', NULL),
(4740, 'Keithroy Cornelius', NULL),
(4741, 'Dusty Good', NULL),
(4742, 'Reid Klopp', NULL),
(4743, 'Junior Laurencin', NULL),
(4744, 'Joseph Limeburner', NULL),
(4745, 'McCoy Livingston', NULL),
(4746, 'Garrick Mathurin', NULL),
(4747, 'Andre Christof Thomas', NULL),
(4748, 'Dwayne Virgil Thomas', NULL),
(4749, 'Chad Walter', NULL),
(4750, 'Adam Fuller', NULL),
(4751, 'Alderman Lesmond', NULL),
(4752, 'Dwayne Trimm', NULL),
(4753, 'Dereck Villafana', NULL),
(4754, 'Jermaine Brown', NULL),
(4755, 'Franklin Clay Coleman', NULL),
(4756, 'Miquel Athie Pitta', NULL),
(4757, 'Dereck Rivers', NULL),
(4758, 'Anthony Ramon Sealy', NULL),
(4759, 'Encuma Brown', NULL),
(4760, 'Paul Alfredo Brown', NULL),
(4761, 'Mario Rene Carter', NULL),
(4762, 'Benjamin Franklin Cupid', NULL),
(4763, 'Benliss Dexter', NULL),
(4764, 'Nicholas Ebanks', NULL),
(4765, 'Leighton Elliott', NULL),
(4766, 'Luigi Malcolm Hernandez', NULL),
(4767, 'Andre Jerome McFarlane', NULL),
(4768, 'Kemar Scott', NULL),
(4769, 'Donald Brumson Solomon Jr.', NULL),
(4770, 'Oneil Taylor', NULL),
(4771, 'Leon Val Whitaker', NULL),
(4772, 'Gary Dion Brandon', NULL),
(4773, 'Lorenzo Brown', NULL),
(4774, 'Alfredo Challenger', NULL),
(4775, 'Derrin Kennedy Ebanks', NULL),
(4776, 'Donovan Jedd Ebanks', NULL),
(4777, 'Michael Johnson', NULL),
(4778, 'Ian Albert Lindo', NULL),
(4779, 'Jairo Geovanny Sanchez-Scott', NULL),
(4780, 'Damion Denzel Williams', NULL),
(4781, 'Mark Samuel Ebanks', NULL),
(4782, 'Raheem Robinson', NULL),
(4783, 'Darvin George Watson Jr.', NULL),
(4784, 'Tex Tavarez Whitlock', NULL),
(4785, 'Theron Magnus Wood', NULL),
(4786, 'Dwayne Wright', NULL),
(4787, 'Godfrey Baniau', NULL),
(4788, 'Leslie Kalai', NULL),
(4789, 'Paul Kawik', NULL),
(4790, 'Kelly Jampu', NULL),
(4791, 'Valantine Nelson', NULL),
(4792, 'Kila Iaravai Polena', NULL),
(4793, 'Koriak Upaiga', NULL),
(4794, 'Jeremy Yasasa', NULL),
(4795, 'Ronald Conn', NULL),
(4796, 'Michael Foster', NULL),
(4797, 'Samuel Kini', NULL),
(4798, 'Erickson Komeng', NULL),
(4799, 'Andrew Kodewa Lepani', NULL),
(4800, 'David Muta', NULL),
(4801, 'Felix Bondaluke', NULL),
(4802, 'Reginald Davani', NULL),
(4803, 'Raymond Gunemba', NULL),
(4804, 'Niel Samuga Hans', NULL),
(4805, 'Kema Jack', NULL),
(4806, 'Daniel Joe', NULL),
(4807, 'Jamal Seeto', NULL),
(4808, 'Wira Wama', NULL),
(4809, 'Mauri Wasi', NULL),
(4810, 'Montgomery Desire Butler', NULL),
(4811, 'Vesquever Frett', NULL),
(4812, 'Jerry Jones', NULL),
(4813, 'Jevone Demming', NULL),
(4814, 'Vanquever Frett', NULL),
(4815, 'Gregory James', NULL),
(4816, 'Rushedo Robinson', NULL),
(4817, 'Andre Ryan', NULL),
(4818, 'Javier Smith', NULL),
(4819, 'Errol Wellington', NULL),
(4820, 'Avondale Prince Williams', NULL),
(4821, 'Troy Caesar', NULL),
(4822, 'Joel Fahie', NULL),
(4823, 'Devon Letteen', NULL),
(4824, 'Jamal Sargeant', NULL),
(4825, 'Fladimir Septus', NULL),
(4826, 'James Shearman', NULL),
(4827, 'Christopher Telemaque', NULL),
(4828, 'Trevor Peters', NULL),
(4829, 'Jhon Samuel', NULL),
(4830, 'Carlos Septus', NULL),
(4831, 'Nicky Vitolio Salapu', NULL),
(4832, 'Chin-Fu Ta''ase', NULL),
(4833, 'Liatama Amisone Jr', NULL),
(4834, 'Kid Bartley', NULL),
(4835, 'Uasilaa Heleta', NULL),
(4836, 'Shalom Luani', NULL),
(4837, 'Tala Luvu', NULL),
(4838, 'Justin Mana''o', NULL),
(4839, 'Rawlston Masania''i', NULL),
(4840, 'Terrence Sinapati', NULL),
(4841, 'Daru Taumua', NULL),
(4842, 'Charles Uhrle', NULL),
(4843, 'Ismael Herrera', NULL),
(4844, 'Moe Casper Kuresa', NULL),
(4845, 'Fitiuta Maiava', NULL),
(4846, 'Natia Natia', NULL),
(4847, 'Ramin Shahin Ott', NULL),
(4848, 'Johnny Saelua', NULL),
(4849, 'Suani Uelese', NULL),
(4850, 'Roy Luani', NULL),
(4851, 'Gene Neemia', NULL),
(4852, 'Diamond Ott', NULL),
(4853, 'Faimalo Rambo Tapui', NULL),
(4854, 'Jose Antonio Gómes Moreira', NULL),
(4855, 'Ferran Pol Pérez', NULL),
(4856, 'Emili Josep Garcia Miramontes', NULL),
(4857, 'Marc García Renom', NULL),
(4858, 'Ildefons Lima Solá', NULL),
(4859, 'David Maneiro Ton', NULL),
(4860, 'Cristian Martínez Alejo', NULL),
(4861, 'Jordi Rubio Gómez', NULL),
(4862, 'Óscar Sonejee Masand', NULL),
(4863, 'Marc Vales Gonzalez', NULL),
(4864, 'Leonel Felipe Alves Alves', NULL),
(4865, 'Ivan Lorenzo Roncero', NULL),
(4866, 'Carlos Eduardo Peppe Britos', NULL),
(4867, 'Gabriel Riera Lancha', NULL),
(4868, 'Xavier Vieira de Vasconcelos', NULL),
(4869, 'Ludovic Clemente Garces', NULL),
(4870, 'Marc Pujol Pons', NULL),
(4871, 'Joan Carles Toscano Beltrán', NULL),
(4872, 'Fahd Abdella Ezzi Kaheel', NULL),
(4873, 'Samuel Alazar', NULL),
(4874, 'Daniel Goitom Ghebreamlak', NULL),
(4875, 'Haile Goitom Andemichael', NULL),
(4876, 'Merhawi Kesete Zetatsion', NULL),
(4877, 'Essey Kiflom Tsegay', NULL),
(4878, 'Yonatan Solomon Melake', NULL),
(4879, 'Abraham Tedros Abraham', NULL),
(4880, 'Ahmed Abdurahman Kalifa', NULL),
(4881, 'Nasser Ahmed Hussen', NULL),
(4882, 'Elias Debesay Okbazgy', NULL),
(4883, 'Kuluberhan Ghebretinsae Frezghi', NULL),
(4884, 'Yohannes Nega Zeregaber', NULL),
(4885, 'Salahadin Omer Abubeker Mohamed', NULL),
(4886, 'Medhanie Redie', NULL),
(4887, 'Tesfalem Tekle Tensue', NULL),
(4888, 'Hermon Teklerb', NULL),
(4889, 'Surafiel Tesfamicael Mehari', NULL),
(4890, 'Yohannes Tilahun Tefera', NULL),
(4891, 'Daniel Alexander Walu', NULL),
(4892, 'Isaias Andeberhan Habtemariam', NULL),
(4893, 'Richard Justin Lado', NULL),
(4894, 'James Joseph Saeed Moga', NULL),
(4895, 'Moalin Ahmed', NULL),
(4896, 'Ali Mursal Qalid', NULL),
(4897, 'Ali Qasim', NULL),
(4898, 'Abubkar Nur Abdikarim', NULL),
(4899, 'Hussein Ibrahim Adan', NULL),
(4900, 'Dayib Ahmed Abdulkadir', NULL),
(4901, 'Sadad Ibrahim Anwar', NULL),
(4902, 'Mohamed Sharif Mohamed', NULL),
(4903, 'Salah Hussein Saad', NULL),
(4904, 'Ali Igal Yasin', NULL),
(4905, 'Abdullahi Nur Dek', NULL),
(4906, 'Hassan Ali Mohamed', NULL),
(4907, 'Osman Ibrahim Mohamed', NULL),
(4908, 'Abdinur Mohamed Mohamud', NULL),
(4909, 'Mohamed Mohamud Said', NULL),
(4910, 'Mohamed Ali Abdiaziz', NULL),
(4911, 'Ali Nur Abdulkadir', NULL),
(4912, 'Cisse Aden Abshir', NULL),
(4913, 'Dahir Amin Ikar', NULL),
(4914, 'Ali Hassan Khalid', NULL),
(4915, 'Man Fai Ho', NULL),
(4916, 'Chon Kit Leong', NULL),
(4917, 'Man Chan', NULL),
(4918, 'Wai Tong Ho', NULL),
(4919, 'Cheng Hou Kong', NULL),
(4920, 'Tin U Lei', NULL),
(4921, 'Herculano Soares Monteiro', NULL),
(4922, 'Hou Fai Tang', NULL),
(4923, 'Wai Hou Chao', NULL),
(4924, 'Chi Man Che', NULL),
(4925, 'Cheng Ieong Paulo Cheang', NULL),
(4926, 'Chan In Choi', NULL),
(4927, 'Vinício de Jesus Morais Alves', NULL),
(4928, 'Chi Fong Ho', NULL),
(4929, 'Iuri Kaewchang Capelo', NULL),
(4930, 'Sio Meng Leong', NULL),
(4931, 'Vernon Lwong', NULL),
(4932, 'Kin Seng Chan', NULL),
(4933, 'Man Hou Ho', NULL),
(4934, 'Chi Ieong Mak', NULL),
(4935, 'Youssouf Loita Abdourahman', NULL),
(4936, 'Abdi Robleh Ahmed', NULL),
(4937, 'Ali Gamil Said', NULL),
(4938, 'Hassan Miguil Abdoulrahman', NULL),
(4939, 'Abchir Igueh Houssein', NULL),
(4940, 'Hassan Djama Ilyass', NULL),
(4941, 'Abdi Hassan Mohamed Kadar', NULL),
(4942, 'Daher Ahmed Mohamed Kadar', NULL),
(4943, 'Galal Taleb Ramzi', NULL),
(4944, 'Daoud Bouh Samatar', NULL),
(4945, 'Daoud Wais Wais', NULL),
(4946, 'Moussa Goumaneh Warsama', NULL),
(4947, 'Miad Nour Charmake', NULL),
(4948, 'Ahmed Hassan Daoud', NULL),
(4949, 'Moussa Hirir Hirir', NULL),
(4950, 'Mohamed Issa Liban', NULL),
(4951, 'Ahmed Moumin Mahdi', NULL),
(4952, 'Abdallah Mohamed Mohamed', NULL),
(4953, 'Ahmed Mohamed Mohamed', NULL),
(4954, 'Houssein Said Warsama', NULL),
(4955, 'Darar Djama Aboubaker', NULL),
(4956, 'Omar Elmi Aboubaker', NULL),
(4957, 'Mouhoumed Nour Ahmed-Id', NULL),
(4958, 'Tony Jamieson', NULL),
(4959, 'Iona Lupena', NULL),
(4960, 'Tahiri Elikana', NULL),
(4961, 'Teriiahoroa Framhein', NULL),
(4962, 'Miitamariki Joseph', NULL),
(4963, 'Nikorima Te Miha', NULL),
(4964, 'Nathan Tisam', NULL),
(4965, 'Paul-Luiz Temaru Enua-O-Avaiki Van Eijk', NULL),
(4966, 'Gichin Fuhiniu', NULL),
(4967, 'Grover Harmon', NULL),
(4968, 'Roger Manuel', NULL),
(4969, 'Junior Puroku', NULL),
(4970, 'John Michael Quijano', NULL),
(4971, 'Taylor Saghabi', NULL),
(4972, 'Twin Tiro', NULL),
(4973, 'Geongsa Tuka Tisam', NULL),
(4974, 'Paul Branden Turepu', NULL),
(4975, 'Campbell Best', NULL),
(4976, 'Emiel Burrows', NULL),
(4977, 'Paavo Tariu Mustonen', NULL),
(4978, 'Joseph Ngauora', NULL),
(4979, 'Kareem Burris', NULL),
(4980, 'Glenford Hughes', NULL),
(4981, 'Kelvin Ryan Liddie', NULL),
(4982, 'Ikenya Browne', NULL),
(4983, 'Ashton Dumas', NULL),
(4984, 'Desroy Findlay', NULL),
(4985, 'Andre Griffith', NULL),
(4986, 'Kevin Hawley', NULL),
(4987, 'Germain Hughes', NULL),
(4988, 'Leon Jeffers', NULL),
(4989, 'Romare Kelsick', NULL),
(4990, 'Kieran Kentish', NULL),
(4991, 'Adonijah Richardson', NULL),
(4992, 'Khaloni Richardson', NULL),
(4993, 'Jaiden Abbott', NULL),
(4994, 'Damian Bailey', NULL),
(4995, 'Walwyn Benjamin', NULL),
(4996, 'Khalid Brooks', NULL),
(4997, 'Girdon Connor', NULL),
(4998, 'Lester Connor', NULL),
(4999, 'Jermain Hodge', NULL),
(5000, 'Vershawn Hodge', NULL),
(5001, 'Terrence Rodgers', NULL),
(5002, 'Kenny Williams', NULL),
(5003, 'Javille Brooks', NULL),
(5004, 'Ian Edwards', NULL),
(5005, 'Kyle Kentish', NULL),
(5006, 'Gracen Richardson', NULL),
(5007, 'Hemlal Bhattrai', NULL),
(5008, 'Leki Dukpa', NULL),
(5009, 'Migma Tshering', NULL),
(5010, 'Pema Dorji', NULL),
(5011, 'Man Bahadur Gurung', NULL),
(5012, 'Pema Rinchen', NULL),
(5013, 'Nima Sangay', NULL),
(5014, 'Sonam Tenzin', NULL),
(5015, 'Tshering Wangdi', NULL),
(5016, 'Biren Basnet', NULL),
(5017, 'Tshering Dorji', NULL),
(5018, 'Ugyen Dorji', NULL),
(5019, 'Karun Gurung', NULL),
(5020, 'Diwash Subba', NULL),
(5021, 'Passang Tshering', NULL),
(5022, 'Sonam Yoezer', NULL),
(5023, 'Yeshey Dorji', NULL),
(5024, 'Chencho Gyeltshen', NULL),
(5025, 'Dawa Gyeltshen', NULL),
(5026, 'Chencho Nio', NULL),
(5027, 'Fabio Macaluso', NULL),
(5028, 'Aldo Junior Simoncini', NULL),
(5029, 'Giacomo Benedettini', NULL),
(5030, 'Maicol Berretti', NULL),
(5031, 'Juri Biordi', NULL),
(5032, 'Gianluca Bollini', NULL),
(5033, 'Michele Cervellini', NULL),
(5034, 'Alessandro Della Valle', NULL),
(5035, 'Alex Della Valle', NULL),
(5036, 'Gabriele Genghini', NULL),
(5037, 'Mirko Palazzi', NULL),
(5038, 'Davide Simoncini', NULL),
(5039, 'Carlo Valentini', NULL),
(5040, 'Fabio Vitaioli', NULL),
(5041, 'Manuel Battistini', NULL),
(5042, 'Enrico Cibelli', NULL),
(5043, 'Alex Gasperoni', NULL),
(5044, 'Lorenzo Gasperoni', NULL),
(5045, 'Alessandro Bianchi', NULL),
(5046, 'Danilo Ezequiel Rinaldi', NULL),
(5047, 'Andy Selva', NULL),
(5048, 'Matteo Vitaioli', NULL),
(5049, 'Raymondson Azemard', NULL),
(5050, 'Ian Jones', NULL),
(5051, 'Paul Collis', NULL),
(5052, 'Marc-Donald Fenelus', NULL),
(5053, 'Woody Gibson', NULL),
(5054, 'Duane Glinton', NULL),
(5055, 'James Hamilton', NULL),
(5056, 'Kevin Speer', NULL),
(5057, 'George Brough', NULL),
(5058, 'Lagneau Brumvert', NULL),
(5059, 'Spentz Francois', NULL),
(5060, 'Peter Glinton', NULL),
(5061, 'Events Jean', NULL),
(5062, 'James Rene', NULL),
(5063, 'Billy Forbes', NULL),
(5064, 'Gavin Glinton', NULL),
(5065, 'Syed Hassan', NULL),
(5066, 'Jack McKnight', NULL),
(5067, 'Philip Shearer', NULL),
(5068, 'Lenford Singh', NULL),
(5069, 'Luis Turbyfield', NULL),
(5070, 'Javier Hernández Balcázar', NULL),
(5071, 'Cuauhtémoc Blanco Bravo', NULL),
(5072, 'Katlego Abel Mphela', NULL),
(5073, 'Florent Malouda', NULL),
(5074, 'Jung-Soo Lee', NULL),
(5075, 'Ji-Sung Park', NULL),
(5076, 'Iván Gabriel Heinze', NULL),
(5077, 'Kalu Uche', NULL),
(5078, 'Yakubu Aiyegbeni', NULL),
(5079, 'Martín Gastón Demichelis', NULL),
(5080, 'Martín Palermo', NULL),
(5081, 'Robert Koren', NULL),
(5082, 'Zlatan Ljubijankič', NULL),
(5083, 'Thomas Müller', NULL),
(5084, 'Claudemir Jerônimo Barretto', NULL),
(5085, 'Milan Jovanović', NULL),
(5086, 'Marko Pantelić', NULL),
(5087, 'Dennis Rommedahl', NULL),
(5088, 'Jon Dahl Tomasson', NULL),
(5089, 'Antolín Alcáraz Viveros', NULL),
(5090, 'Daniele De Rossi', NULL),
(5091, 'Róbert Vittek', NULL),
(5092, 'Winston Reid', NULL),
(5093, 'Enrique Daniel Vera Torres', NULL),
(5094, 'Shane Smeltz', NULL),
(5095, 'Vincenzo Iaquinta', NULL),
(5096, 'Antonio Di Natale', NULL),
(5097, 'Kamil Kopúnek', NULL),
(5098, 'Fabio Quagliarella', NULL),
(5099, 'Maicon Douglas Sisenando', NULL),
(5100, 'Elano Ralph Blumer', NULL),
(5101, 'Yun-Nam Ji', NULL),
(5102, 'Luís Fabiano Clemente', NULL),
(5103, 'Simão Pedro Fonseca Sabrosa', NULL),
(5104, 'Hugo Miguel Pereira de Almeida', NULL),
(5105, 'Tiago Cardoso Mendes', NULL),
(5106, 'Liédson da Silva Muniz', NULL),
(5107, 'Mark Dennis González Hoffmann', NULL),
(5108, 'David Villa Sánchez', NULL),
(5109, 'Rodrigo Javier Millar Carvajal', NULL),
(5110, 'Paulo César Wanchope Watson', NULL),
(5111, 'Torsten Frings', NULL),
(5112, 'Carlos Vicente Tenorio Medina', NULL),
(5113, 'Agustin Javier Delgado Chala', NULL),
(5114, 'Oliver Patric Neuville', NULL),
(5115, 'Ivan Jaime Kaviedes Llorentty', NULL),
(5116, 'Ronald Gómez Gómez', NULL),
(5117, 'Bartosz Bosacki', NULL),
(5118, 'Carlos Alberto Gamarra Pavón', NULL),
(5119, 'Peter Crouch', NULL),
(5120, 'Fredrik Ljungberg', NULL),
(5121, 'Brent Sancho', NULL),
(5122, 'Nelson Rafael Cuevas Amarilla', NULL),
(5123, 'Joe Cole', NULL),
(5124, 'Marcus Allbäck', NULL),
(5125, 'Henrik Edward Larsson', NULL),
(5126, 'Hernán Jorge Crespo', NULL),
(5127, 'Javier Pedro Saviola Fernández', NULL),
(5128, 'Esteban Matías Cambiasso Delau', NULL),
(5129, 'Carlos Alberto Tévez', NULL),
(5130, 'Ruud van Nistelrooy', NULL),
(5131, 'Bakari Koné', NULL),
(5132, 'Nikola Žigić', NULL),
(5133, 'Saša Ilić', NULL),
(5134, 'Aruna Dindane', NULL),
(5135, 'Bonaventure Kalou', NULL),
(5136, 'Omar Bravo Tordecillas', NULL),
(5137, 'Yahya Golmohammadi', NULL),
(5138, 'Antônio Naelson Matías', NULL),
(5139, 'Pedro Miguel Carreiro Resendes', NULL),
(5140, 'Anderson Luís de Souza', NULL),
(5141, 'Flávio Da Silva Amado', NULL),
(5142, 'Sohrab Bakhtiarizadeh', NULL),
(5143, 'Nuno Ricardo de Oliveira Ribeiro', NULL),
(5144, 'José Francisco Fonseca Gúzman', NULL),
(5145, 'Jan Koller', NULL),
(5146, 'Cristian Zaccardo', NULL),
(5147, 'Marco Materazzi', NULL),
(5148, 'Filippo Inzaghi', NULL),
(5149, 'Haminu Dramani', NULL),
(5150, 'Stephen Leroy Appiah', NULL),
(5151, 'Shunsuke Nakamura', NULL),
(5152, 'John Aloisi', NULL),
(5153, 'Ricardo Izecson dos Santos Leite', NULL),
(5154, 'Adriano Leite Ribeiro', NULL),
(5155, 'Craig Andrew Moore', NULL),
(5156, 'Niko Kovač', NULL),
(5157, 'Harry Kewell', NULL),
(5158, 'Keiji Tamada', NULL),
(5159, 'Ronaldo Luíz Nazário de Lima', NULL),
(5160, 'Antônio Augusto Ribeiro Reis Junior', NULL),
(5161, 'Gilberto da Silva Melo', NULL),
(5162, 'Mohamed Abdel-Kader Coubadja-Touré', NULL),
(5163, 'Chun-Soo Lee', NULL),
(5164, 'Jung-Hwan Ahn', NULL),
(5165, 'Thierry Henry', NULL),
(5166, 'Alexander Frei', NULL),
(5167, 'Patrick Vieira', NULL),
(5168, 'Fernando José Torres Sanz', NULL),
(5169, 'Ziad Ben Mactouf Jaziri', NULL),
(5170, 'Yasser Saeed Al Qahtani', NULL),
(5171, 'Sami Abdullah Al Jaber', NULL),
(5172, 'Radhi Ben Abdelmajid Jaïdi', NULL),
(5173, 'Andrey Rusol', NULL),
(5174, 'Sergiy Rebrov', NULL),
(5175, 'Andriy Shevchenko', NULL),
(5176, 'Maksim Kalinichenko', NULL),
(5177, 'Jaouhar Mnari', NULL),
(5178, 'Raúl González Blanco', NULL),
(5179, 'Juan Gutiérrez Moreno', NULL),
(5180, 'Papa Bouba Diop', NULL),
(5181, 'Octavio Darío Rodríguez Peña', NULL),
(5182, 'Salif Alassane Diao', NULL),
(5183, 'Khalilou Fadiga', NULL),
(5184, 'Richard Javier Morales Aguirre', NULL),
(5185, 'Álvaro Alexander Recoba Rivero', NULL),
(5186, 'Roque Luis Santa Cruz Cantero', NULL),
(5187, 'Francisco Javier Arce Rolón', NULL),
(5188, 'Teboho Patrick Mokoena', NULL),
(5189, 'Quinton Fortune Kolobea', NULL),
(5190, 'Juan Carlos Valerón Santana', NULL),
(5191, 'Sebastjan Cimirotič', NULL),
(5192, 'Fernando Ruiz Hierro', NULL),
(5193, 'Carles Puyol i Saforcada', NULL),
(5194, 'Fernando Morientes Sánchez', NULL),
(5195, 'Siyabonga Eugene Nomvethe', NULL),
(5196, 'Benni McCarthy', NULL),
(5197, 'Gaizka Mendieta Zabala', NULL),
(5198, 'Lucas Radebe', NULL),
(5199, 'Milenko Acimovic', NULL),
(5200, 'Jorge Luis Campos Velázquez', NULL),
(5201, 'Hasan Gökhan Şaş', NULL),
(5202, 'Rivaldo Vítor Borba Ferreira', NULL),
(5203, 'Wilber Mauricio Wright Reynolds', NULL),
(5204, 'Roberto Carlos da Silva', NULL),
(5205, 'Ronaldo de Assis Moreira', NULL),
(5206, 'Emre Belözoğlu', NULL),
(5207, 'Winston Parks Tifet', NULL),
(5208, 'Bülent Korkmaz', NULL),
(5209, 'Ümit Aydin Davala', NULL),
(5210, 'José Edmílson Gomes de Moraes', NULL),
(5211, 'Jenilson Ângelo de Souza', NULL),
(5212, 'Sun-Hong Hwang', NULL),
(5213, 'Sang-Chul Yoo', NULL),
(5214, 'John O''Brien', NULL),
(5215, 'Jorge Paulo Costa Almeida', NULL),
(5216, 'Brian McBride', NULL),
(5217, 'Roberto Luis Gaspar de Deus Severo', NULL),
(5218, 'Jeff Agoos', NULL),
(5219, 'Clint Mathis', NULL),
(5220, 'Rui Manuel César Costa', NULL),
(5221, 'Emmanuel Olisadebe', NULL),
(5222, 'Pawel Kryszalowicz', NULL),
(5223, 'Marcin Żewłakow', NULL),
(5224, 'Henri Patrick M''Boma Dem', NULL),
(5225, 'Matt Holland', NULL),
(5226, 'Michael Ballack', NULL),
(5227, 'Carsten Jancker', NULL),
(5228, 'Thomas Linke', NULL),
(5229, 'Oliver Bierhoff', NULL),
(5230, 'Bernd Schneider', NULL),
(5231, 'Robbie Keane', NULL),
(5232, 'Marco Bode', NULL),
(5233, 'Gary Patrick Breen', NULL),
(5234, 'Damien Duff', NULL),
(5235, 'Gabriel Omar Batistuta', NULL),
(5236, 'Sulzeer Jeremiah ''Sol'' Campbell', NULL),
(5237, 'Jens Niclas Alexandersson', NULL),
(5238, 'Julius Aghahowa', NULL),
(5239, 'David Beckham', NULL),
(5240, 'Anders Svensson', NULL),
(5241, 'Christian Vieri', NULL),
(5242, 'Milan Rapaić', NULL),
(5243, 'Jared Francisco Borgetti Echavarria', NULL),
(5244, 'Gerardo Torrado Díez de Bonilla', NULL),
(5245, 'Alessandro Del Piero', NULL),
(5246, 'Marc Wilmots', NULL),
(5247, 'Takayuki Suzuki', NULL),
(5248, 'Junichi Inamoto', NULL),
(5249, 'Peter Van Der Heyden', NULL),
(5250, 'Egor Titov', NULL),
(5251, 'Valeriy Karpin', NULL),
(5252, 'Raouf Bouzaiene', NULL),
(5253, 'Johan Walem', NULL),
(5254, 'Vladimir Beschastnikh', NULL),
(5255, 'Wesley Sonck', NULL),
(5256, 'Dmitriy Sychev', NULL),
(5257, 'Hiroaki Morishima', NULL),
(5258, 'Hidetoshi Nakata', NULL),
(5259, 'Carlos Campos Cesar Sampaio', NULL),
(5260, 'John Collins', NULL),
(5261, 'Thomas Boyd', NULL),
(5262, 'Mustapha Hadji', NULL),
(5263, 'Youssef Chippo', NULL),
(5264, 'Abdeljalil Hadda', NULL),
(5265, 'Dan Eggen', NULL),
(5266, 'Havard Flo', NULL),
(5267, 'Craig William Burley', NULL),
(5268, 'Jose Roberto Gama de Oliveira', NULL),
(5269, 'Salaheddine Bassir', NULL),
(5270, 'Tore André Flo', NULL),
(5271, 'Kjetil Andre Rekdal', NULL),
(5272, 'José Marcelo Salas Melinao', NULL),
(5273, 'Roberto Baggio', NULL),
(5274, 'Pierre Beyaka Njanka', NULL),
(5275, 'Toni Polster', NULL),
(5276, 'Ivica Vastić', NULL),
(5277, 'Luigi Di Biagio', NULL),
(5278, 'Jose Luis Sierra', NULL),
(5279, 'Andreas Herzog', NULL),
(5280, 'Marc Rieper Jonsen', NULL),
(5281, 'Christophe Dugarry', NULL),
(5282, 'Pierre Sanitarib Issa', NULL),
(5283, 'Allan Gert Nielsen', NULL),
(5284, 'David Sergio Trézéguet', NULL),
(5285, 'Bixente Vincent Lizarazu', NULL),
(5286, 'Shaun Thurston Bartlett', NULL),
(5287, 'Youssef Nasser Ibrahim Al Tunayan', NULL),
(5288, 'Youri Djorkaeff', NULL),
(5289, 'Michael Laudrup', NULL),
(5290, 'Emmanuel Petit', NULL),
(5291, 'Mutiu Abidoun Adepoju', NULL),
(5292, 'Andoni Zubizarreta Urreta', NULL),
(5293, 'Sunday Ogorchukwu Oliseh', NULL),
(5294, 'Victor Ikpeba Nosa', NULL),
(5295, 'Celso Rafael Ayala Gavilán', NULL),
(5296, 'Wilson Oruma', NULL),
(5297, 'Miguel Angel Benitez Pavon', NULL),
(5298, 'José Saturnino Cardozo Otazú', NULL),
(5299, 'Luis Enrique Martínez García', NULL),
(5300, 'Emil Kostadinov', NULL),
(5301, 'Georgi Bachev', NULL),
(5302, 'Francisco Narvaez Machon', NULL),
(5303, 'Seok-Ju Ha', NULL),
(5304, 'Ricardo Linares Pelaez', NULL),
(5305, 'Luis Arturo Hernández Carreon', NULL),
(5306, 'Alberto García Aspe Mena', NULL),
(5307, 'Phillip Cocu', NULL),
(5308, 'Marc Overmars', NULL),
(5309, 'Dennis Bergkamp', NULL),
(5310, 'Pierre van Hooijdonk', NULL),
(5311, 'Ronald de Boer', NULL),
(5312, 'Claudio Luis Suárez Sánchez', NULL),
(5313, 'Luc Gilbert Nilis', NULL),
(5314, 'Siniša Mihajlović', NULL),
(5315, 'Andreas Möller', NULL),
(5316, 'Jürgen Klinsmann', NULL),
(5317, 'Predrag Mijatovic', NULL),
(5318, 'Dragan Stojković', NULL),
(5319, 'Hamid Reza Estili', NULL),
(5320, 'Mehdi Mahdavikia', NULL),
(5321, 'Slobodan Komljenovic', NULL),
(5322, 'Alan Shearer', NULL),
(5323, 'Paul Scholes', NULL),
(5324, 'Adrian Ilie Bucurel', NULL),
(5325, 'Léider Calimenio Preciado Guerrero', NULL),
(5326, 'Dinu Viorel Moldovan', NULL),
(5327, 'Michael Owen', NULL),
(5328, 'Dan Petrescu', NULL),
(5329, 'Darren Anderton', NULL),
(5330, 'Skandar Souayah', NULL),
(5331, 'Mario Stanić', NULL),
(5332, 'Robert Fitzgerald Earle', NULL),
(5333, 'Robert Prosinečki', NULL),
(5334, 'Davor Šuker', NULL),
(5335, 'Ariel Arnaldo Ortega', NULL),
(5336, 'Theodore Whitmore', NULL),
(5337, 'Masashi Nakayama', NULL),
(5338, 'Héctor Mauricio Pineda', NULL),
(5339, 'Georges Bregy', NULL),
(5340, 'Eric Wynalda', NULL),
(5341, 'Florin Valeriu Răducioiu', NULL),
(5342, 'Gheorghe Hagi', NULL),
(5343, 'Adolfo José Valencia Mosquera', NULL),
(5344, 'Alain Sutter', NULL),
(5345, 'Stéphane Chapuisat', NULL),
(5346, 'Adrian Knup', NULL),
(5347, 'Andres Escobar Saldarriaga', NULL),
(5348, 'Earnie Stewart', NULL),
(5349, 'Hermán Gaviria Carvajal', NULL),
(5350, 'John Harold Lozano', NULL),
(5351, 'Roger Ljung', NULL),
(5352, 'Jacques-David Embé', NULL),
(5353, 'François Omam-Biyik', NULL),
(5354, 'Martin Dahlin', NULL),
(5355, 'Romário de Souza Faria', NULL),
(5356, 'Raí Souza Vieira de Oliveira', NULL),
(5357, 'Roberto Márcio dos Santos', NULL),
(5358, 'Oleg Anatolyevich Salenko', NULL),
(5359, 'Tomas Brolin', NULL),
(5360, 'Albert Roger Mooh Milla', NULL),
(5361, 'Dmitri Leonidovich Radchenko', NULL),
(5362, 'Bernt Kennet Andersson', NULL),
(5363, 'Julio Salinas Fernández', NULL),
(5364, 'Jon Andoni Goikoetxea Lasa', NULL),
(5365, 'Myung-Bo Hong', NULL),
(5366, 'Jung-Won Seo', NULL),
(5367, 'Josep Guardiola i Sala', NULL),
(5368, 'José Luis Pérez Caminero', NULL),
(5369, 'Erwin Sánchez Freking', NULL),
(5370, 'Karl-Heinz Riedle', NULL),
(5371, 'Diego Armando Maradona Franco', NULL),
(5372, 'Rashidi Yekini', NULL),
(5373, 'Daniel Owefin Amokachi', NULL),
(5374, 'Emmanuel Amunike', NULL),
(5375, 'Samson Siasia', NULL),
(5376, 'Claudio Paul Caniggia', NULL),
(5377, 'Hristo Stoichkov', NULL),
(5378, 'Yordan Letchkov', NULL),
(5379, 'Daniel Borisov Borimirov', NULL),
(5380, 'Finidi George', NULL),
(5381, 'Nasko Sirakov', NULL),
(5382, 'Ray Houghton', NULL),
(5383, 'Dino Baggio', NULL),
(5384, 'Luis Alejandro García Postigo Dias', NULL),
(5385, 'John Aldridge', NULL),
(5386, 'Daniele Massaro', NULL),
(5387, 'Marcelino Perez Bernal', NULL),
(5388, 'Marc Degryse', NULL),
(5389, 'Fuad Amin', NULL),
(5390, 'Wim Jonk', NULL),
(5391, 'Gaston Taument', NULL),
(5392, 'Philippe Albert', NULL),
(5393, 'Mohammed Chaouch', NULL),
(5394, 'Said Al Owayran', NULL),
(5395, 'Hassan Nader', NULL),
(5396, 'Bryan Roy', NULL),
(5397, 'Salvatore Schillaci', NULL),
(5398, 'Tomas Skuhravy', NULL),
(5399, 'Michal Bilek', NULL),
(5400, 'Ivan Hašek', NULL),
(5401, 'Paul Caligiuri', NULL),
(5402, 'Milan Luhovy', NULL),
(5403, 'Giuseppe Giannini', NULL),
(5404, 'Andreas Ogris', NULL),
(5405, 'Gerhard Rodax', NULL),
(5406, 'Bruce Murray', NULL),
(5407, 'Marius Mihai Lăcătuș', NULL),
(5408, 'Gavril Pelé Balint', NULL),
(5409, 'Pedro Antonio Troglio', NULL),
(5410, 'Jorge Luis Burruchaga', NULL),
(5411, 'Pedro Damián Monzón', NULL),
(5412, 'Oleg Valeriyevich Protasov', NULL),
(5413, 'Andrey Vikentyevich Zygmantovich', NULL),
(5414, 'Olexandr Zavarov', NULL),
(5415, 'Igor Dobrovolskiy', NULL),
(5416, 'Antônio de Oliveira Filho', NULL),
(5417, 'Juan Cayasso', NULL),
(5418, 'Luís Antônio Corrêa da Costa', NULL),
(5419, 'Stuart McCall', NULL),
(5420, 'Maurice Thomas Johnston', NULL),
(5421, 'Glenn Peter Strömberg', NULL),
(5422, 'Johnny Ekstrom', NULL),
(5423, 'Roger Flores', NULL),
(5424, 'Hernán Evaristo Medford Bryan', NULL),
(5425, 'Bernardo Redín Valverde', NULL),
(5426, 'Carlos Alberto Valderrama Palacio', NULL),
(5427, 'Lothar Matthäus', NULL),
(5428, 'Davor Jozić', NULL),
(5429, 'Rudi Völler', NULL),
(5430, 'Khalid Ismaïl Mubarak', NULL),
(5431, 'Uwe Bein', NULL),
(5432, 'Safet Sušić', NULL),
(5433, 'Darko Pancev', NULL),
(5434, 'Ali Thani Juma''a Al-Ehawi', NULL),
(5435, 'Pierre Littbarski', NULL),
(5436, 'Freddy Eusébio Rincón Valencia', NULL),
(5437, 'Michel De Wolf', NULL),
(5438, 'Leo Clijsters', NULL),
(5439, 'Enzo Scifo', NULL),
(5440, 'Jan Ceulemans', NULL),
(5441, 'Pablo Javier Bengoechea Dutra', NULL),
(5442, 'José Miguel González Martín del Campo', NULL),
(5443, 'Hwang-Bo Kwan', NULL),
(5444, 'Patrick Vervoort', NULL),
(5445, 'Alberto Górriz Echarte', NULL),
(5446, 'Daniel Fonseca Caris', NULL),
(5447, 'Gary Lineker', NULL),
(5448, 'Kevin Sheedy', NULL),
(5449, 'Wim Kieft', NULL),
(5450, 'Magdy Abdelghany Sayed Ahmed', NULL),
(5451, 'Ruud Gullit', NULL),
(5452, 'Niall Quinn', NULL),
(5453, 'Mark Wright', NULL),
(5454, 'Alessandro Altobelli', NULL),
(5455, 'Jorge Alberto Francisco Valdano Castellano', NULL),
(5456, 'Óscar Alfredo Ruggeri Zocola', NULL),
(5457, 'Chang-Sun Park', NULL),
(5458, 'Plamen Tsvetanov Getov', NULL),
(5459, 'Jong-Boo Kim', NULL),
(5460, 'Soon-Ho Choi', NULL),
(5461, 'Kwang-Rae Cho', NULL),
(5462, 'Jung-Moo Huh', NULL),
(5463, 'Fernando Quirarte Gutíerrez', NULL),
(5464, 'Hugo Sánchez Márquez', NULL),
(5465, 'Erwin Vandenbergh', NULL),
(5466, 'Julio César Romero Insfrán', NULL),
(5467, 'Luis Enrique Flores Ocaranza', NULL),
(5468, 'Nico Claesen', NULL),
(5469, 'Ahmed Radhi Amaiesh Al Salihi', NULL),
(5470, 'Franky Vercauteren', NULL),
(5471, 'Roberto Cabañas Gonzalez', NULL),
(5472, 'Daniel Veyt', NULL),
(5473, 'Jean-Pierre Papin', NULL),
(5474, 'Pavel Aleksandrovich Yakovenko', NULL),
(5475, 'Sergey Evgenyevich Aleinikov', NULL),
(5476, 'Igor Ivanovich Belanov', NULL),
(5477, 'Ivan Ivanovich Yaremchuk', NULL),
(5478, 'Laszlo Dajka Koleszar', NULL),
(5479, 'Sergey Yurevich Rodionov', NULL),
(5480, 'Vasiliy Karlovich Rats', NULL),
(5481, 'Luis Fernandez', NULL),
(5482, 'Marton Esterhazy', NULL),
(5483, 'Lajos Detari', NULL),
(5484, 'Oleg Blokhin', NULL),
(5485, 'Yannick Stopyra', NULL),
(5486, 'Jean Amadou Tigana', NULL),
(5487, 'Dominique Rocheteau', NULL),
(5488, 'Sócrates Brasileiro Sampaio de Souza Vieira de Oliveira', NULL),
(5489, 'Norman Whiteside', NULL),
(5490, 'Djamel Zidane', NULL),
(5491, 'Emilio Butragueño Santos', NULL),
(5492, 'Colin Clarke', NULL),
(5493, 'Josimar Higinio Pereira', NULL),
(5494, 'Ramón María Calderé del Rey', NULL),
(5495, 'Eloy José Olaya Prendes', NULL),
(5496, 'Antonio Alzamendi Casas', NULL),
(5497, 'Klaus Allofs', NULL),
(5498, 'Preben Elkjær Larsen', NULL),
(5499, 'Gordon Strachan', NULL),
(5500, 'Sören Lerby', NULL),
(5501, 'Enzo Francescoli Uriarte', NULL),
(5502, 'Jesper Olsen', NULL),
(5503, 'John Eriksen', NULL),
(5504, 'Carlos Manuel Correia dos Santos', NULL),
(5505, 'Włodzimierz Smolarek', NULL),
(5506, 'Abderrazak Khairi', NULL),
(5507, 'Abdelkrim Merry', NULL),
(5508, 'Manuel Fernandes Miranda Diamantino', NULL);

--
-- Dumping data for table `playerPerTeam`
--

INSERT INTO `playerPerTeam` (`player_id`, `team_id`, `position`) VALUES
(1, 1, 'goalkeeper'),
(2, 1, 'goalkeeper'),
(3, 1, 'goalkeeper'),
(4, 1, 'defender'),
(5, 1, 'defender'),
(6, 1, 'defender'),
(7, 1, 'defender'),
(8, 1, 'defender'),
(9, 1, 'midfielder'),
(10, 1, 'midfielder'),
(11, 1, 'midfielder'),
(12, 1, 'midfielder'),
(13, 1, 'midfielder'),
(14, 1, 'midfielder'),
(15, 1, 'midfielder'),
(16, 1, 'midfielder'),
(17, 1, 'midfielder'),
(18, 1, 'midfielder'),
(19, 1, 'midfielder'),
(20, 1, 'attacker'),
(21, 1, 'attacker'),
(22, 1, 'attacker'),
(23, 2, 'goalkeeper'),
(24, 2, 'goalkeeper'),
(25, 2, 'defender'),
(26, 2, 'defender'),
(27, 2, 'defender'),
(28, 2, 'defender'),
(29, 2, 'defender'),
(30, 2, 'defender'),
(31, 2, 'defender'),
(32, 2, 'midfielder'),
(33, 2, 'midfielder'),
(34, 2, 'midfielder'),
(35, 2, 'midfielder'),
(36, 2, 'midfielder'),
(37, 2, 'midfielder'),
(38, 2, 'midfielder'),
(39, 2, 'midfielder'),
(40, 2, 'attacker'),
(41, 2, 'attacker'),
(42, 2, 'attacker'),
(43, 2, 'attacker'),
(44, 3, 'goalkeeper'),
(45, 3, 'goalkeeper'),
(46, 3, 'goalkeeper'),
(47, 3, 'defender'),
(48, 3, 'defender'),
(49, 3, 'defender'),
(50, 3, 'defender'),
(51, 3, 'defender'),
(52, 3, 'defender'),
(53, 3, 'defender'),
(54, 3, 'midfielder'),
(55, 3, 'midfielder'),
(56, 3, 'midfielder'),
(57, 3, 'midfielder'),
(58, 3, 'midfielder'),
(59, 3, 'midfielder'),
(60, 3, 'midfielder'),
(61, 3, 'attacker'),
(62, 3, 'attacker'),
(63, 3, 'attacker'),
(64, 3, 'attacker'),
(65, 4, 'goalkeeper'),
(66, 4, 'goalkeeper'),
(67, 4, 'goalkeeper'),
(68, 4, 'defender'),
(69, 4, 'defender'),
(70, 4, 'defender'),
(71, 4, 'defender'),
(72, 4, 'defender'),
(73, 4, 'defender'),
(74, 4, 'defender'),
(75, 4, 'midfielder'),
(76, 4, 'midfielder'),
(77, 4, 'midfielder'),
(78, 4, 'midfielder'),
(79, 4, 'midfielder'),
(80, 4, 'midfielder'),
(81, 4, 'midfielder'),
(82, 4, 'midfielder'),
(83, 4, 'midfielder'),
(84, 4, 'midfielder'),
(85, 4, 'attacker'),
(86, 4, 'attacker'),
(87, 4, 'attacker'),
(88, 4, 'attacker'),
(89, 4, 'attacker'),
(90, 4, 'attacker'),
(91, 5, 'goalkeeper'),
(92, 5, 'goalkeeper'),
(93, 5, 'defender'),
(94, 5, 'defender'),
(95, 5, 'defender'),
(96, 5, 'defender'),
(97, 5, 'defender'),
(98, 5, 'defender'),
(99, 5, 'midfielder'),
(100, 5, 'midfielder'),
(101, 5, 'midfielder'),
(102, 5, 'midfielder'),
(103, 5, 'midfielder'),
(104, 5, 'midfielder'),
(105, 5, 'midfielder'),
(106, 5, 'midfielder'),
(107, 5, 'attacker'),
(108, 5, 'attacker'),
(109, 5, 'attacker'),
(110, 6, 'goalkeeper'),
(111, 6, 'goalkeeper'),
(112, 6, 'goalkeeper'),
(113, 6, 'defender'),
(114, 6, 'defender'),
(115, 6, 'defender'),
(116, 6, 'defender'),
(117, 6, 'defender'),
(118, 6, 'defender'),
(119, 6, 'defender'),
(120, 6, 'defender'),
(121, 6, 'defender'),
(122, 6, 'midfielder'),
(123, 6, 'midfielder'),
(124, 6, 'midfielder'),
(125, 6, 'midfielder'),
(126, 6, 'midfielder'),
(127, 6, 'midfielder'),
(128, 6, 'midfielder'),
(129, 6, 'midfielder'),
(130, 6, 'midfielder'),
(131, 6, 'attacker'),
(132, 6, 'attacker'),
(133, 6, 'attacker'),
(134, 6, 'attacker'),
(135, 6, 'attacker'),
(136, 7, 'goalkeeper'),
(137, 7, 'goalkeeper'),
(138, 7, 'defender'),
(139, 7, 'defender'),
(140, 7, 'defender'),
(141, 7, 'defender'),
(142, 7, 'defender'),
(143, 7, 'defender'),
(144, 7, 'midfielder'),
(145, 7, 'midfielder'),
(146, 7, 'midfielder'),
(147, 7, 'midfielder'),
(148, 7, 'midfielder'),
(149, 7, 'midfielder'),
(150, 7, 'midfielder'),
(151, 7, 'attacker'),
(152, 7, 'attacker'),
(153, 7, 'attacker'),
(154, 7, 'attacker'),
(155, 8, 'goalkeeper'),
(156, 8, 'goalkeeper'),
(157, 8, 'defender'),
(158, 8, 'defender'),
(159, 8, 'defender'),
(160, 8, 'defender'),
(161, 8, 'defender'),
(162, 8, 'defender'),
(163, 8, 'midfielder'),
(164, 8, 'midfielder'),
(165, 8, 'midfielder'),
(166, 8, 'midfielder'),
(167, 8, 'midfielder'),
(168, 8, 'midfielder'),
(169, 8, 'midfielder'),
(170, 8, 'midfielder'),
(171, 8, 'midfielder'),
(172, 8, 'attacker'),
(173, 8, 'attacker'),
(174, 8, 'attacker'),
(175, 8, 'attacker'),
(176, 9, 'goalkeeper'),
(177, 9, 'goalkeeper'),
(178, 9, 'goalkeeper'),
(179, 9, 'defender'),
(180, 9, 'defender'),
(181, 9, 'defender'),
(182, 9, 'defender'),
(183, 9, 'defender'),
(184, 9, 'defender'),
(185, 9, 'defender'),
(186, 9, 'defender'),
(187, 9, 'midfielder'),
(188, 9, 'midfielder'),
(189, 9, 'midfielder'),
(190, 9, 'midfielder'),
(191, 9, 'midfielder'),
(192, 9, 'midfielder'),
(193, 9, 'midfielder'),
(194, 9, 'midfielder'),
(195, 9, 'midfielder'),
(196, 9, 'midfielder'),
(197, 9, 'attacker'),
(198, 9, 'attacker'),
(199, 9, 'attacker'),
(200, 9, 'attacker'),
(201, 9, 'attacker'),
(202, 10, 'goalkeeper'),
(203, 10, 'goalkeeper'),
(204, 10, 'defender'),
(205, 10, 'defender'),
(206, 10, 'defender'),
(207, 10, 'defender'),
(208, 10, 'defender'),
(209, 10, 'defender'),
(210, 10, 'defender'),
(211, 10, 'midfielder'),
(212, 10, 'midfielder'),
(213, 10, 'midfielder'),
(214, 10, 'midfielder'),
(215, 10, 'midfielder'),
(216, 10, 'midfielder'),
(217, 10, 'midfielder'),
(218, 10, 'attacker'),
(219, 10, 'attacker'),
(220, 10, 'attacker'),
(221, 10, 'attacker'),
(222, 11, 'goalkeeper'),
(223, 11, 'goalkeeper'),
(224, 11, 'goalkeeper'),
(225, 11, 'goalkeeper'),
(226, 11, 'defender'),
(227, 11, 'defender'),
(228, 11, 'defender'),
(229, 11, 'defender'),
(230, 11, 'defender'),
(231, 11, 'defender'),
(232, 11, 'defender'),
(233, 11, 'defender'),
(234, 11, 'midfielder'),
(235, 11, 'midfielder'),
(236, 11, 'midfielder'),
(237, 11, 'midfielder'),
(238, 11, 'midfielder'),
(239, 11, 'midfielder'),
(240, 11, 'midfielder'),
(241, 11, 'midfielder'),
(242, 11, 'midfielder'),
(243, 11, 'midfielder'),
(244, 11, 'midfielder'),
(245, 11, 'attacker'),
(246, 11, 'attacker'),
(247, 11, 'attacker'),
(248, 11, 'attacker'),
(249, 11, 'attacker'),
(250, 11, 'attacker'),
(251, 11, 'attacker'),
(252, 12, 'goalkeeper'),
(253, 12, 'goalkeeper'),
(254, 12, 'goalkeeper'),
(255, 12, 'defender'),
(256, 12, 'defender'),
(257, 12, 'defender'),
(258, 12, 'defender'),
(259, 12, 'defender'),
(260, 12, 'defender'),
(261, 12, 'defender'),
(262, 12, 'defender'),
(263, 12, 'midfielder'),
(264, 12, 'midfielder'),
(265, 12, 'midfielder'),
(266, 12, 'midfielder'),
(267, 12, 'midfielder'),
(268, 12, 'midfielder'),
(269, 12, 'midfielder'),
(270, 12, 'midfielder'),
(271, 12, 'midfielder'),
(272, 12, 'attacker'),
(273, 12, 'attacker'),
(274, 12, 'attacker'),
(275, 12, 'attacker'),
(276, 13, 'goalkeeper'),
(277, 13, 'goalkeeper'),
(278, 13, 'goalkeeper'),
(279, 13, 'defender'),
(280, 13, 'defender'),
(281, 13, 'defender'),
(282, 13, 'defender'),
(283, 13, 'defender'),
(284, 13, 'defender'),
(285, 13, 'midfielder'),
(286, 13, 'midfielder'),
(287, 13, 'midfielder'),
(288, 13, 'midfielder'),
(289, 13, 'midfielder'),
(290, 13, 'midfielder'),
(291, 13, 'midfielder'),
(292, 13, 'attacker'),
(293, 13, 'attacker'),
(294, 13, 'attacker'),
(295, 13, 'attacker'),
(296, 14, 'goalkeeper'),
(297, 14, 'goalkeeper'),
(298, 14, 'goalkeeper'),
(299, 14, 'goalkeeper'),
(300, 14, 'defender'),
(301, 14, 'defender'),
(302, 14, 'defender'),
(303, 14, 'defender'),
(304, 14, 'defender'),
(305, 14, 'midfielder'),
(306, 14, 'midfielder'),
(307, 14, 'midfielder'),
(308, 14, 'midfielder'),
(309, 14, 'midfielder'),
(310, 14, 'midfielder'),
(311, 14, 'midfielder'),
(312, 14, 'midfielder'),
(313, 14, 'midfielder'),
(314, 14, 'midfielder'),
(315, 14, 'midfielder'),
(316, 14, 'midfielder'),
(317, 14, 'midfielder'),
(318, 14, 'attacker'),
(319, 14, 'attacker'),
(320, 14, 'attacker'),
(321, 15, 'goalkeeper'),
(322, 15, 'goalkeeper'),
(323, 15, 'defender'),
(324, 15, 'defender'),
(325, 15, 'defender'),
(326, 15, 'defender'),
(327, 15, 'defender'),
(328, 15, 'defender'),
(329, 15, 'defender'),
(330, 15, 'midfielder'),
(331, 15, 'midfielder'),
(332, 15, 'midfielder'),
(333, 15, 'midfielder'),
(334, 15, 'midfielder'),
(335, 15, 'midfielder'),
(336, 15, 'midfielder'),
(337, 15, 'midfielder'),
(338, 15, 'attacker'),
(339, 15, 'attacker'),
(340, 15, 'attacker'),
(341, 15, 'attacker'),
(342, 15, 'attacker'),
(343, 16, 'goalkeeper'),
(344, 16, 'goalkeeper'),
(345, 16, 'goalkeeper'),
(346, 16, 'defender'),
(347, 16, 'defender'),
(348, 16, 'defender'),
(349, 16, 'defender'),
(350, 16, 'defender'),
(351, 16, 'defender'),
(352, 16, 'defender'),
(353, 16, 'defender'),
(354, 16, 'midfielder'),
(355, 16, 'midfielder'),
(356, 16, 'midfielder'),
(357, 16, 'midfielder'),
(358, 16, 'midfielder'),
(359, 16, 'midfielder'),
(360, 16, 'midfielder'),
(361, 16, 'midfielder'),
(362, 16, 'attacker'),
(363, 16, 'attacker'),
(364, 16, 'attacker'),
(365, 16, 'attacker'),
(366, 16, 'attacker'),
(367, 17, 'goalkeeper'),
(368, 17, 'goalkeeper'),
(369, 17, 'goalkeeper'),
(370, 17, 'defender'),
(371, 17, 'defender'),
(372, 17, 'defender'),
(373, 17, 'defender'),
(374, 17, 'defender'),
(375, 17, 'defender'),
(376, 17, 'midfielder'),
(377, 17, 'midfielder'),
(378, 17, 'midfielder'),
(379, 17, 'midfielder'),
(380, 17, 'midfielder'),
(381, 17, 'midfielder'),
(382, 17, 'midfielder'),
(383, 17, 'midfielder'),
(384, 17, 'midfielder'),
(385, 17, 'midfielder'),
(386, 17, 'midfielder'),
(387, 17, 'midfielder'),
(388, 17, 'midfielder'),
(389, 17, 'attacker'),
(390, 17, 'attacker'),
(391, 17, 'attacker'),
(392, 17, 'attacker'),
(393, 18, 'goalkeeper'),
(394, 18, 'goalkeeper'),
(395, 18, 'goalkeeper'),
(396, 18, 'defender'),
(397, 18, 'defender'),
(398, 18, 'defender'),
(399, 18, 'defender'),
(400, 18, 'defender'),
(401, 18, 'defender'),
(402, 18, 'defender'),
(403, 18, 'defender'),
(404, 18, 'midfielder'),
(405, 18, 'midfielder'),
(406, 18, 'midfielder'),
(407, 18, 'midfielder'),
(408, 18, 'midfielder'),
(409, 18, 'midfielder'),
(410, 18, 'midfielder'),
(411, 18, 'midfielder'),
(412, 18, 'midfielder'),
(413, 18, 'midfielder'),
(414, 18, 'midfielder'),
(415, 18, 'attacker'),
(416, 18, 'attacker'),
(417, 18, 'attacker'),
(418, 19, 'goalkeeper'),
(419, 19, 'goalkeeper'),
(420, 19, 'defender'),
(421, 19, 'defender'),
(422, 19, 'defender'),
(423, 19, 'defender'),
(424, 19, 'defender'),
(425, 19, 'defender'),
(426, 19, 'defender'),
(427, 19, 'midfielder'),
(428, 19, 'midfielder'),
(429, 19, 'midfielder'),
(430, 19, 'midfielder'),
(431, 19, 'midfielder'),
(432, 19, 'attacker'),
(433, 19, 'attacker'),
(434, 19, 'attacker'),
(435, 19, 'attacker'),
(436, 20, 'goalkeeper'),
(437, 20, 'goalkeeper'),
(438, 20, 'defender'),
(439, 20, 'defender'),
(440, 20, 'defender'),
(441, 20, 'defender'),
(442, 20, 'defender'),
(443, 20, 'defender'),
(444, 20, 'defender'),
(445, 20, 'midfielder'),
(446, 20, 'midfielder'),
(447, 20, 'midfielder'),
(448, 20, 'midfielder'),
(449, 20, 'midfielder'),
(450, 20, 'midfielder'),
(451, 20, 'midfielder'),
(452, 20, 'midfielder'),
(453, 20, 'attacker'),
(454, 20, 'attacker'),
(455, 20, 'attacker'),
(456, 20, 'attacker'),
(457, 20, 'attacker'),
(458, 21, 'goalkeeper'),
(459, 21, 'goalkeeper'),
(460, 21, 'goalkeeper'),
(461, 21, 'defender'),
(462, 21, 'defender'),
(463, 21, 'defender'),
(464, 21, 'defender'),
(465, 21, 'defender'),
(466, 21, 'defender'),
(467, 21, 'defender'),
(468, 21, 'midfielder'),
(469, 21, 'midfielder'),
(470, 21, 'midfielder'),
(471, 21, 'midfielder'),
(472, 21, 'midfielder'),
(473, 21, 'midfielder'),
(474, 21, 'midfielder'),
(475, 21, 'midfielder'),
(476, 21, 'attacker'),
(477, 21, 'attacker'),
(478, 21, 'attacker'),
(479, 21, 'attacker'),
(480, 21, 'attacker'),
(481, 21, 'attacker'),
(482, 21, 'attacker'),
(483, 22, 'goalkeeper'),
(484, 22, 'goalkeeper'),
(485, 22, 'goalkeeper'),
(486, 22, 'defender'),
(487, 22, 'defender'),
(488, 22, 'defender'),
(489, 22, 'defender'),
(490, 22, 'defender'),
(491, 22, 'defender'),
(492, 22, 'defender'),
(493, 22, 'defender'),
(494, 22, 'defender'),
(495, 22, 'midfielder'),
(496, 22, 'midfielder'),
(497, 22, 'midfielder'),
(498, 22, 'midfielder'),
(499, 22, 'midfielder'),
(500, 22, 'midfielder'),
(501, 22, 'midfielder'),
(502, 22, 'midfielder'),
(503, 22, 'midfielder'),
(504, 22, 'attacker'),
(505, 22, 'attacker'),
(506, 22, 'attacker'),
(507, 22, 'attacker'),
(508, 23, 'goalkeeper'),
(509, 23, 'goalkeeper'),
(510, 23, 'goalkeeper'),
(511, 23, 'defender'),
(512, 23, 'defender'),
(513, 23, 'defender'),
(514, 23, 'defender'),
(515, 23, 'defender'),
(516, 23, 'defender'),
(517, 23, 'midfielder'),
(518, 23, 'midfielder'),
(519, 23, 'midfielder'),
(520, 23, 'midfielder'),
(521, 23, 'midfielder'),
(522, 23, 'midfielder'),
(523, 23, 'midfielder'),
(524, 23, 'midfielder'),
(525, 23, 'midfielder'),
(526, 23, 'midfielder'),
(527, 23, 'midfielder'),
(528, 23, 'midfielder'),
(529, 23, 'attacker'),
(530, 23, 'attacker'),
(531, 23, 'attacker'),
(532, 23, 'attacker'),
(533, 24, 'goalkeeper'),
(534, 24, 'goalkeeper'),
(535, 24, 'goalkeeper'),
(536, 24, 'defender'),
(537, 24, 'defender'),
(538, 24, 'defender'),
(539, 24, 'defender'),
(540, 24, 'defender'),
(541, 24, 'midfielder'),
(542, 24, 'midfielder'),
(543, 24, 'midfielder'),
(544, 24, 'midfielder'),
(545, 24, 'midfielder'),
(546, 24, 'midfielder'),
(547, 24, 'midfielder'),
(548, 24, 'midfielder'),
(549, 24, 'midfielder'),
(550, 24, 'midfielder'),
(551, 24, 'midfielder'),
(552, 24, 'attacker'),
(553, 24, 'attacker'),
(554, 24, 'attacker'),
(555, 25, 'goalkeeper'),
(556, 25, 'goalkeeper'),
(557, 25, 'goalkeeper'),
(558, 25, 'defender'),
(559, 25, 'defender'),
(560, 25, 'defender'),
(561, 25, 'defender'),
(562, 25, 'defender'),
(563, 25, 'defender'),
(564, 25, 'defender'),
(565, 25, 'defender'),
(566, 25, 'midfielder'),
(567, 25, 'midfielder'),
(568, 25, 'midfielder'),
(569, 25, 'midfielder'),
(570, 25, 'midfielder'),
(571, 25, 'midfielder'),
(572, 25, 'midfielder'),
(573, 25, 'midfielder'),
(574, 25, 'midfielder'),
(575, 25, 'midfielder'),
(576, 25, 'attacker'),
(577, 25, 'attacker'),
(578, 26, 'goalkeeper'),
(579, 26, 'goalkeeper'),
(580, 26, 'goalkeeper'),
(581, 26, 'defender'),
(582, 26, 'defender'),
(583, 26, 'defender'),
(584, 26, 'defender'),
(585, 26, 'defender'),
(586, 26, 'defender'),
(587, 26, 'defender'),
(588, 26, 'midfielder'),
(589, 26, 'midfielder'),
(590, 26, 'midfielder'),
(591, 26, 'midfielder'),
(592, 26, 'midfielder'),
(593, 26, 'midfielder'),
(594, 26, 'midfielder'),
(595, 26, 'midfielder'),
(596, 26, 'midfielder'),
(597, 26, 'attacker'),
(598, 26, 'attacker'),
(599, 26, 'attacker'),
(600, 26, 'attacker'),
(601, 27, 'goalkeeper'),
(602, 27, 'goalkeeper'),
(603, 27, 'goalkeeper'),
(604, 27, 'goalkeeper'),
(605, 27, 'defender'),
(606, 27, 'defender'),
(607, 27, 'defender'),
(608, 27, 'defender'),
(609, 27, 'defender'),
(610, 27, 'defender'),
(611, 27, 'defender'),
(612, 27, 'defender'),
(613, 27, 'midfielder'),
(614, 27, 'midfielder'),
(615, 27, 'midfielder'),
(616, 27, 'midfielder'),
(617, 27, 'midfielder'),
(618, 27, 'midfielder'),
(619, 27, 'midfielder'),
(620, 27, 'midfielder'),
(621, 27, 'midfielder'),
(622, 27, 'midfielder'),
(623, 27, 'midfielder'),
(624, 27, 'midfielder'),
(625, 27, 'attacker'),
(626, 27, 'attacker'),
(627, 27, 'attacker'),
(628, 27, 'attacker'),
(629, 28, 'goalkeeper'),
(630, 28, 'goalkeeper'),
(631, 28, 'goalkeeper'),
(632, 28, 'defender'),
(633, 28, 'defender'),
(634, 28, 'defender'),
(635, 28, 'defender'),
(636, 28, 'defender'),
(637, 28, 'defender'),
(638, 28, 'defender'),
(639, 28, 'midfielder'),
(640, 28, 'midfielder'),
(641, 28, 'midfielder'),
(642, 28, 'midfielder'),
(643, 28, 'midfielder'),
(644, 28, 'midfielder'),
(645, 28, 'attacker'),
(646, 28, 'attacker'),
(647, 28, 'attacker'),
(648, 28, 'attacker'),
(649, 28, 'attacker'),
(650, 29, 'goalkeeper'),
(651, 29, 'goalkeeper'),
(652, 29, 'goalkeeper'),
(653, 29, 'defender'),
(654, 29, 'defender'),
(655, 29, 'defender'),
(656, 29, 'defender'),
(657, 29, 'defender'),
(658, 29, 'defender'),
(659, 29, 'defender'),
(660, 29, 'midfielder'),
(661, 29, 'midfielder'),
(662, 29, 'midfielder'),
(663, 29, 'midfielder'),
(664, 29, 'midfielder'),
(665, 29, 'midfielder'),
(666, 29, 'midfielder'),
(667, 29, 'midfielder'),
(668, 29, 'attacker'),
(669, 29, 'attacker'),
(670, 29, 'attacker'),
(671, 30, 'goalkeeper'),
(672, 30, 'goalkeeper'),
(673, 30, 'defender'),
(674, 30, 'defender'),
(675, 30, 'defender'),
(676, 30, 'defender'),
(677, 30, 'defender'),
(678, 30, 'defender'),
(679, 30, 'midfielder'),
(680, 30, 'midfielder'),
(681, 30, 'midfielder'),
(682, 30, 'midfielder'),
(683, 30, 'midfielder'),
(684, 30, 'midfielder'),
(685, 30, 'attacker'),
(686, 30, 'attacker'),
(687, 30, 'attacker'),
(688, 30, 'attacker'),
(689, 30, 'attacker'),
(690, 30, 'attacker'),
(691, 31, 'goalkeeper'),
(692, 31, 'goalkeeper'),
(693, 31, 'goalkeeper'),
(694, 31, 'defender'),
(695, 31, 'defender'),
(696, 31, 'defender'),
(697, 31, 'defender'),
(698, 31, 'defender'),
(699, 31, 'defender'),
(700, 31, 'defender'),
(701, 31, 'midfielder'),
(702, 31, 'midfielder'),
(703, 31, 'midfielder'),
(704, 31, 'midfielder'),
(705, 31, 'midfielder'),
(706, 31, 'midfielder'),
(707, 31, 'midfielder'),
(708, 31, 'midfielder'),
(709, 31, 'midfielder'),
(710, 31, 'attacker'),
(711, 31, 'attacker'),
(712, 31, 'attacker'),
(713, 31, 'attacker'),
(714, 32, 'goalkeeper'),
(715, 32, 'goalkeeper'),
(716, 32, 'goalkeeper'),
(717, 32, 'defender'),
(718, 32, 'defender'),
(719, 32, 'defender'),
(720, 32, 'defender'),
(721, 32, 'defender'),
(722, 32, 'defender'),
(723, 32, 'midfielder'),
(724, 32, 'midfielder'),
(725, 32, 'midfielder'),
(726, 32, 'midfielder'),
(727, 32, 'midfielder'),
(728, 32, 'midfielder'),
(729, 32, 'midfielder'),
(730, 32, 'midfielder'),
(731, 32, 'midfielder'),
(732, 32, 'attacker'),
(733, 32, 'attacker'),
(734, 32, 'attacker'),
(735, 32, 'attacker'),
(736, 32, 'attacker'),
(737, 33, 'goalkeeper'),
(738, 33, 'goalkeeper'),
(739, 33, 'goalkeeper'),
(740, 33, 'defender'),
(741, 33, 'defender'),
(742, 33, 'defender'),
(743, 33, 'defender'),
(744, 33, 'defender'),
(745, 33, 'midfielder'),
(746, 33, 'midfielder'),
(747, 33, 'midfielder'),
(748, 33, 'midfielder'),
(749, 33, 'midfielder'),
(750, 33, 'midfielder'),
(751, 33, 'midfielder'),
(752, 33, 'midfielder'),
(753, 33, 'midfielder'),
(754, 33, 'midfielder'),
(755, 33, 'midfielder'),
(756, 33, 'midfielder'),
(757, 33, 'midfielder'),
(758, 33, 'attacker'),
(759, 33, 'attacker'),
(760, 33, 'attacker'),
(761, 34, 'goalkeeper'),
(762, 34, 'goalkeeper'),
(763, 34, 'defender'),
(764, 34, 'defender'),
(765, 34, 'defender'),
(766, 34, 'defender'),
(767, 34, 'defender'),
(768, 34, 'defender'),
(769, 34, 'defender'),
(770, 34, 'defender'),
(771, 34, 'defender'),
(772, 34, 'midfielder'),
(773, 34, 'midfielder'),
(774, 34, 'midfielder'),
(775, 34, 'midfielder'),
(776, 34, 'midfielder'),
(777, 34, 'midfielder'),
(778, 34, 'attacker'),
(779, 34, 'attacker'),
(780, 34, 'attacker'),
(781, 34, 'attacker'),
(782, 34, 'attacker'),
(783, 34, 'attacker'),
(784, 35, 'goalkeeper'),
(785, 35, 'goalkeeper'),
(786, 35, 'goalkeeper'),
(787, 35, 'defender'),
(788, 35, 'defender'),
(789, 35, 'defender'),
(790, 35, 'defender'),
(791, 35, 'defender'),
(792, 35, 'defender'),
(793, 35, 'defender'),
(794, 35, 'defender'),
(795, 35, 'defender'),
(796, 35, 'defender'),
(797, 35, 'midfielder'),
(798, 35, 'midfielder'),
(799, 35, 'midfielder'),
(800, 35, 'midfielder'),
(801, 35, 'midfielder'),
(802, 35, 'midfielder'),
(803, 35, 'midfielder'),
(804, 35, 'midfielder'),
(805, 35, 'attacker'),
(806, 35, 'attacker'),
(807, 35, 'attacker'),
(808, 35, 'attacker'),
(809, 35, 'attacker'),
(810, 35, 'attacker'),
(811, 36, 'goalkeeper'),
(812, 36, 'goalkeeper'),
(813, 36, 'defender'),
(814, 36, 'defender'),
(815, 36, 'defender'),
(816, 36, 'defender'),
(817, 36, 'defender'),
(818, 36, 'defender'),
(819, 36, 'midfielder'),
(820, 36, 'midfielder'),
(821, 36, 'midfielder'),
(822, 36, 'midfielder'),
(823, 36, 'midfielder'),
(824, 36, 'midfielder'),
(825, 36, 'midfielder'),
(826, 36, 'midfielder'),
(827, 36, 'midfielder'),
(828, 36, 'attacker'),
(829, 36, 'attacker'),
(830, 37, 'goalkeeper'),
(831, 37, 'goalkeeper'),
(832, 37, 'goalkeeper'),
(833, 37, 'goalkeeper'),
(834, 37, 'goalkeeper'),
(836, 38, 'goalkeeper'),
(837, 38, 'goalkeeper'),
(838, 38, 'defender'),
(839, 38, 'defender'),
(840, 38, 'defender'),
(841, 38, 'defender'),
(842, 38, 'defender'),
(843, 38, 'defender'),
(844, 38, 'midfielder'),
(845, 38, 'midfielder'),
(846, 38, 'midfielder'),
(847, 38, 'midfielder'),
(848, 38, 'midfielder'),
(849, 38, 'midfielder'),
(850, 38, 'midfielder'),
(851, 38, 'attacker'),
(852, 38, 'attacker'),
(853, 38, 'attacker'),
(854, 38, 'attacker'),
(855, 38, 'attacker'),
(856, 39, 'goalkeeper'),
(857, 39, 'goalkeeper'),
(858, 39, 'goalkeeper'),
(859, 39, 'defender'),
(860, 39, 'defender'),
(861, 39, 'defender'),
(862, 39, 'defender'),
(863, 39, 'defender'),
(864, 39, 'midfielder'),
(865, 39, 'midfielder'),
(866, 39, 'midfielder'),
(867, 39, 'midfielder'),
(868, 39, 'midfielder'),
(869, 39, 'midfielder'),
(870, 39, 'midfielder'),
(871, 39, 'midfielder'),
(872, 39, 'midfielder'),
(873, 39, 'midfielder'),
(874, 39, 'attacker'),
(875, 39, 'attacker'),
(876, 39, 'attacker'),
(877, 39, 'attacker'),
(878, 39, 'attacker'),
(879, 40, 'goalkeeper'),
(880, 40, 'goalkeeper'),
(881, 40, 'goalkeeper'),
(882, 40, 'defender'),
(883, 40, 'defender'),
(884, 40, 'defender'),
(885, 40, 'defender'),
(886, 40, 'defender'),
(887, 40, 'defender'),
(888, 40, 'defender'),
(889, 40, 'defender'),
(890, 40, 'defender'),
(891, 40, 'midfielder'),
(892, 40, 'midfielder'),
(893, 40, 'midfielder'),
(894, 40, 'midfielder'),
(895, 40, 'attacker'),
(896, 40, 'attacker'),
(897, 40, 'attacker'),
(898, 40, 'attacker'),
(899, 40, 'attacker'),
(900, 40, 'attacker'),
(901, 40, 'attacker'),
(902, 41, 'goalkeeper'),
(903, 41, 'goalkeeper'),
(904, 41, 'defender'),
(905, 41, 'defender'),
(906, 41, 'defender'),
(907, 41, 'defender'),
(908, 41, 'defender'),
(909, 41, 'defender'),
(910, 41, 'midfielder'),
(911, 41, 'midfielder'),
(912, 41, 'midfielder'),
(913, 41, 'midfielder'),
(914, 41, 'midfielder'),
(915, 41, 'midfielder'),
(916, 41, 'midfielder'),
(917, 41, 'midfielder'),
(918, 41, 'attacker'),
(919, 41, 'attacker'),
(920, 41, 'attacker'),
(921, 41, 'attacker'),
(922, 42, 'goalkeeper'),
(923, 42, 'goalkeeper'),
(924, 42, 'defender'),
(925, 42, 'defender'),
(926, 42, 'defender'),
(927, 42, 'defender'),
(928, 42, 'defender'),
(929, 42, 'midfielder'),
(930, 42, 'midfielder'),
(931, 42, 'midfielder'),
(932, 42, 'midfielder'),
(933, 42, 'midfielder'),
(934, 42, 'midfielder'),
(935, 42, 'midfielder'),
(936, 42, 'attacker'),
(937, 42, 'attacker'),
(938, 42, 'attacker'),
(939, 42, 'attacker'),
(940, 42, 'attacker'),
(941, 42, 'attacker'),
(942, 42, 'attacker'),
(943, 43, 'goalkeeper'),
(944, 43, 'goalkeeper'),
(945, 43, 'goalkeeper'),
(946, 43, 'defender'),
(947, 43, 'defender'),
(948, 43, 'defender'),
(949, 43, 'defender'),
(950, 43, 'defender'),
(951, 43, 'defender'),
(952, 43, 'defender'),
(953, 43, 'defender'),
(954, 43, 'defender'),
(955, 43, 'defender'),
(956, 43, 'defender'),
(957, 43, 'midfielder'),
(958, 43, 'midfielder'),
(959, 43, 'midfielder'),
(960, 43, 'midfielder'),
(961, 43, 'midfielder'),
(962, 43, 'midfielder'),
(963, 43, 'midfielder'),
(964, 43, 'midfielder'),
(965, 43, 'midfielder'),
(966, 43, 'midfielder'),
(967, 43, 'midfielder'),
(968, 43, 'midfielder'),
(969, 43, 'midfielder'),
(970, 43, 'midfielder'),
(971, 43, 'attacker'),
(972, 43, 'attacker'),
(973, 43, 'attacker'),
(974, 43, 'attacker'),
(975, 43, 'attacker'),
(976, 44, 'goalkeeper'),
(977, 44, 'goalkeeper'),
(978, 44, 'goalkeeper'),
(979, 44, 'goalkeeper'),
(980, 44, 'defender'),
(981, 44, 'defender'),
(982, 44, 'defender'),
(983, 44, 'defender'),
(984, 44, 'defender'),
(985, 44, 'defender'),
(986, 44, 'defender'),
(987, 44, 'defender'),
(988, 44, 'defender'),
(989, 44, 'midfielder'),
(990, 44, 'midfielder'),
(991, 44, 'midfielder'),
(992, 44, 'midfielder'),
(993, 44, 'midfielder'),
(994, 44, 'midfielder'),
(995, 44, 'midfielder'),
(996, 44, 'midfielder'),
(997, 44, 'midfielder'),
(998, 44, 'midfielder'),
(999, 44, 'midfielder'),
(1000, 44, 'midfielder'),
(1001, 44, 'midfielder'),
(1002, 44, 'midfielder'),
(1003, 44, 'midfielder'),
(1004, 44, 'attacker'),
(1005, 44, 'attacker'),
(1006, 44, 'attacker'),
(1007, 44, 'attacker'),
(1008, 44, 'attacker'),
(1008, 55, 'midfielder'),
(1009, 44, 'attacker'),
(1010, 44, 'attacker'),
(1011, 44, 'attacker'),
(1012, 45, 'goalkeeper'),
(1013, 45, 'goalkeeper'),
(1014, 45, 'defender'),
(1015, 45, 'defender'),
(1016, 45, 'defender'),
(1017, 45, 'defender'),
(1018, 45, 'defender'),
(1019, 45, 'defender'),
(1020, 45, 'defender'),
(1021, 45, 'defender'),
(1022, 45, 'defender'),
(1023, 45, 'defender'),
(1024, 45, 'midfielder'),
(1025, 45, 'midfielder'),
(1026, 45, 'midfielder'),
(1027, 45, 'midfielder'),
(1028, 45, 'midfielder'),
(1029, 45, 'attacker'),
(1030, 45, 'attacker'),
(1031, 45, 'attacker'),
(1032, 45, 'attacker'),
(1033, 45, 'attacker'),
(1034, 45, 'attacker'),
(1035, 45, 'attacker'),
(1036, 46, 'goalkeeper'),
(1037, 46, 'goalkeeper'),
(1038, 46, 'goalkeeper'),
(1039, 46, 'defender'),
(1040, 46, 'defender'),
(1041, 46, 'defender'),
(1042, 46, 'defender'),
(1043, 46, 'defender'),
(1044, 46, 'defender'),
(1045, 46, 'defender'),
(1046, 46, 'midfielder'),
(1047, 46, 'midfielder'),
(1048, 46, 'midfielder'),
(1049, 46, 'midfielder'),
(1050, 46, 'midfielder'),
(1051, 46, 'midfielder'),
(1052, 46, 'midfielder'),
(1053, 46, 'midfielder'),
(1054, 46, 'midfielder'),
(1055, 46, 'attacker'),
(1056, 46, 'attacker'),
(1057, 46, 'attacker'),
(1058, 46, 'attacker'),
(1059, 47, 'goalkeeper'),
(1060, 47, 'goalkeeper'),
(1061, 47, 'goalkeeper'),
(1062, 47, 'defender'),
(1063, 47, 'defender'),
(1064, 47, 'defender'),
(1065, 47, 'defender'),
(1066, 47, 'defender'),
(1067, 47, 'defender'),
(1068, 47, 'defender'),
(1069, 47, 'defender'),
(1070, 47, 'midfielder'),
(1071, 47, 'midfielder'),
(1072, 47, 'midfielder'),
(1073, 47, 'midfielder'),
(1074, 47, 'midfielder'),
(1075, 47, 'midfielder'),
(1076, 47, 'attacker'),
(1077, 47, 'attacker'),
(1078, 47, 'attacker'),
(1079, 47, 'attacker'),
(1080, 47, 'attacker'),
(1081, 47, 'attacker'),
(1082, 48, 'goalkeeper'),
(1083, 48, 'goalkeeper'),
(1084, 48, 'goalkeeper'),
(1085, 48, 'defender'),
(1086, 48, 'defender'),
(1087, 48, 'defender'),
(1088, 48, 'defender'),
(1089, 48, 'defender'),
(1090, 48, 'defender'),
(1091, 48, 'defender'),
(1092, 48, 'defender'),
(1093, 48, 'midfielder'),
(1094, 48, 'midfielder'),
(1095, 48, 'midfielder'),
(1096, 48, 'midfielder'),
(1097, 48, 'midfielder'),
(1098, 48, 'midfielder'),
(1099, 48, 'midfielder'),
(1100, 48, 'attacker'),
(1101, 48, 'attacker'),
(1102, 48, 'attacker'),
(1103, 49, 'goalkeeper'),
(1104, 49, 'goalkeeper'),
(1105, 49, 'goalkeeper'),
(1106, 49, 'defender'),
(1107, 49, 'defender'),
(1108, 49, 'defender'),
(1109, 49, 'defender'),
(1110, 49, 'defender'),
(1111, 49, 'defender'),
(1112, 49, 'midfielder'),
(1113, 49, 'midfielder'),
(1114, 49, 'midfielder'),
(1115, 49, 'midfielder'),
(1116, 49, 'midfielder'),
(1117, 49, 'midfielder'),
(1118, 49, 'midfielder'),
(1119, 49, 'midfielder'),
(1120, 49, 'attacker'),
(1121, 49, 'attacker'),
(1122, 49, 'attacker'),
(1123, 49, 'attacker'),
(1124, 49, 'attacker'),
(1125, 49, 'attacker'),
(1126, 50, 'goalkeeper'),
(1127, 50, 'goalkeeper'),
(1128, 50, 'goalkeeper'),
(1129, 50, 'defender'),
(1130, 50, 'defender'),
(1131, 50, 'defender'),
(1132, 50, 'defender'),
(1133, 50, 'defender'),
(1134, 50, 'defender'),
(1135, 50, 'defender'),
(1136, 50, 'defender'),
(1137, 50, 'defender'),
(1138, 50, 'defender'),
(1139, 50, 'midfielder'),
(1140, 50, 'midfielder'),
(1141, 50, 'midfielder'),
(1142, 50, 'midfielder'),
(1143, 50, 'attacker'),
(1144, 50, 'attacker'),
(1145, 50, 'attacker'),
(1146, 50, 'attacker'),
(1147, 50, 'attacker'),
(1148, 50, 'attacker'),
(1149, 51, 'goalkeeper'),
(1150, 51, 'goalkeeper'),
(1151, 51, 'defender'),
(1152, 51, NULL),
(1153, 51, 'defender'),
(1154, 51, 'defender'),
(1155, 51, 'defender'),
(1156, 51, 'defender'),
(1157, 51, 'defender'),
(1158, 51, 'defender'),
(1159, 51, 'defender'),
(1160, 51, 'midfielder'),
(1161, 51, 'midfielder'),
(1162, 51, 'midfielder'),
(1163, 51, NULL),
(1164, 51, 'midfielder'),
(1165, 51, 'midfielder'),
(1166, 51, 'midfielder'),
(1167, 51, 'midfielder'),
(1168, 51, 'attacker'),
(1169, 51, 'attacker'),
(1170, 51, 'attacker'),
(1171, 52, 'goalkeeper'),
(1172, 52, 'goalkeeper'),
(1173, 52, 'goalkeeper'),
(1174, 52, 'defender'),
(1175, 52, 'defender'),
(1176, 52, 'defender'),
(1177, 52, 'defender'),
(1178, 52, 'defender'),
(1179, 52, 'defender'),
(1180, 52, 'defender'),
(1181, 52, 'midfielder'),
(1182, 52, 'midfielder'),
(1183, 52, 'midfielder'),
(1184, 52, 'midfielder'),
(1185, 52, 'midfielder'),
(1186, 52, 'midfielder'),
(1187, 52, 'midfielder'),
(1188, 52, 'midfielder'),
(1189, 52, 'midfielder'),
(1190, 52, 'midfielder'),
(1191, 52, 'attacker'),
(1192, 52, 'attacker'),
(1193, 52, 'attacker'),
(1194, 52, 'attacker'),
(1195, 53, 'goalkeeper'),
(1196, 53, 'goalkeeper'),
(1197, 53, 'goalkeeper'),
(1198, 53, 'goalkeeper'),
(1199, 53, 'defender'),
(1200, 53, 'defender'),
(1201, 53, 'defender'),
(1202, 53, 'defender'),
(1203, 53, 'defender'),
(1204, 53, 'defender'),
(1205, 53, 'defender'),
(1206, 53, 'midfielder'),
(1207, 53, 'midfielder'),
(1208, 53, 'midfielder'),
(1209, 53, 'midfielder'),
(1210, 53, 'midfielder'),
(1211, 53, 'midfielder'),
(1212, 53, 'midfielder'),
(1213, 53, 'midfielder'),
(1214, 53, 'attacker'),
(1215, 53, 'attacker'),
(1216, 53, 'attacker'),
(1217, 53, 'attacker'),
(1218, 53, 'attacker'),
(1219, 53, 'attacker'),
(1220, 53, 'attacker'),
(1221, 54, 'goalkeeper'),
(1222, 54, 'goalkeeper'),
(1223, 54, 'defender'),
(1224, 54, 'defender'),
(1225, 54, 'defender'),
(1226, 54, 'defender'),
(1227, 54, 'defender'),
(1228, 54, 'midfielder'),
(1229, 54, 'midfielder'),
(1230, 54, 'midfielder'),
(1231, 54, 'midfielder'),
(1232, 54, 'midfielder'),
(1233, 54, 'midfielder'),
(1234, 54, 'midfielder'),
(1235, 54, 'attacker'),
(1236, 54, 'attacker'),
(1237, 54, 'attacker'),
(1238, 54, 'attacker'),
(1239, 55, 'goalkeeper'),
(1240, 55, 'goalkeeper'),
(1241, 55, 'defender'),
(1242, 55, 'defender'),
(1243, 55, 'defender'),
(1244, 55, 'defender'),
(1245, 55, 'defender'),
(1246, 55, 'defender'),
(1247, 55, 'defender'),
(1248, 55, 'defender'),
(1249, 55, 'midfielder'),
(1250, 55, 'midfielder'),
(1251, 55, 'midfielder'),
(1252, 55, 'midfielder'),
(1253, 55, 'midfielder'),
(1254, 55, 'attacker'),
(1255, 55, 'attacker'),
(1256, 55, 'attacker'),
(1257, 56, 'goalkeeper'),
(1258, 56, 'goalkeeper'),
(1259, 56, 'goalkeeper'),
(1260, 56, 'defender'),
(1261, 56, 'defender'),
(1262, 56, 'defender'),
(1263, 56, 'defender'),
(1264, 56, 'defender'),
(1265, 56, 'defender'),
(1266, 56, 'defender'),
(1267, 56, 'midfielder'),
(1268, 56, 'midfielder'),
(1269, 56, 'midfielder'),
(1270, 56, 'midfielder'),
(1271, 56, 'midfielder'),
(1272, 56, 'midfielder'),
(1273, 56, 'midfielder'),
(1274, 56, 'midfielder'),
(1275, 56, 'attacker'),
(1276, 56, 'attacker'),
(1277, 56, 'attacker'),
(1278, 56, 'attacker'),
(1279, 56, 'attacker'),
(1280, 57, 'goalkeeper'),
(1281, 57, 'goalkeeper'),
(1282, 57, 'defender'),
(1283, 57, 'defender'),
(1284, 57, 'defender'),
(1285, 57, 'defender'),
(1286, 57, 'defender'),
(1287, 57, 'midfielder'),
(1288, 57, 'midfielder'),
(1289, 57, 'midfielder'),
(1290, 57, 'midfielder'),
(1291, 57, 'midfielder'),
(1292, 57, 'midfielder'),
(1293, 57, 'midfielder'),
(1294, 57, 'midfielder'),
(1295, 57, 'midfielder'),
(1296, 57, 'attacker'),
(1297, 57, 'attacker'),
(1298, 57, 'attacker'),
(1299, 57, 'attacker'),
(1300, 57, 'attacker'),
(1301, 57, 'attacker'),
(1302, 58, 'goalkeeper'),
(1303, 58, 'goalkeeper'),
(1304, 58, 'defender'),
(1305, 58, 'defender'),
(1306, 58, 'defender'),
(1307, 58, 'defender'),
(1308, 58, 'defender'),
(1309, 58, 'midfielder'),
(1310, 58, 'midfielder'),
(1311, 58, 'midfielder'),
(1312, 58, 'midfielder'),
(1313, 58, 'midfielder'),
(1314, 58, 'midfielder'),
(1315, 58, 'midfielder'),
(1316, 58, 'midfielder'),
(1317, 58, 'midfielder'),
(1318, 58, 'midfielder'),
(1319, 58, 'attacker'),
(1320, 58, 'attacker'),
(1321, 58, 'attacker'),
(1322, 58, 'attacker'),
(1323, 59, 'goalkeeper'),
(1324, 59, 'goalkeeper'),
(1325, 59, 'goalkeeper'),
(1326, 59, 'defender'),
(1327, 59, 'defender'),
(1328, 59, 'defender'),
(1329, 59, 'defender'),
(1330, 59, 'defender'),
(1331, 59, 'defender'),
(1332, 59, 'defender'),
(1333, 59, 'midfielder'),
(1334, 59, 'midfielder'),
(1335, 59, 'midfielder'),
(1336, 59, 'midfielder'),
(1337, 59, 'midfielder'),
(1338, 59, 'midfielder'),
(1339, 59, 'midfielder'),
(1340, 59, 'attacker'),
(1341, 59, 'attacker'),
(1342, 59, 'attacker'),
(1343, 59, 'attacker'),
(1344, 59, 'attacker'),
(1345, 59, 'attacker'),
(1346, 60, 'goalkeeper'),
(1347, 60, 'goalkeeper'),
(1348, 60, 'goalkeeper'),
(1349, 60, 'defender'),
(1350, 60, 'defender'),
(1351, 60, 'defender'),
(1352, 60, 'defender'),
(1353, 60, 'defender'),
(1354, 60, 'defender'),
(1355, 60, 'defender'),
(1356, 60, 'midfielder'),
(1357, 60, 'midfielder'),
(1358, 60, 'midfielder'),
(1359, 60, 'midfielder'),
(1360, 60, 'midfielder'),
(1361, 60, 'midfielder'),
(1362, 60, 'midfielder'),
(1363, 60, 'midfielder'),
(1364, 60, 'midfielder'),
(1365, 60, 'midfielder'),
(1366, 60, 'midfielder'),
(1367, 60, 'midfielder'),
(1368, 60, 'attacker'),
(1369, 61, 'goalkeeper'),
(1370, 61, 'goalkeeper'),
(1371, 61, 'goalkeeper'),
(1372, 61, 'defender'),
(1373, 61, 'defender'),
(1374, 61, 'defender'),
(1375, 61, 'defender'),
(1376, 61, 'defender'),
(1377, 61, 'defender'),
(1378, 61, 'midfielder'),
(1379, 61, 'midfielder'),
(1380, 61, 'midfielder'),
(1381, 61, 'midfielder'),
(1382, 61, 'midfielder'),
(1383, 61, 'midfielder'),
(1384, 61, 'midfielder'),
(1385, 61, 'midfielder'),
(1386, 61, 'midfielder'),
(1387, 61, 'attacker'),
(1388, 61, 'attacker'),
(1389, 61, 'attacker'),
(1390, 61, 'attacker'),
(1391, 61, 'attacker'),
(1392, 62, 'goalkeeper'),
(1393, 62, 'goalkeeper'),
(1394, 62, 'goalkeeper'),
(1395, 62, 'defender'),
(1396, 62, 'defender'),
(1397, 62, 'defender'),
(1398, 62, 'defender'),
(1399, 62, 'defender'),
(1400, 62, 'defender'),
(1401, 62, 'defender'),
(1402, 62, 'midfielder'),
(1403, 62, 'midfielder'),
(1404, 62, 'midfielder'),
(1405, 62, 'midfielder'),
(1406, 62, 'midfielder'),
(1407, 62, 'midfielder'),
(1408, 62, 'midfielder'),
(1409, 62, 'attacker'),
(1410, 62, 'attacker'),
(1411, 62, 'attacker'),
(1412, 62, 'attacker'),
(1413, 62, 'attacker'),
(1414, 62, 'attacker'),
(1415, 63, 'goalkeeper'),
(1416, 63, 'goalkeeper'),
(1417, 63, 'goalkeeper'),
(1418, 63, 'defender'),
(1419, 63, 'defender'),
(1420, 63, 'defender'),
(1421, 63, 'defender'),
(1422, 63, 'defender'),
(1423, 63, 'defender'),
(1424, 63, 'defender'),
(1425, 63, 'defender'),
(1426, 63, 'defender'),
(1427, 63, 'midfielder'),
(1428, 63, 'midfielder'),
(1429, 63, 'midfielder'),
(1430, 63, 'midfielder'),
(1431, 63, 'midfielder'),
(1432, 63, 'midfielder'),
(1433, 63, 'attacker'),
(1434, 63, 'attacker'),
(1435, 63, 'attacker'),
(1436, 63, 'attacker'),
(1437, 63, 'attacker'),
(1438, 64, 'goalkeeper'),
(1439, 64, 'goalkeeper'),
(1440, 64, 'goalkeeper'),
(1441, 64, 'defender'),
(1442, 64, 'defender'),
(1443, 64, 'defender'),
(1444, 64, 'defender'),
(1445, 64, 'defender'),
(1446, 64, 'defender'),
(1447, 64, 'defender'),
(1448, 64, NULL),
(1449, 64, 'midfielder'),
(1450, 64, 'midfielder'),
(1451, 64, 'midfielder'),
(1452, 64, 'midfielder'),
(1453, 64, 'midfielder'),
(1454, 64, 'midfielder'),
(1455, 64, 'midfielder'),
(1456, 64, 'midfielder'),
(1457, 64, 'attacker'),
(1458, 64, 'attacker'),
(1459, 64, 'attacker'),
(1460, 64, 'attacker'),
(1461, 64, 'attacker'),
(1462, 64, NULL),
(1463, 64, NULL),
(1464, 64, 'attacker'),
(1465, 64, 'attacker'),
(1466, 65, 'goalkeeper'),
(1467, 65, 'goalkeeper'),
(1468, 65, 'goalkeeper'),
(1469, 65, 'goalkeeper'),
(1470, 65, 'defender'),
(1471, 65, 'defender'),
(1472, 65, 'defender'),
(1473, 65, 'defender'),
(1474, 65, 'defender'),
(1475, 65, 'defender'),
(1476, 65, 'defender'),
(1477, 65, 'defender'),
(1478, 65, 'defender'),
(1479, 65, 'defender'),
(1480, 65, 'midfielder'),
(1481, 65, 'midfielder'),
(1482, 65, 'midfielder'),
(1483, 65, 'midfielder'),
(1484, 65, 'midfielder'),
(1485, 65, 'midfielder'),
(1486, 65, 'midfielder'),
(1487, 65, 'midfielder'),
(1488, 65, 'midfielder'),
(1489, 65, 'midfielder'),
(1490, 65, 'attacker'),
(1491, 65, 'attacker'),
(1492, 65, 'attacker'),
(1493, 65, 'attacker'),
(1494, 65, 'attacker'),
(1495, 65, 'attacker'),
(1496, 66, 'goalkeeper'),
(1497, 66, 'goalkeeper'),
(1498, 66, 'defender'),
(1499, 66, 'defender'),
(1500, 66, 'defender'),
(1501, 66, 'defender'),
(1502, 66, 'defender'),
(1503, 66, 'defender'),
(1504, 66, 'defender'),
(1505, 66, 'midfielder'),
(1506, 66, 'midfielder'),
(1507, 66, 'midfielder'),
(1508, 66, 'midfielder'),
(1509, 66, 'midfielder'),
(1510, 66, 'midfielder'),
(1511, 66, 'midfielder'),
(1512, 66, 'midfielder'),
(1513, 66, 'midfielder'),
(1514, 66, 'attacker'),
(1515, 66, 'attacker'),
(1516, 66, 'attacker'),
(1517, 66, 'attacker'),
(1518, 67, 'goalkeeper'),
(1519, 67, 'goalkeeper'),
(1520, 67, 'goalkeeper'),
(1521, 67, 'goalkeeper'),
(1522, 67, 'defender'),
(1523, 67, 'defender'),
(1524, 67, 'defender'),
(1525, 67, 'defender'),
(1526, 67, 'defender'),
(1527, 67, 'defender'),
(1528, 67, 'defender'),
(1529, 67, 'defender'),
(1530, 67, 'midfielder'),
(1531, 67, 'midfielder'),
(1532, 67, 'midfielder'),
(1533, 67, 'midfielder'),
(1534, 67, 'midfielder'),
(1535, 67, 'midfielder'),
(1536, 67, 'midfielder'),
(1537, 67, 'midfielder'),
(1538, 67, 'midfielder'),
(1539, 67, 'midfielder'),
(1540, 67, 'attacker'),
(1541, 67, 'attacker'),
(1542, 67, 'attacker'),
(1543, 67, 'attacker'),
(1544, 67, 'attacker'),
(1545, 67, 'attacker'),
(1546, 67, 'attacker'),
(1547, 67, 'attacker'),
(1548, 68, 'goalkeeper'),
(1549, 68, 'goalkeeper'),
(1550, 68, 'defender'),
(1551, 68, 'defender'),
(1552, 68, 'defender'),
(1553, 68, 'defender'),
(1554, 68, 'defender'),
(1555, 68, 'defender'),
(1556, 68, 'defender'),
(1557, 68, 'defender'),
(1558, 68, 'midfielder'),
(1559, 68, 'midfielder'),
(1560, 68, 'midfielder'),
(1561, 68, 'midfielder'),
(1562, 68, NULL),
(1563, 68, 'attacker'),
(1564, 68, NULL),
(1565, 68, 'attacker'),
(1566, 68, 'attacker'),
(1567, 68, 'attacker'),
(1568, 68, 'attacker'),
(1569, 68, 'attacker'),
(1570, 68, 'attacker'),
(1571, 69, 'goalkeeper'),
(1572, 69, 'goalkeeper'),
(1573, 69, 'goalkeeper'),
(1574, 69, 'defender'),
(1575, 69, 'defender'),
(1576, 69, 'defender'),
(1577, 69, 'defender'),
(1578, 69, 'defender'),
(1579, 69, 'midfielder'),
(1580, 69, 'midfielder'),
(1581, 69, 'midfielder'),
(1582, 69, 'midfielder'),
(1583, 69, 'midfielder'),
(1584, 69, 'midfielder'),
(1585, 69, 'midfielder'),
(1586, 69, 'midfielder'),
(1587, 69, 'midfielder'),
(1588, 69, 'midfielder'),
(1589, 69, 'midfielder'),
(1590, 69, 'attacker'),
(1591, 69, 'attacker'),
(1592, 69, 'attacker'),
(1593, 69, 'attacker'),
(1594, 69, 'attacker'),
(1595, 70, 'goalkeeper'),
(1596, 70, 'goalkeeper'),
(1597, 70, 'defender'),
(1598, 70, 'defender'),
(1599, 70, 'defender'),
(1600, 70, 'midfielder'),
(1601, 70, 'midfielder'),
(1602, 70, 'midfielder'),
(1603, 70, 'midfielder'),
(1604, 70, 'midfielder'),
(1605, 70, 'midfielder'),
(1606, 70, 'midfielder'),
(1607, 70, 'midfielder'),
(1608, 70, 'midfielder'),
(1609, 70, 'midfielder'),
(1610, 70, 'midfielder'),
(1611, 70, 'midfielder'),
(1612, 70, 'attacker'),
(1613, 70, 'attacker'),
(1614, 71, 'goalkeeper'),
(1615, 71, 'goalkeeper'),
(1616, 71, 'defender'),
(1617, 71, 'defender'),
(1618, 71, 'defender'),
(1619, 71, 'defender'),
(1620, 71, 'defender'),
(1621, 71, 'defender'),
(1622, 71, 'midfielder'),
(1623, 71, 'midfielder'),
(1624, 71, 'midfielder'),
(1625, 71, 'midfielder'),
(1626, 71, 'midfielder'),
(1627, 71, 'midfielder'),
(1628, 71, 'midfielder'),
(1629, 71, 'attacker'),
(1630, 71, 'attacker'),
(1631, 71, 'attacker'),
(1632, 71, 'attacker'),
(1633, 71, 'attacker'),
(1634, 72, 'goalkeeper'),
(1635, 72, 'goalkeeper'),
(1636, 72, 'goalkeeper'),
(1637, 72, 'defender'),
(1638, 72, 'defender'),
(1639, 72, 'defender'),
(1640, 72, 'defender'),
(1641, 72, 'defender'),
(1642, 72, 'defender'),
(1643, 72, 'defender'),
(1644, 72, 'defender'),
(1645, 72, 'defender'),
(1646, 72, 'defender'),
(1647, 72, 'defender'),
(1648, 72, 'midfielder'),
(1649, 72, 'midfielder'),
(1650, 72, 'midfielder'),
(1651, 72, 'midfielder'),
(1652, 72, 'midfielder'),
(1653, 72, 'midfielder'),
(1654, 72, 'midfielder'),
(1655, 72, 'midfielder'),
(1656, 72, 'attacker'),
(1657, 72, 'attacker'),
(1658, 72, 'attacker'),
(1659, 73, 'goalkeeper'),
(1660, 73, 'goalkeeper'),
(1661, 73, 'goalkeeper'),
(1662, 73, 'defender'),
(1663, 73, 'defender'),
(1664, 73, 'defender'),
(1665, 73, 'defender'),
(1666, 73, 'defender'),
(1667, 73, 'defender'),
(1668, 73, 'defender'),
(1669, 73, 'defender'),
(1670, 73, 'midfielder'),
(1671, 73, 'midfielder'),
(1672, 73, 'midfielder'),
(1673, 73, 'midfielder'),
(1674, 73, 'midfielder'),
(1675, 73, 'midfielder'),
(1676, 73, 'midfielder'),
(1677, 73, 'midfielder'),
(1678, 73, 'midfielder'),
(1679, 73, 'attacker'),
(1680, 73, 'attacker'),
(1681, 73, 'attacker'),
(1682, 74, 'goalkeeper'),
(1683, 74, 'goalkeeper'),
(1684, 74, NULL),
(1685, 74, 'goalkeeper'),
(1686, 74, 'defender'),
(1687, 74, 'defender'),
(1688, 74, 'defender'),
(1689, 74, 'defender'),
(1690, 74, 'defender'),
(1691, 74, 'defender'),
(1692, 74, 'defender'),
(1693, 74, 'defender'),
(1694, 74, NULL),
(1695, 74, 'defender'),
(1696, 74, 'midfielder'),
(1697, 74, 'midfielder'),
(1698, 74, NULL),
(1699, 74, 'midfielder'),
(1700, 74, 'midfielder'),
(1701, 74, 'midfielder'),
(1702, 74, 'midfielder'),
(1703, 74, NULL),
(1704, 74, 'midfielder'),
(1705, 74, 'midfielder'),
(1706, 74, 'midfielder'),
(1707, 74, NULL),
(1708, 74, 'attacker'),
(1709, 74, 'attacker'),
(1710, 74, 'attacker'),
(1711, 74, 'attacker'),
(1712, 74, 'attacker'),
(1713, 74, 'attacker'),
(1714, 74, 'attacker'),
(1715, 74, 'attacker'),
(1716, 74, 'attacker'),
(1717, 75, 'goalkeeper'),
(1718, 75, 'goalkeeper'),
(1719, 75, NULL),
(1720, 75, 'goalkeeper'),
(1721, 75, 'goalkeeper'),
(1722, 75, NULL),
(1723, 75, 'defender'),
(1724, 75, 'defender'),
(1725, 75, 'defender'),
(1726, 75, 'defender'),
(1727, 75, NULL),
(1728, 75, 'defender'),
(1729, 75, 'defender'),
(1730, 75, 'defender'),
(1731, 75, 'defender'),
(1732, 75, 'defender'),
(1733, 75, 'defender'),
(1734, 75, 'defender'),
(1735, 75, 'defender'),
(1736, 75, 'defender'),
(1737, 75, NULL),
(1738, 75, 'midfielder'),
(1739, 75, 'midfielder'),
(1740, 75, 'midfielder'),
(1741, 75, 'midfielder'),
(1742, 75, 'midfielder'),
(1743, 75, NULL),
(1744, 75, 'midfielder'),
(1745, 75, 'midfielder'),
(1746, 75, 'midfielder'),
(1747, 75, NULL),
(1748, 75, 'midfielder'),
(1749, 75, 'midfielder'),
(1750, 75, 'midfielder'),
(1751, 75, NULL),
(1752, 75, NULL),
(1753, 75, 'attacker'),
(1754, 75, 'attacker'),
(1755, 75, 'attacker'),
(1756, 75, 'attacker'),
(1757, 75, 'attacker'),
(1758, 75, 'attacker'),
(1759, 75, 'attacker'),
(1760, 75, 'attacker'),
(1761, 75, NULL),
(1762, 76, 'goalkeeper'),
(1763, 76, 'goalkeeper'),
(1764, 76, 'defender'),
(1765, 76, 'defender'),
(1766, 76, 'defender'),
(1767, 76, 'defender'),
(1768, 76, 'defender'),
(1769, 76, 'defender'),
(1770, 76, 'defender'),
(1771, 76, 'defender'),
(1772, 76, 'midfielder'),
(1773, 76, 'midfielder'),
(1774, 76, 'midfielder'),
(1775, 76, 'midfielder'),
(1776, 76, 'midfielder'),
(1777, 76, 'midfielder'),
(1778, 76, 'midfielder'),
(1779, 76, 'midfielder'),
(1780, 76, 'attacker'),
(1781, 76, 'attacker'),
(1782, 76, 'attacker'),
(1783, 77, 'goalkeeper'),
(1784, 77, 'goalkeeper'),
(1785, 77, 'goalkeeper'),
(1786, 77, 'defender'),
(1787, 77, 'defender'),
(1788, 77, 'defender'),
(1789, 77, 'defender'),
(1790, 77, 'defender'),
(1791, 77, 'defender'),
(1792, 77, 'defender'),
(1793, 77, 'defender'),
(1794, 77, 'midfielder'),
(1795, 77, 'midfielder'),
(1796, 77, 'midfielder'),
(1797, 77, 'midfielder'),
(1798, 77, 'midfielder'),
(1799, 77, 'midfielder'),
(1800, 77, 'midfielder'),
(1801, 77, 'midfielder'),
(1802, 77, 'midfielder'),
(1803, 77, 'midfielder'),
(1804, 77, 'attacker'),
(1805, 77, 'attacker'),
(1806, 78, 'goalkeeper'),
(1807, 78, 'goalkeeper'),
(1808, 78, 'goalkeeper'),
(1809, 78, 'defender'),
(1810, 78, 'defender'),
(1811, 78, 'defender'),
(1812, 78, 'defender'),
(1813, 78, 'defender'),
(1814, 79, 'goalkeeper'),
(1815, 79, 'goalkeeper'),
(1816, 79, 'defender'),
(1817, 79, 'defender'),
(1818, 79, 'defender'),
(1819, 79, 'defender'),
(1820, 79, 'defender'),
(1821, 79, 'defender'),
(1822, 79, 'midfielder'),
(1823, 79, 'midfielder'),
(1824, 79, 'midfielder'),
(1825, 79, 'midfielder'),
(1826, 79, 'midfielder'),
(1827, 79, 'midfielder'),
(1828, 79, 'attacker'),
(1829, 79, 'attacker'),
(1830, 79, 'attacker'),
(1831, 79, 'attacker'),
(1832, 79, 'attacker'),
(1833, 79, 'attacker'),
(1834, 80, 'goalkeeper'),
(1835, 80, 'goalkeeper'),
(1836, 80, 'defender'),
(1837, 80, 'defender'),
(1838, 80, 'defender'),
(1839, 80, 'defender'),
(1840, 80, 'defender'),
(1841, 80, 'defender'),
(1842, 80, 'defender'),
(1843, 80, 'defender'),
(1844, 80, 'midfielder'),
(1845, 80, 'midfielder'),
(1846, 80, 'midfielder'),
(1847, 80, 'midfielder'),
(1848, 80, 'midfielder'),
(1849, 80, 'midfielder'),
(1850, 80, 'attacker'),
(1851, 80, 'attacker'),
(1852, 80, 'attacker'),
(1853, 80, 'attacker'),
(1854, 80, 'attacker'),
(1855, 80, 'attacker'),
(1856, 81, NULL),
(1857, 81, 'goalkeeper'),
(1858, 81, 'goalkeeper'),
(1859, 81, 'goalkeeper'),
(1860, 81, 'defender'),
(1861, 81, 'defender'),
(1862, 81, 'defender'),
(1863, 81, 'defender'),
(1864, 81, 'defender'),
(1865, 81, 'defender'),
(1866, 81, 'defender'),
(1867, 81, 'defender'),
(1868, 81, 'defender'),
(1869, 81, 'midfielder'),
(1870, 81, 'midfielder'),
(1871, 81, 'midfielder'),
(1872, 81, 'midfielder'),
(1873, 81, 'midfielder'),
(1874, 81, 'midfielder'),
(1875, 81, 'midfielder'),
(1876, 81, 'midfielder'),
(1877, 81, 'midfielder'),
(1878, 81, 'midfielder'),
(1879, 81, 'attacker'),
(1880, 81, 'attacker'),
(1881, 81, 'attacker'),
(1882, 81, 'attacker'),
(1883, 82, 'goalkeeper'),
(1884, 82, 'goalkeeper'),
(1885, 82, NULL),
(1886, 82, 'defender'),
(1887, 82, 'defender'),
(1888, 82, 'defender'),
(1889, 82, 'defender'),
(1890, 82, 'defender'),
(1891, 82, 'defender'),
(1892, 82, 'midfielder'),
(1893, 82, 'midfielder'),
(1894, 82, 'midfielder'),
(1895, 82, 'midfielder'),
(1896, 82, 'midfielder'),
(1897, 82, 'midfielder'),
(1898, 82, 'midfielder'),
(1899, 82, 'midfielder'),
(1900, 82, 'midfielder'),
(1901, 82, 'attacker'),
(1902, 82, 'attacker'),
(1903, 82, 'attacker'),
(1904, 83, 'goalkeeper'),
(1905, 83, 'goalkeeper'),
(1906, 83, 'defender'),
(1907, 83, 'defender'),
(1908, 83, 'defender'),
(1909, 83, 'defender'),
(1910, 83, 'defender'),
(1911, 83, 'defender'),
(1912, 83, 'defender'),
(1913, 83, 'midfielder'),
(1914, 83, 'midfielder'),
(1915, 83, 'midfielder'),
(1916, 83, 'midfielder'),
(1917, 83, 'midfielder'),
(1918, 83, 'midfielder'),
(1919, 83, 'midfielder'),
(1920, 83, 'midfielder'),
(1921, 83, 'midfielder'),
(1922, 83, 'attacker'),
(1923, 83, 'attacker'),
(1924, 83, 'attacker'),
(1925, 84, 'goalkeeper'),
(1926, 84, 'goalkeeper'),
(1927, 84, 'goalkeeper'),
(1928, 84, 'defender'),
(1929, 84, 'defender'),
(1930, 84, 'defender'),
(1931, 84, 'defender'),
(1932, 84, 'defender'),
(1933, 84, 'defender'),
(1934, 84, 'defender'),
(1935, 84, 'defender'),
(1936, 84, 'midfielder'),
(1937, 84, 'midfielder'),
(1938, 84, 'midfielder'),
(1939, 84, 'midfielder'),
(1940, 84, 'midfielder'),
(1941, 84, 'midfielder'),
(1942, 84, 'attacker'),
(1943, 84, 'attacker'),
(1944, 84, 'attacker'),
(1945, 84, 'attacker'),
(1946, 84, 'attacker'),
(1947, 85, 'goalkeeper'),
(1948, 85, 'goalkeeper'),
(1949, 85, 'goalkeeper'),
(1950, 85, 'goalkeeper'),
(1951, 85, 'defender'),
(1952, 85, 'defender'),
(1953, 85, 'defender'),
(1954, 85, 'defender'),
(1955, 85, 'defender'),
(1956, 85, 'defender'),
(1957, 85, 'defender'),
(1958, 85, 'defender'),
(1959, 85, 'defender'),
(1960, 85, 'defender'),
(1961, 85, 'defender'),
(1962, 85, 'defender'),
(1963, 85, 'defender'),
(1964, 85, 'defender'),
(1965, 85, 'defender'),
(1966, 85, 'defender'),
(1967, 85, 'midfielder'),
(1968, 85, 'midfielder'),
(1969, 85, 'midfielder'),
(1970, 85, 'midfielder'),
(1971, 85, 'midfielder'),
(1972, 85, 'midfielder'),
(1973, 85, 'midfielder'),
(1974, 85, 'attacker'),
(1975, 85, 'attacker'),
(1976, 85, 'attacker'),
(1977, 85, 'attacker'),
(1978, 85, 'attacker'),
(1979, 85, 'attacker'),
(1980, 86, 'goalkeeper'),
(1981, 86, 'goalkeeper'),
(1982, 86, 'goalkeeper'),
(1983, 86, 'defender'),
(1984, 86, 'defender'),
(1985, 86, 'defender'),
(1986, 86, 'defender'),
(1987, 86, 'defender'),
(1988, 86, 'defender'),
(1989, 86, 'defender'),
(1990, 86, 'defender'),
(1991, 86, 'midfielder'),
(1992, 86, 'midfielder'),
(1993, 86, 'midfielder'),
(1994, 86, 'midfielder'),
(1995, 86, 'midfielder'),
(1996, 86, 'midfielder'),
(1997, 86, 'midfielder'),
(1998, 86, 'attacker'),
(1999, 86, 'attacker'),
(2000, 86, 'attacker'),
(2001, 86, 'attacker'),
(2002, 86, 'attacker'),
(2003, 87, 'goalkeeper'),
(2004, 87, 'goalkeeper'),
(2005, 87, 'goalkeeper'),
(2006, 87, 'defender'),
(2007, 87, 'defender'),
(2008, 87, 'defender'),
(2009, 87, 'defender'),
(2010, 87, 'defender'),
(2011, 87, 'defender'),
(2012, 87, 'defender'),
(2013, 87, 'midfielder'),
(2014, 87, 'midfielder'),
(2015, 87, 'midfielder'),
(2016, 87, 'midfielder'),
(2017, 87, 'midfielder'),
(2018, 87, 'midfielder'),
(2019, 87, 'midfielder'),
(2020, 87, 'midfielder'),
(2021, 87, 'midfielder'),
(2022, 87, 'attacker'),
(2023, 87, 'attacker'),
(2024, 87, 'attacker'),
(2025, 87, 'attacker'),
(2026, 87, 'attacker'),
(2027, 88, 'goalkeeper'),
(2028, 88, 'goalkeeper'),
(2029, 88, 'goalkeeper'),
(2030, 88, 'defender'),
(2031, 88, 'defender'),
(2032, 88, 'defender'),
(2033, 88, 'defender'),
(2034, 88, 'defender'),
(2035, 88, 'defender'),
(2036, 88, 'defender'),
(2037, 88, 'defender'),
(2038, 88, 'midfielder'),
(2039, 88, 'midfielder'),
(2040, 88, 'midfielder'),
(2041, 88, 'midfielder'),
(2042, 88, 'midfielder'),
(2043, 88, 'midfielder'),
(2044, 88, 'midfielder'),
(2045, 88, 'attacker'),
(2046, 88, 'attacker'),
(2047, 88, 'attacker'),
(2048, 88, 'attacker'),
(2049, 88, 'attacker'),
(2050, 89, 'goalkeeper'),
(2051, 89, NULL),
(2052, 89, 'goalkeeper'),
(2053, 89, 'goalkeeper'),
(2054, 89, 'defender'),
(2055, 89, 'defender'),
(2056, 89, 'defender'),
(2057, 89, 'defender'),
(2058, 89, 'defender'),
(2059, 89, 'defender'),
(2060, 89, 'defender'),
(2061, 89, 'midfielder'),
(2062, 89, 'midfielder'),
(2063, 89, 'midfielder'),
(2064, 89, 'midfielder'),
(2065, 89, 'midfielder'),
(2066, 89, 'midfielder'),
(2067, 89, 'midfielder'),
(2068, 89, 'midfielder'),
(2069, 89, 'midfielder'),
(2070, 89, 'attacker'),
(2071, 89, 'attacker'),
(2072, 89, 'attacker'),
(2073, 89, 'attacker'),
(2074, 89, 'attacker'),
(2075, 89, 'attacker'),
(2076, 89, 'attacker'),
(2077, 89, NULL),
(2078, 89, 'attacker'),
(2079, 90, 'goalkeeper'),
(2080, 90, 'goalkeeper'),
(2081, 90, 'goalkeeper'),
(2082, 90, 'goalkeeper'),
(2083, 90, 'defender'),
(2084, 90, 'defender'),
(2085, 90, 'defender'),
(2086, 90, 'defender'),
(2087, 90, 'defender'),
(2088, 90, 'defender'),
(2089, 90, 'defender'),
(2090, 90, 'defender'),
(2091, 90, 'defender'),
(2092, 90, 'midfielder'),
(2093, 90, 'midfielder'),
(2094, 90, 'midfielder'),
(2095, 90, 'midfielder'),
(2096, 90, 'midfielder'),
(2097, 90, 'midfielder'),
(2098, 90, 'midfielder'),
(2099, 90, 'midfielder'),
(2100, 90, 'midfielder'),
(2101, 90, 'attacker'),
(2102, 90, 'attacker'),
(2103, 90, 'attacker'),
(2104, 90, 'attacker'),
(2105, 90, 'attacker'),
(2106, 90, 'attacker'),
(2107, 90, 'attacker'),
(2108, 90, 'attacker'),
(2109, 90, 'attacker'),
(2110, 91, 'goalkeeper'),
(2111, 91, 'goalkeeper'),
(2112, 91, NULL),
(2113, 91, 'goalkeeper'),
(2114, 91, 'defender'),
(2115, 91, 'defender'),
(2116, 91, 'defender'),
(2117, 91, 'defender'),
(2118, 91, 'midfielder'),
(2119, 91, 'midfielder'),
(2120, 91, 'midfielder'),
(2121, 91, 'midfielder'),
(2122, 91, 'midfielder'),
(2123, 91, 'midfielder'),
(2124, 91, NULL),
(2125, 91, NULL),
(2126, 91, 'midfielder'),
(2127, 91, 'midfielder'),
(2128, 91, 'midfielder'),
(2129, 91, 'attacker'),
(2130, 91, 'attacker'),
(2131, 91, 'attacker'),
(2132, 91, 'attacker'),
(2133, 91, 'attacker'),
(2134, 92, 'goalkeeper'),
(2135, 92, 'goalkeeper'),
(2136, 92, 'goalkeeper'),
(2137, 92, 'defender'),
(2138, 92, 'defender'),
(2139, 92, 'defender'),
(2140, 92, 'defender'),
(2141, 92, 'defender'),
(2142, 92, 'defender'),
(2143, 92, 'defender'),
(2144, 92, 'midfielder'),
(2145, 92, 'midfielder'),
(2146, 92, 'midfielder'),
(2147, 92, 'midfielder'),
(2148, 92, 'midfielder'),
(2149, 92, 'attacker'),
(2150, 92, 'attacker'),
(2151, 92, 'attacker'),
(2152, 92, 'attacker'),
(2153, 92, 'attacker'),
(2154, 92, 'attacker'),
(2155, 92, 'attacker'),
(2156, 92, 'attacker'),
(2157, 93, 'goalkeeper'),
(2158, 93, 'goalkeeper'),
(2159, 93, 'defender'),
(2160, 93, 'defender'),
(2161, 93, 'defender'),
(2162, 93, 'defender'),
(2163, 93, 'defender'),
(2164, 93, 'defender'),
(2165, 93, 'defender'),
(2166, 93, 'defender'),
(2167, 93, 'defender'),
(2168, 93, 'midfielder'),
(2169, 93, 'midfielder'),
(2170, 93, 'midfielder'),
(2171, 93, 'midfielder'),
(2172, 93, 'midfielder'),
(2173, 93, 'attacker'),
(2174, 94, 'goalkeeper'),
(2175, 94, 'goalkeeper'),
(2176, 94, 'goalkeeper'),
(2177, 94, 'goalkeeper'),
(2178, 94, 'defender'),
(2179, 94, 'defender'),
(2180, 94, 'defender'),
(2181, 94, 'defender'),
(2182, 94, 'defender'),
(2183, 94, 'defender'),
(2184, 94, 'defender'),
(2185, 94, 'defender'),
(2186, 94, 'defender'),
(2187, 94, 'defender'),
(2188, 94, 'defender'),
(2189, 94, 'defender'),
(2190, 94, 'defender'),
(2191, 94, 'defender'),
(2192, 94, 'defender'),
(2193, 94, 'defender'),
(2194, 94, 'midfielder'),
(2195, 94, 'midfielder'),
(2196, 94, 'midfielder'),
(2197, 94, 'midfielder'),
(2198, 94, 'midfielder'),
(2199, 94, 'attacker'),
(2200, 94, 'attacker'),
(2201, 94, 'attacker'),
(2202, 94, 'attacker'),
(2203, 94, 'attacker'),
(2204, 94, 'attacker'),
(2205, 94, 'attacker'),
(2206, 94, 'attacker'),
(2207, 95, 'goalkeeper'),
(2208, 95, 'goalkeeper'),
(2209, 95, 'goalkeeper'),
(2210, 95, 'goalkeeper'),
(2211, 95, 'goalkeeper'),
(2212, 95, 'defender'),
(2213, 95, 'defender'),
(2214, 95, 'defender'),
(2215, 95, 'defender'),
(2216, 95, 'defender'),
(2217, 95, 'defender'),
(2218, 95, 'defender'),
(2219, 95, 'defender'),
(2220, 95, 'defender'),
(2221, 95, 'defender'),
(2222, 95, 'defender'),
(2223, 95, 'defender'),
(2224, 95, 'defender'),
(2225, 95, 'defender'),
(2226, 95, 'defender'),
(2227, 95, 'midfielder'),
(2228, 95, 'midfielder'),
(2229, 95, 'midfielder'),
(2230, 95, 'midfielder'),
(2231, 95, 'midfielder'),
(2232, 95, 'midfielder'),
(2233, 95, 'midfielder'),
(2234, 95, 'midfielder'),
(2235, 95, 'midfielder'),
(2236, 95, 'midfielder'),
(2237, 95, 'midfielder'),
(2238, 95, NULL),
(2239, 95, 'midfielder'),
(2240, 95, 'midfielder');
INSERT INTO `playerPerTeam` (`player_id`, `team_id`, `position`) VALUES
(2241, 95, 'midfielder'),
(2242, 95, 'attacker'),
(2243, 95, NULL),
(2244, 95, 'attacker'),
(2245, 95, 'attacker'),
(2246, 95, 'attacker'),
(2247, 95, 'attacker'),
(2248, 95, 'attacker'),
(2249, 95, 'attacker'),
(2250, 95, 'attacker'),
(2251, 95, 'attacker'),
(2252, 95, 'attacker'),
(2253, 95, 'attacker'),
(2254, 95, 'attacker'),
(2255, 96, 'goalkeeper'),
(2256, 96, 'goalkeeper'),
(2257, 96, 'goalkeeper'),
(2258, 96, 'goalkeeper'),
(2259, 96, 'defender'),
(2260, 96, 'defender'),
(2261, 96, 'defender'),
(2262, 96, 'defender'),
(2263, 96, 'defender'),
(2264, 96, 'defender'),
(2265, 96, 'defender'),
(2266, 96, 'defender'),
(2267, 96, 'midfielder'),
(2268, 96, 'midfielder'),
(2269, 96, 'midfielder'),
(2270, 96, 'midfielder'),
(2271, 96, 'midfielder'),
(2272, 96, 'midfielder'),
(2273, 96, 'midfielder'),
(2274, 96, 'midfielder'),
(2275, 96, 'midfielder'),
(2276, 96, 'midfielder'),
(2277, 96, 'midfielder'),
(2278, 96, 'midfielder'),
(2279, 96, 'midfielder'),
(2280, 96, 'midfielder'),
(2281, 96, 'attacker'),
(2282, 96, 'attacker'),
(2283, 96, 'attacker'),
(2284, 96, 'attacker'),
(2285, 96, 'attacker'),
(2286, 97, 'goalkeeper'),
(2287, 97, 'goalkeeper'),
(2288, 97, 'goalkeeper'),
(2289, 97, 'goalkeeper'),
(2290, 97, NULL),
(2291, 97, 'defender'),
(2292, 97, 'defender'),
(2293, 97, 'defender'),
(2294, 97, 'defender'),
(2295, 97, 'defender'),
(2296, 97, 'defender'),
(2297, 97, 'defender'),
(2298, 97, 'defender'),
(2299, 97, 'defender'),
(2300, 97, 'defender'),
(2301, 97, 'midfielder'),
(2302, 97, 'midfielder'),
(2303, 97, 'midfielder'),
(2304, 97, 'midfielder'),
(2305, 97, 'midfielder'),
(2306, 97, 'midfielder'),
(2307, 97, 'midfielder'),
(2308, 97, 'midfielder'),
(2309, 97, 'midfielder'),
(2310, 97, 'midfielder'),
(2311, 97, 'midfielder'),
(2312, 97, 'midfielder'),
(2313, 97, 'midfielder'),
(2314, 97, 'midfielder'),
(2315, 97, 'attacker'),
(2316, 97, 'attacker'),
(2317, 97, 'attacker'),
(2318, 97, 'attacker'),
(2319, 97, 'attacker'),
(2320, 97, 'attacker'),
(2321, 97, 'attacker'),
(2322, 97, 'attacker'),
(2323, 97, 'attacker'),
(2324, 97, 'attacker'),
(2325, 98, 'goalkeeper'),
(2326, 98, 'goalkeeper'),
(2327, 98, 'goalkeeper'),
(2328, 98, 'defender'),
(2329, 98, 'defender'),
(2330, 98, 'defender'),
(2331, 98, 'defender'),
(2332, 98, 'defender'),
(2333, 98, 'defender'),
(2334, 98, 'midfielder'),
(2335, 98, 'midfielder'),
(2336, 98, 'midfielder'),
(2337, 98, 'midfielder'),
(2338, 98, 'midfielder'),
(2339, 98, 'midfielder'),
(2340, 98, 'attacker'),
(2341, 98, 'attacker'),
(2342, 98, 'attacker'),
(2343, 98, 'attacker'),
(2344, 98, 'attacker'),
(2345, 98, 'attacker'),
(2346, 98, 'attacker'),
(2347, 99, 'goalkeeper'),
(2348, 99, 'goalkeeper'),
(2349, 99, 'defender'),
(2350, 99, 'defender'),
(2351, 99, 'defender'),
(2352, 99, 'defender'),
(2353, 99, 'defender'),
(2354, 99, 'midfielder'),
(2355, 99, 'midfielder'),
(2356, 99, 'midfielder'),
(2357, 99, 'midfielder'),
(2358, 99, 'midfielder'),
(2359, 99, 'midfielder'),
(2360, 99, 'midfielder'),
(2361, 99, 'midfielder'),
(2362, 99, 'midfielder'),
(2363, 99, 'attacker'),
(2364, 99, 'attacker'),
(2365, 100, 'goalkeeper'),
(2366, 100, 'goalkeeper'),
(2367, 100, NULL),
(2368, 100, 'goalkeeper'),
(2369, 100, 'goalkeeper'),
(2370, 100, NULL),
(2371, 100, 'defender'),
(2372, 100, 'defender'),
(2373, 100, 'defender'),
(2374, 100, 'defender'),
(2375, 100, 'defender'),
(2376, 100, 'defender'),
(2377, 100, 'defender'),
(2378, 100, 'defender'),
(2379, 100, 'defender'),
(2380, 100, 'midfielder'),
(2381, 100, 'midfielder'),
(2382, 100, 'midfielder'),
(2383, 100, 'midfielder'),
(2384, 100, 'midfielder'),
(2385, 100, 'midfielder'),
(2386, 100, NULL),
(2387, 100, 'midfielder'),
(2388, 100, 'midfielder'),
(2389, 100, 'midfielder'),
(2390, 100, 'midfielder'),
(2391, 100, 'attacker'),
(2392, 100, 'attacker'),
(2393, 100, NULL),
(2394, 100, 'attacker'),
(2395, 100, 'attacker'),
(2396, 100, 'attacker'),
(2397, 100, NULL),
(2398, 100, 'attacker'),
(2399, 100, 'attacker'),
(2400, 100, 'attacker'),
(2401, 101, 'goalkeeper'),
(2402, 101, 'goalkeeper'),
(2403, 101, 'goalkeeper'),
(2404, 101, 'defender'),
(2405, 101, 'defender'),
(2406, 101, 'defender'),
(2407, 101, 'defender'),
(2408, 101, 'defender'),
(2409, 101, 'defender'),
(2410, 101, 'defender'),
(2411, 101, 'defender'),
(2412, 101, 'defender'),
(2413, 101, 'midfielder'),
(2414, 101, 'midfielder'),
(2415, 101, 'midfielder'),
(2416, 101, 'midfielder'),
(2417, 101, 'midfielder'),
(2418, 101, 'midfielder'),
(2419, 101, 'midfielder'),
(2420, 101, 'midfielder'),
(2421, 101, 'attacker'),
(2422, 101, 'attacker'),
(2423, 101, 'attacker'),
(2424, 102, 'goalkeeper'),
(2425, 102, 'goalkeeper'),
(2426, 102, 'goalkeeper'),
(2427, 102, 'defender'),
(2428, 102, 'defender'),
(2429, 102, NULL),
(2430, 102, 'defender'),
(2431, 102, 'defender'),
(2432, 102, 'defender'),
(2433, 102, 'defender'),
(2434, 102, 'defender'),
(2435, 102, 'defender'),
(2436, 102, 'defender'),
(2437, 102, 'defender'),
(2438, 102, 'defender'),
(2439, 102, 'defender'),
(2440, 102, 'defender'),
(2441, 102, 'defender'),
(2442, 102, NULL),
(2443, 102, 'midfielder'),
(2444, 102, 'midfielder'),
(2445, 102, 'midfielder'),
(2446, 102, 'midfielder'),
(2447, 102, NULL),
(2448, 102, 'midfielder'),
(2449, 102, 'midfielder'),
(2450, 102, 'midfielder'),
(2451, 102, 'midfielder'),
(2452, 102, 'midfielder'),
(2453, 102, 'midfielder'),
(2454, 102, 'attacker'),
(2455, 102, 'attacker'),
(2456, 102, 'attacker'),
(2457, 102, 'attacker'),
(2458, 102, 'attacker'),
(2459, 102, 'attacker'),
(2460, 102, 'attacker'),
(2461, 102, 'attacker'),
(2462, 102, 'attacker'),
(2463, 102, 'attacker'),
(2464, 102, NULL),
(2465, 102, 'attacker'),
(2466, 103, 'goalkeeper'),
(2467, 103, 'goalkeeper'),
(2468, 103, 'goalkeeper'),
(2469, 103, 'defender'),
(2470, 103, 'defender'),
(2471, 103, 'defender'),
(2472, 103, 'defender'),
(2473, 103, 'defender'),
(2474, 103, 'defender'),
(2475, 103, 'defender'),
(2476, 103, 'defender'),
(2477, 103, 'defender'),
(2478, 103, 'midfielder'),
(2479, 103, 'midfielder'),
(2480, 103, 'midfielder'),
(2481, 103, 'midfielder'),
(2482, 103, 'midfielder'),
(2483, 103, 'midfielder'),
(2484, 103, 'attacker'),
(2485, 103, 'attacker'),
(2486, 103, 'attacker'),
(2487, 103, 'attacker'),
(2488, 103, 'attacker'),
(2489, 104, 'goalkeeper'),
(2490, 104, 'goalkeeper'),
(2491, 104, 'goalkeeper'),
(2492, 104, 'defender'),
(2493, 104, 'defender'),
(2494, 104, 'defender'),
(2495, 104, 'defender'),
(2496, 104, 'defender'),
(2497, 104, 'defender'),
(2498, 104, 'defender'),
(2499, 104, 'defender'),
(2500, 104, 'midfielder'),
(2501, 104, 'midfielder'),
(2502, 104, 'midfielder'),
(2503, 104, 'midfielder'),
(2504, 104, 'midfielder'),
(2505, 104, 'midfielder'),
(2506, 104, 'midfielder'),
(2507, 104, 'attacker'),
(2508, 104, 'attacker'),
(2509, 104, 'attacker'),
(2510, 104, 'attacker'),
(2511, 104, 'attacker'),
(2512, 105, 'goalkeeper'),
(2513, 105, 'goalkeeper'),
(2514, 105, 'goalkeeper'),
(2515, 105, NULL),
(2516, 105, 'goalkeeper'),
(2517, 105, 'defender'),
(2518, 105, 'defender'),
(2519, 105, 'defender'),
(2520, 105, NULL),
(2521, 105, NULL),
(2522, 105, 'defender'),
(2523, 105, 'defender'),
(2524, 105, 'defender'),
(2525, 105, NULL),
(2526, 105, 'defender'),
(2527, 105, 'defender'),
(2528, 105, NULL),
(2529, 105, NULL),
(2530, 105, 'midfielder'),
(2531, 105, 'midfielder'),
(2532, 105, 'midfielder'),
(2533, 105, 'midfielder'),
(2534, 105, 'midfielder'),
(2535, 105, NULL),
(2536, 105, 'midfielder'),
(2537, 105, 'midfielder'),
(2538, 105, 'midfielder'),
(2539, 105, NULL),
(2540, 105, NULL),
(2541, 105, NULL),
(2542, 105, 'midfielder'),
(2543, 105, NULL),
(2544, 105, NULL),
(2545, 105, NULL),
(2546, 105, 'attacker'),
(2547, 105, 'attacker'),
(2548, 105, 'attacker'),
(2549, 105, NULL),
(2550, 105, NULL),
(2551, 105, 'attacker'),
(2552, 105, 'attacker'),
(2553, 105, 'attacker'),
(2554, 106, 'goalkeeper'),
(2555, 106, 'goalkeeper'),
(2556, 106, 'goalkeeper'),
(2557, 106, 'defender'),
(2558, 106, 'defender'),
(2559, 106, 'defender'),
(2560, 106, 'defender'),
(2561, 106, 'defender'),
(2562, 106, 'defender'),
(2563, 106, 'defender'),
(2564, 106, 'defender'),
(2565, 106, 'defender'),
(2566, 106, 'defender'),
(2567, 106, 'midfielder'),
(2568, 106, 'midfielder'),
(2569, 106, NULL),
(2570, 106, 'midfielder'),
(2571, 106, 'midfielder'),
(2572, 106, 'midfielder'),
(2573, 106, 'midfielder'),
(2574, 106, 'midfielder'),
(2575, 106, 'midfielder'),
(2576, 106, 'midfielder'),
(2577, 106, 'midfielder'),
(2578, 106, 'midfielder'),
(2579, 106, 'attacker'),
(2580, 106, 'attacker'),
(2581, 106, 'attacker'),
(2582, 106, 'attacker'),
(2583, 106, 'attacker'),
(2584, 106, 'attacker'),
(2585, 106, NULL),
(2586, 106, 'attacker'),
(2587, 107, 'goalkeeper'),
(2588, 107, 'goalkeeper'),
(2589, 107, 'defender'),
(2590, 107, 'defender'),
(2591, 107, 'defender'),
(2592, 107, NULL),
(2593, 107, 'defender'),
(2594, 107, 'defender'),
(2595, 107, 'midfielder'),
(2596, 107, 'midfielder'),
(2597, 107, 'midfielder'),
(2598, 107, 'midfielder'),
(2599, 107, 'attacker'),
(2600, 107, 'attacker'),
(2601, 107, 'attacker'),
(2602, 107, 'attacker'),
(2603, 107, 'attacker'),
(2604, 108, 'goalkeeper'),
(2605, 108, 'goalkeeper'),
(2606, 108, 'defender'),
(2607, 108, 'defender'),
(2608, 108, 'defender'),
(2609, 108, NULL),
(2610, 108, NULL),
(2611, 108, 'defender'),
(2612, 108, 'defender'),
(2613, 108, 'midfielder'),
(2614, 108, 'midfielder'),
(2615, 108, 'midfielder'),
(2616, 108, 'midfielder'),
(2617, 108, 'midfielder'),
(2618, 108, NULL),
(2619, 108, 'midfielder'),
(2620, 108, 'midfielder'),
(2621, 108, 'attacker'),
(2622, 108, 'attacker'),
(2623, 108, 'attacker'),
(2624, 109, 'goalkeeper'),
(2625, 109, 'goalkeeper'),
(2626, 109, 'goalkeeper'),
(2627, 109, 'defender'),
(2628, 109, 'defender'),
(2629, 109, 'defender'),
(2630, 109, 'defender'),
(2631, 109, 'defender'),
(2632, 109, 'defender'),
(2633, 109, 'midfielder'),
(2634, 109, 'midfielder'),
(2635, 109, 'midfielder'),
(2636, 109, 'midfielder'),
(2637, 109, 'midfielder'),
(2638, 109, 'midfielder'),
(2639, 109, 'midfielder'),
(2640, 109, 'midfielder'),
(2641, 109, 'attacker'),
(2642, 109, 'attacker'),
(2643, 109, 'attacker'),
(2644, 109, 'attacker'),
(2645, 109, 'attacker'),
(2646, 109, 'attacker'),
(2647, 110, 'goalkeeper'),
(2648, 110, 'goalkeeper'),
(2649, 110, 'defender'),
(2650, 110, 'defender'),
(2651, 110, 'defender'),
(2652, 110, 'defender'),
(2653, 110, 'defender'),
(2654, 110, 'defender'),
(2655, 110, 'midfielder'),
(2656, 110, 'midfielder'),
(2657, 110, 'midfielder'),
(2658, 110, 'midfielder'),
(2659, 110, 'midfielder'),
(2660, 110, 'midfielder'),
(2661, 110, 'midfielder'),
(2662, 110, 'midfielder'),
(2663, 110, 'midfielder'),
(2664, 110, 'midfielder'),
(2665, 110, 'midfielder'),
(2666, 110, 'attacker'),
(2667, 110, 'attacker'),
(2668, 110, 'attacker'),
(2669, 110, 'attacker'),
(2670, 110, 'attacker'),
(2671, 111, 'goalkeeper'),
(2672, 111, 'goalkeeper'),
(2673, 111, 'defender'),
(2674, 111, 'defender'),
(2675, 111, 'defender'),
(2676, 111, 'defender'),
(2677, 111, 'defender'),
(2678, 111, 'midfielder'),
(2679, 111, 'midfielder'),
(2680, 111, 'midfielder'),
(2681, 111, 'midfielder'),
(2682, 111, 'midfielder'),
(2683, 111, 'attacker'),
(2684, 111, 'attacker'),
(2685, 111, 'attacker'),
(2686, 111, 'attacker'),
(2687, 111, 'attacker'),
(2688, 112, 'goalkeeper'),
(2689, 112, 'goalkeeper'),
(2690, 112, 'defender'),
(2691, 112, 'defender'),
(2692, 112, 'defender'),
(2693, 112, 'defender'),
(2694, 112, 'defender'),
(2695, 112, 'defender'),
(2696, 112, 'defender'),
(2697, 112, 'defender'),
(2698, 112, 'defender'),
(2699, 112, 'midfielder'),
(2700, 112, 'midfielder'),
(2701, 112, 'midfielder'),
(2702, 112, 'midfielder'),
(2703, 112, 'midfielder'),
(2704, 112, 'midfielder'),
(2705, 112, 'midfielder'),
(2706, 112, 'midfielder'),
(2707, 112, 'midfielder'),
(2708, 112, 'attacker'),
(2709, 112, 'attacker'),
(2710, 112, 'attacker'),
(2711, 112, 'attacker'),
(2712, 112, 'attacker'),
(2713, 113, 'goalkeeper'),
(2714, 113, 'goalkeeper'),
(2715, 113, 'defender'),
(2716, 113, 'defender'),
(2717, 113, 'defender'),
(2718, 113, 'defender'),
(2719, 113, 'defender'),
(2720, 113, 'defender'),
(2721, 113, 'defender'),
(2722, 113, 'defender'),
(2723, 113, 'midfielder'),
(2724, 113, 'midfielder'),
(2725, 113, 'midfielder'),
(2726, 113, 'midfielder'),
(2727, 113, 'midfielder'),
(2728, 113, 'midfielder'),
(2729, 113, 'midfielder'),
(2730, 113, 'attacker'),
(2731, 113, 'attacker'),
(2732, 113, 'attacker'),
(2733, 113, 'attacker'),
(2734, 113, 'attacker'),
(2735, 113, 'attacker'),
(2736, 113, 'attacker'),
(2737, 113, 'attacker'),
(2738, 114, 'goalkeeper'),
(2739, 114, 'goalkeeper'),
(2740, 114, 'goalkeeper'),
(2741, 114, 'defender'),
(2742, 114, 'defender'),
(2743, 114, 'defender'),
(2744, 114, 'defender'),
(2745, 114, 'defender'),
(2746, 114, 'defender'),
(2747, 114, 'midfielder'),
(2748, 114, 'midfielder'),
(2749, 114, 'midfielder'),
(2750, 114, 'midfielder'),
(2751, 114, 'midfielder'),
(2752, 114, 'midfielder'),
(2753, 114, 'attacker'),
(2754, 114, 'attacker'),
(2755, 114, 'attacker'),
(2756, 114, 'attacker'),
(2757, 114, 'attacker'),
(2758, 115, 'goalkeeper'),
(2759, 115, 'goalkeeper'),
(2760, 115, 'goalkeeper'),
(2761, 115, NULL),
(2762, 115, NULL),
(2763, 115, 'defender'),
(2764, 115, 'defender'),
(2765, 115, 'defender'),
(2766, 115, 'defender'),
(2767, 115, 'defender'),
(2768, 115, 'defender'),
(2769, 115, 'defender'),
(2770, 115, 'defender'),
(2771, 115, NULL),
(2772, 115, 'midfielder'),
(2773, 115, 'midfielder'),
(2774, 115, 'midfielder'),
(2775, 115, 'midfielder'),
(2776, 115, 'midfielder'),
(2777, 115, 'midfielder'),
(2778, 115, 'midfielder'),
(2779, 115, 'midfielder'),
(2780, 115, 'midfielder'),
(2781, 115, 'midfielder'),
(2782, 115, NULL),
(2783, 115, 'midfielder'),
(2784, 115, NULL),
(2785, 115, 'midfielder'),
(2786, 115, 'midfielder'),
(2787, 115, NULL),
(2788, 115, 'attacker'),
(2789, 115, 'attacker'),
(2790, 115, 'attacker'),
(2791, 115, 'attacker'),
(2792, 115, 'attacker'),
(2793, 115, 'attacker'),
(2794, 115, 'attacker'),
(2795, 116, 'goalkeeper'),
(2796, 116, 'goalkeeper'),
(2797, 116, 'goalkeeper'),
(2798, 116, 'goalkeeper'),
(2799, 116, 'goalkeeper'),
(2800, 116, 'goalkeeper'),
(2801, 116, 'defender'),
(2802, 116, 'defender'),
(2803, 116, 'defender'),
(2804, 116, 'defender'),
(2805, 116, 'defender'),
(2806, 116, 'defender'),
(2807, 116, 'defender'),
(2808, 116, 'defender'),
(2809, 116, 'defender'),
(2810, 116, 'defender'),
(2811, 116, 'defender'),
(2812, 116, 'defender'),
(2813, 116, 'defender'),
(2814, 116, 'midfielder'),
(2815, 116, 'midfielder'),
(2816, 116, 'midfielder'),
(2817, 116, 'midfielder'),
(2818, 116, 'midfielder'),
(2819, 116, 'midfielder'),
(2820, 116, 'midfielder'),
(2821, 116, 'midfielder'),
(2822, 116, 'midfielder'),
(2823, 116, 'midfielder'),
(2824, 116, 'midfielder'),
(2825, 116, 'midfielder'),
(2826, 116, 'midfielder'),
(2827, 116, 'midfielder'),
(2828, 116, 'attacker'),
(2829, 116, 'attacker'),
(2830, 116, 'attacker'),
(2831, 116, 'attacker'),
(2832, 117, 'goalkeeper'),
(2833, 117, 'goalkeeper'),
(2834, 117, NULL),
(2835, 117, 'goalkeeper'),
(2836, 117, 'goalkeeper'),
(2837, 117, 'goalkeeper'),
(2838, 117, 'goalkeeper'),
(2839, 117, 'defender'),
(2840, 117, 'defender'),
(2841, 117, 'defender'),
(2842, 117, 'defender'),
(2843, 117, 'defender'),
(2844, 117, NULL),
(2845, 117, 'defender'),
(2846, 117, 'defender'),
(2847, 117, 'defender'),
(2848, 117, 'defender'),
(2849, 117, 'defender'),
(2850, 117, 'defender'),
(2851, 117, 'defender'),
(2852, 117, 'defender'),
(2853, 117, 'defender'),
(2854, 117, 'defender'),
(2855, 117, 'midfielder'),
(2856, 117, 'midfielder'),
(2857, 117, 'midfielder'),
(2858, 117, 'midfielder'),
(2859, 117, 'midfielder'),
(2860, 117, 'midfielder'),
(2861, 117, 'midfielder'),
(2862, 117, 'midfielder'),
(2863, 117, 'midfielder'),
(2864, 117, 'midfielder'),
(2865, 117, 'midfielder'),
(2866, 117, 'midfielder'),
(2867, 117, 'midfielder'),
(2868, 117, 'midfielder'),
(2869, 117, 'midfielder'),
(2870, 117, 'midfielder'),
(2871, 117, 'midfielder'),
(2872, 117, 'midfielder'),
(2873, 117, 'midfielder'),
(2874, 117, 'midfielder'),
(2875, 117, 'midfielder'),
(2876, 117, 'attacker'),
(2877, 117, 'attacker'),
(2878, 117, NULL),
(2879, 117, 'attacker'),
(2880, 117, 'attacker'),
(2881, 117, 'attacker'),
(2882, 117, 'attacker'),
(2883, 117, 'attacker'),
(2884, 118, 'goalkeeper'),
(2885, 118, 'goalkeeper'),
(2886, 118, 'goalkeeper'),
(2887, 118, 'goalkeeper'),
(2888, 118, 'defender'),
(2889, 118, 'defender'),
(2890, 118, 'defender'),
(2891, 118, 'defender'),
(2892, 118, 'defender'),
(2893, 118, 'defender'),
(2894, 118, 'defender'),
(2895, 118, 'defender'),
(2896, 118, 'defender'),
(2897, 118, 'defender'),
(2898, 118, 'midfielder'),
(2899, 118, 'midfielder'),
(2900, 118, 'midfielder'),
(2901, 118, 'midfielder'),
(2902, 118, 'midfielder'),
(2903, 118, 'midfielder'),
(2904, 118, 'midfielder'),
(2905, 118, 'midfielder'),
(2906, 118, 'midfielder'),
(2907, 118, 'midfielder'),
(2908, 118, 'midfielder'),
(2909, 118, 'midfielder'),
(2910, 118, 'midfielder'),
(2911, 118, 'attacker'),
(2912, 118, 'attacker'),
(2913, 118, 'attacker'),
(2914, 118, 'attacker'),
(2915, 118, 'attacker'),
(2916, 118, 'attacker'),
(2917, 119, 'goalkeeper'),
(2918, 119, 'goalkeeper'),
(2919, 119, 'defender'),
(2920, 119, 'defender'),
(2921, 119, 'defender'),
(2922, 119, 'defender'),
(2923, 119, 'defender'),
(2924, 119, 'defender'),
(2925, 119, 'defender'),
(2926, 119, 'midfielder'),
(2927, 119, 'midfielder'),
(2928, 119, 'midfielder'),
(2929, 119, 'midfielder'),
(2930, 119, 'attacker'),
(2931, 119, 'attacker'),
(2932, 119, 'attacker'),
(2933, 119, 'attacker'),
(2934, 119, 'attacker'),
(2935, 120, 'goalkeeper'),
(2936, 120, 'goalkeeper'),
(2937, 120, 'defender'),
(2938, 120, 'defender'),
(2939, 120, 'defender'),
(2940, 120, 'defender'),
(2941, 120, 'defender'),
(2942, 120, 'defender'),
(2943, 120, 'defender'),
(2944, 120, 'midfielder'),
(2945, 120, 'midfielder'),
(2946, 120, 'midfielder'),
(2947, 120, 'midfielder'),
(2948, 120, 'midfielder'),
(2949, 120, 'midfielder'),
(2950, 120, 'midfielder'),
(2951, 120, 'attacker'),
(2952, 120, 'attacker'),
(2953, 120, 'attacker'),
(2954, 120, 'attacker'),
(2955, 120, 'attacker'),
(2956, 120, 'attacker'),
(2957, 120, 'attacker'),
(2958, 121, 'goalkeeper'),
(2959, 121, 'goalkeeper'),
(2960, 121, 'goalkeeper'),
(2961, 121, 'defender'),
(2962, 121, 'defender'),
(2963, 121, NULL),
(2964, 121, 'defender'),
(2965, 121, 'defender'),
(2966, 121, 'defender'),
(2967, 121, NULL),
(2968, 121, 'defender'),
(2969, 121, 'defender'),
(2970, 121, 'midfielder'),
(2971, 121, 'midfielder'),
(2972, 121, 'midfielder'),
(2973, 121, 'midfielder'),
(2974, 121, 'midfielder'),
(2975, 121, 'midfielder'),
(2976, 121, NULL),
(2977, 121, 'midfielder'),
(2978, 121, 'midfielder'),
(2979, 121, 'attacker'),
(2980, 121, NULL),
(2981, 121, 'attacker'),
(2982, 121, 'attacker'),
(2983, 121, 'attacker'),
(2984, 121, 'attacker'),
(2985, 122, 'goalkeeper'),
(2986, 122, 'goalkeeper'),
(2987, 122, 'goalkeeper'),
(2988, 122, 'goalkeeper'),
(2989, 122, 'defender'),
(2990, 122, 'defender'),
(2991, 122, 'defender'),
(2992, 122, 'defender'),
(2993, 122, 'defender'),
(2994, 122, 'defender'),
(2995, 122, 'defender'),
(2996, 122, 'defender'),
(2997, 122, 'defender'),
(2998, 122, 'midfielder'),
(2999, 122, 'midfielder'),
(3000, 122, 'midfielder'),
(3001, 122, 'midfielder'),
(3002, 122, 'midfielder'),
(3003, 122, 'midfielder'),
(3004, 122, 'midfielder'),
(3005, 122, 'midfielder'),
(3006, 122, 'midfielder'),
(3007, 122, 'midfielder'),
(3008, 122, 'midfielder'),
(3009, 122, NULL),
(3010, 122, 'attacker'),
(3011, 122, 'attacker'),
(3012, 122, 'attacker'),
(3013, 122, NULL),
(3014, 122, 'attacker'),
(3015, 122, 'attacker'),
(3016, 122, 'attacker'),
(3017, 122, 'attacker'),
(3018, 123, 'goalkeeper'),
(3019, 123, 'goalkeeper'),
(3020, 123, 'defender'),
(3021, 123, NULL),
(3022, 123, 'defender'),
(3023, 123, 'defender'),
(3024, 123, NULL),
(3025, 123, 'defender'),
(3026, 123, 'midfielder'),
(3027, 123, 'midfielder'),
(3028, 123, NULL),
(3029, 123, 'midfielder'),
(3030, 123, NULL),
(3031, 123, 'attacker'),
(3032, 123, NULL),
(3033, 123, 'attacker'),
(3034, 123, 'attacker'),
(3035, 123, 'attacker'),
(3036, 123, 'attacker'),
(3037, 123, 'attacker'),
(3038, 124, 'goalkeeper'),
(3039, 124, 'goalkeeper'),
(3040, 124, 'defender'),
(3041, 124, 'defender'),
(3042, 124, 'defender'),
(3043, 124, 'defender'),
(3044, 124, 'defender'),
(3045, 124, 'defender'),
(3046, 124, 'midfielder'),
(3047, 124, 'midfielder'),
(3048, 124, 'midfielder'),
(3049, 124, 'midfielder'),
(3050, 124, 'midfielder'),
(3051, 124, 'midfielder'),
(3052, 124, 'midfielder'),
(3053, 124, 'midfielder'),
(3054, 124, 'attacker'),
(3055, 124, 'attacker'),
(3056, 124, 'attacker'),
(3057, 125, 'goalkeeper'),
(3058, 125, 'goalkeeper'),
(3059, 125, 'goalkeeper'),
(3060, 125, 'defender'),
(3061, 125, 'defender'),
(3062, 125, 'defender'),
(3063, 125, 'defender'),
(3064, 125, 'defender'),
(3065, 125, 'defender'),
(3066, 125, 'defender'),
(3067, 125, 'defender'),
(3068, 125, 'midfielder'),
(3069, 125, 'midfielder'),
(3070, 125, 'midfielder'),
(3071, 125, 'midfielder'),
(3072, 125, 'midfielder'),
(3073, 125, 'midfielder'),
(3074, 125, 'attacker'),
(3075, 125, 'attacker'),
(3076, 125, 'attacker'),
(3077, 125, 'attacker'),
(3078, 125, 'attacker'),
(3079, 125, 'attacker'),
(3080, 126, 'goalkeeper'),
(3081, 126, 'goalkeeper'),
(3082, 126, 'defender'),
(3083, 126, 'defender'),
(3084, 126, 'defender'),
(3085, 126, 'defender'),
(3086, 126, 'defender'),
(3087, 126, 'defender'),
(3088, 126, 'defender'),
(3089, 126, NULL),
(3090, 126, 'defender'),
(3091, 126, 'midfielder'),
(3092, 126, 'midfielder'),
(3093, 126, 'midfielder'),
(3094, 126, 'midfielder'),
(3095, 126, 'midfielder'),
(3096, 126, 'midfielder'),
(3097, 126, 'midfielder'),
(3098, 126, 'attacker'),
(3099, 126, 'attacker'),
(3100, 126, 'attacker'),
(3101, 126, 'attacker'),
(3102, 127, 'goalkeeper'),
(3103, 127, 'goalkeeper'),
(3104, 127, 'defender'),
(3105, 127, 'defender'),
(3106, 127, 'defender'),
(3107, 127, 'defender'),
(3108, 127, 'defender'),
(3109, 127, 'defender'),
(3110, 127, 'defender'),
(3111, 127, 'midfielder'),
(3112, 127, 'midfielder'),
(3113, 127, 'midfielder'),
(3114, 127, 'midfielder'),
(3115, 127, 'midfielder'),
(3116, 127, 'midfielder'),
(3117, 127, 'midfielder'),
(3118, 127, 'midfielder'),
(3119, 127, 'midfielder'),
(3120, 127, 'attacker'),
(3121, 127, 'attacker'),
(3122, 127, 'attacker'),
(3123, 128, 'goalkeeper'),
(3124, 128, 'goalkeeper'),
(3125, 128, 'goalkeeper'),
(3126, 128, 'goalkeeper'),
(3127, 128, 'defender'),
(3128, 128, 'defender'),
(3129, 128, 'defender'),
(3130, 128, 'defender'),
(3131, 128, 'defender'),
(3132, 128, 'defender'),
(3133, 128, 'defender'),
(3134, 128, 'defender'),
(3135, 128, 'defender'),
(3136, 128, 'defender'),
(3137, 128, 'defender'),
(3138, 128, 'midfielder'),
(3139, 128, 'midfielder'),
(3140, 128, 'midfielder'),
(3141, 128, 'midfielder'),
(3142, 128, 'midfielder'),
(3143, 128, 'midfielder'),
(3144, 128, 'midfielder'),
(3145, 128, 'midfielder'),
(3146, 128, 'midfielder'),
(3147, 128, 'midfielder'),
(3148, 128, 'midfielder'),
(3149, 128, 'midfielder'),
(3150, 128, 'midfielder'),
(3151, 128, 'midfielder'),
(3152, 128, 'midfielder'),
(3153, 128, 'midfielder'),
(3154, 128, 'midfielder'),
(3155, 128, 'midfielder'),
(3156, 128, 'midfielder'),
(3157, 128, 'midfielder'),
(3158, 128, 'attacker'),
(3159, 128, 'attacker'),
(3160, 128, 'attacker'),
(3161, 128, 'attacker'),
(3162, 128, 'attacker'),
(3163, 128, 'attacker'),
(3164, 128, 'attacker'),
(3165, 128, 'attacker'),
(3166, 129, 'goalkeeper'),
(3167, 129, 'goalkeeper'),
(3168, 129, 'defender'),
(3169, 129, 'defender'),
(3170, 129, 'defender'),
(3171, 129, 'defender'),
(3172, 129, 'defender'),
(3173, 129, NULL),
(3174, 129, NULL),
(3175, 129, 'midfielder'),
(3176, 129, 'midfielder'),
(3177, 129, 'midfielder'),
(3178, 129, 'midfielder'),
(3179, 129, 'attacker'),
(3180, 129, 'attacker'),
(3181, 129, NULL),
(3182, 129, 'attacker'),
(3183, 129, 'attacker'),
(3184, 130, 'goalkeeper'),
(3185, 130, 'goalkeeper'),
(3186, 130, 'goalkeeper'),
(3187, 130, 'goalkeeper'),
(3188, 130, NULL),
(3189, 130, 'defender'),
(3190, 130, 'defender'),
(3191, 130, 'defender'),
(3192, 130, NULL),
(3193, 130, 'defender'),
(3194, 130, NULL),
(3195, 130, 'defender'),
(3196, 130, 'defender'),
(3197, 130, 'defender'),
(3198, 130, 'defender'),
(3199, 130, NULL),
(3200, 130, 'defender'),
(3201, 130, 'defender'),
(3202, 130, 'midfielder'),
(3203, 130, 'midfielder'),
(3204, 130, 'midfielder'),
(3205, 130, 'midfielder'),
(3206, 130, 'midfielder'),
(3207, 130, 'midfielder'),
(3208, 130, 'midfielder'),
(3209, 130, 'midfielder'),
(3210, 130, 'midfielder'),
(3211, 130, NULL),
(3212, 130, 'midfielder'),
(3213, 130, 'midfielder'),
(3214, 130, 'midfielder'),
(3215, 130, 'attacker'),
(3216, 130, 'attacker'),
(3217, 130, 'attacker'),
(3218, 130, 'attacker'),
(3219, 130, 'attacker'),
(3220, 130, NULL),
(3221, 130, NULL),
(3222, 130, 'attacker'),
(3223, 130, 'attacker'),
(3224, 131, 'goalkeeper'),
(3225, 131, 'goalkeeper'),
(3226, 131, 'goalkeeper'),
(3227, 131, 'goalkeeper'),
(3228, 131, 'goalkeeper'),
(3229, 131, NULL),
(3230, 131, 'defender'),
(3231, 131, 'defender'),
(3232, 131, 'defender'),
(3233, 131, 'defender'),
(3234, 131, 'defender'),
(3235, 131, 'defender'),
(3236, 131, 'defender'),
(3237, 131, 'defender'),
(3238, 131, 'defender'),
(3239, 131, 'defender'),
(3240, 131, 'midfielder'),
(3241, 131, 'midfielder'),
(3242, 131, 'midfielder'),
(3243, 131, 'midfielder'),
(3244, 131, 'midfielder'),
(3245, 131, 'midfielder'),
(3246, 131, 'midfielder'),
(3247, 131, 'midfielder'),
(3248, 131, 'midfielder'),
(3249, 131, 'midfielder'),
(3250, 131, 'midfielder'),
(3251, 131, 'midfielder'),
(3252, 131, NULL),
(3253, 131, 'attacker'),
(3254, 131, NULL),
(3255, 131, 'attacker'),
(3256, 131, 'attacker'),
(3257, 131, 'attacker'),
(3258, 131, NULL),
(3259, 131, 'attacker'),
(3260, 131, 'attacker'),
(3261, 131, 'attacker'),
(3262, 131, 'attacker'),
(3263, 132, 'goalkeeper'),
(3264, 132, 'goalkeeper'),
(3265, 132, 'goalkeeper'),
(3266, 132, NULL),
(3267, 132, 'goalkeeper'),
(3268, 132, 'defender'),
(3269, 132, 'defender'),
(3270, 132, 'defender'),
(3271, 132, 'defender'),
(3272, 132, 'defender'),
(3273, 132, 'defender'),
(3274, 132, 'defender'),
(3275, 132, 'defender'),
(3276, 132, 'midfielder'),
(3277, 132, 'midfielder'),
(3278, 132, NULL),
(3279, 132, 'midfielder'),
(3280, 132, 'midfielder'),
(3281, 132, 'midfielder'),
(3282, 132, 'midfielder'),
(3283, 132, 'midfielder'),
(3284, 132, 'midfielder'),
(3285, 132, NULL),
(3286, 132, 'midfielder'),
(3287, 132, 'midfielder'),
(3288, 132, 'attacker'),
(3289, 132, 'attacker'),
(3290, 132, NULL),
(3291, 132, 'attacker'),
(3292, 132, 'attacker'),
(3293, 133, NULL),
(3294, 133, 'goalkeeper'),
(3295, 133, 'goalkeeper'),
(3296, 133, NULL),
(3297, 133, 'defender'),
(3298, 133, 'defender'),
(3299, 133, 'defender'),
(3300, 133, 'defender'),
(3301, 133, 'defender'),
(3302, 133, 'defender'),
(3303, 133, 'defender'),
(3304, 133, 'defender'),
(3305, 133, NULL),
(3306, 133, 'midfielder'),
(3307, 133, 'midfielder'),
(3308, 133, 'midfielder'),
(3309, 133, 'midfielder'),
(3310, 133, 'midfielder'),
(3311, 133, 'midfielder'),
(3312, 133, 'midfielder'),
(3313, 133, 'midfielder'),
(3314, 133, 'midfielder'),
(3315, 133, NULL),
(3316, 133, 'attacker'),
(3317, 133, 'attacker'),
(3318, 133, 'attacker'),
(3319, 133, 'attacker'),
(3320, 133, 'attacker'),
(3321, 133, 'attacker'),
(3322, 134, 'goalkeeper'),
(3323, 134, 'goalkeeper'),
(3324, 134, 'defender'),
(3325, 134, 'defender'),
(3326, 134, 'defender'),
(3327, 134, 'defender'),
(3328, 134, 'midfielder'),
(3329, 134, 'midfielder'),
(3330, 134, 'midfielder'),
(3331, 134, 'midfielder'),
(3332, 134, 'midfielder'),
(3333, 134, 'attacker'),
(3334, 134, 'attacker'),
(3335, 134, NULL),
(3336, 134, 'attacker'),
(3337, 134, 'attacker'),
(3338, 134, 'attacker'),
(3339, 134, 'attacker'),
(3340, 135, 'goalkeeper'),
(3341, 135, 'goalkeeper'),
(3342, 135, NULL),
(3343, 135, 'defender'),
(3344, 135, 'defender'),
(3345, 135, 'defender'),
(3346, 135, 'defender'),
(3347, 135, 'defender'),
(3348, 135, 'defender'),
(3349, 135, 'defender'),
(3350, 135, 'defender'),
(3351, 135, 'defender'),
(3352, 135, 'defender'),
(3353, 135, 'defender'),
(3354, 135, NULL),
(3355, 135, 'midfielder'),
(3356, 135, 'midfielder'),
(3357, 135, 'midfielder'),
(3358, 135, 'midfielder'),
(3359, 135, 'midfielder'),
(3360, 135, 'midfielder'),
(3361, 135, 'midfielder'),
(3362, 135, 'midfielder'),
(3363, 135, 'midfielder'),
(3364, 135, 'midfielder'),
(3365, 135, 'midfielder'),
(3366, 135, NULL),
(3367, 135, NULL),
(3368, 135, 'midfielder'),
(3369, 135, 'attacker'),
(3370, 135, 'attacker'),
(3371, 135, 'attacker'),
(3372, 135, 'attacker'),
(3373, 135, 'attacker'),
(3374, 135, 'attacker'),
(3375, 135, NULL),
(3376, 135, 'attacker'),
(3377, 135, 'attacker'),
(3378, 136, 'goalkeeper'),
(3379, 136, 'goalkeeper'),
(3380, 136, 'defender'),
(3381, 136, 'defender'),
(3382, 136, 'defender'),
(3383, 136, 'defender'),
(3384, 136, 'defender'),
(3385, 136, 'midfielder'),
(3386, 136, 'midfielder'),
(3387, 136, 'midfielder'),
(3388, 136, 'midfielder'),
(3389, 136, 'midfielder'),
(3390, 136, 'midfielder'),
(3391, 136, 'attacker'),
(3392, 136, 'attacker'),
(3393, 136, 'attacker'),
(3394, 136, 'attacker'),
(3395, 136, 'attacker'),
(3396, 137, 'goalkeeper'),
(3397, 137, 'goalkeeper'),
(3398, 137, 'goalkeeper'),
(3399, 137, 'defender'),
(3400, 137, 'defender'),
(3401, 137, 'defender'),
(3402, 137, 'defender'),
(3403, 137, 'defender'),
(3404, 137, NULL),
(3405, 137, 'midfielder'),
(3406, 137, 'midfielder'),
(3407, 137, 'midfielder'),
(3408, 137, 'midfielder'),
(3409, 137, 'midfielder'),
(3410, 137, 'midfielder'),
(3411, 137, 'midfielder'),
(3412, 137, 'midfielder'),
(3413, 137, 'midfielder'),
(3414, 137, 'attacker'),
(3415, 137, 'attacker'),
(3416, 137, 'attacker'),
(3417, 137, 'attacker'),
(3418, 138, 'goalkeeper'),
(3419, 138, NULL),
(3420, 138, 'goalkeeper'),
(3421, 138, 'defender'),
(3422, 138, 'defender'),
(3423, 138, 'defender'),
(3424, 138, 'defender'),
(3425, 138, 'defender'),
(3426, 138, 'defender'),
(3427, 138, 'defender'),
(3428, 138, 'defender'),
(3429, 138, 'defender'),
(3430, 138, 'midfielder'),
(3431, 138, 'midfielder'),
(3432, 138, 'midfielder'),
(3433, 138, 'midfielder'),
(3434, 138, 'midfielder'),
(3435, 138, 'midfielder'),
(3436, 138, 'midfielder'),
(3437, 138, 'midfielder'),
(3438, 138, 'attacker'),
(3439, 138, 'attacker'),
(3440, 138, 'attacker'),
(3441, 138, 'attacker'),
(3442, 138, 'attacker'),
(3443, 138, 'attacker'),
(3444, 138, NULL),
(3445, 138, 'attacker'),
(3446, 139, 'goalkeeper'),
(3447, 139, 'goalkeeper'),
(3448, 139, 'goalkeeper'),
(3449, 139, 'defender'),
(3450, 139, 'defender'),
(3451, 139, 'defender'),
(3452, 139, 'defender'),
(3453, 139, 'defender'),
(3454, 139, 'defender'),
(3455, 139, 'defender'),
(3456, 139, 'defender'),
(3457, 139, 'defender'),
(3458, 139, 'midfielder'),
(3459, 139, 'midfielder'),
(3460, 139, 'midfielder'),
(3461, 139, 'midfielder'),
(3462, 139, 'attacker'),
(3463, 139, 'attacker'),
(3464, 139, 'attacker'),
(3465, 139, 'attacker'),
(3466, 139, 'attacker'),
(3467, 139, 'attacker'),
(3468, 139, 'attacker'),
(3469, 140, 'goalkeeper'),
(3470, 140, 'goalkeeper'),
(3471, 140, 'goalkeeper'),
(3472, 140, 'goalkeeper'),
(3473, 140, 'goalkeeper'),
(3474, 140, 'defender'),
(3475, 140, 'defender'),
(3476, 140, 'defender'),
(3477, 140, 'defender'),
(3478, 140, 'defender'),
(3479, 140, 'defender'),
(3480, 140, 'defender'),
(3481, 140, 'defender'),
(3482, 140, 'defender'),
(3483, 140, 'defender'),
(3484, 140, 'defender'),
(3485, 140, 'defender'),
(3486, 140, 'defender'),
(3487, 140, 'midfielder'),
(3488, 140, 'midfielder'),
(3489, 140, 'midfielder'),
(3490, 140, 'midfielder'),
(3491, 140, 'midfielder'),
(3492, 140, 'midfielder'),
(3493, 140, 'midfielder'),
(3494, 140, 'midfielder'),
(3495, 140, 'midfielder'),
(3496, 140, 'midfielder'),
(3497, 140, 'midfielder'),
(3498, 140, 'midfielder'),
(3499, 140, 'midfielder'),
(3500, 140, 'midfielder'),
(3501, 140, 'attacker'),
(3502, 140, 'attacker'),
(3503, 140, 'attacker'),
(3504, 140, 'attacker'),
(3505, 140, 'attacker'),
(3506, 140, 'attacker'),
(3507, 140, 'attacker'),
(3508, 140, 'attacker'),
(3509, 141, 'goalkeeper'),
(3510, 141, 'defender'),
(3511, 141, 'defender'),
(3512, 141, 'defender'),
(3513, 141, 'defender'),
(3514, 141, 'defender'),
(3515, 141, NULL),
(3516, 141, 'defender'),
(3517, 141, 'midfielder'),
(3518, 141, 'midfielder'),
(3519, 141, 'midfielder'),
(3520, 141, 'midfielder'),
(3521, 141, NULL),
(3522, 141, 'midfielder'),
(3523, 141, 'attacker'),
(3524, 141, 'attacker'),
(3525, 142, 'goalkeeper'),
(3526, 142, 'goalkeeper'),
(3527, 142, 'goalkeeper'),
(3528, 142, 'defender'),
(3529, 142, 'defender'),
(3530, 142, 'defender'),
(3531, 142, 'defender'),
(3532, 142, 'defender'),
(3533, 142, 'defender'),
(3534, 142, 'defender'),
(3535, 142, 'defender'),
(3536, 142, 'defender'),
(3537, 142, 'midfielder'),
(3538, 142, 'midfielder'),
(3539, 142, 'midfielder'),
(3540, 142, 'midfielder'),
(3541, 142, 'midfielder'),
(3542, 142, 'midfielder'),
(3543, 142, 'midfielder'),
(3544, 142, 'midfielder'),
(3545, 142, 'midfielder'),
(3546, 142, 'midfielder'),
(3547, 142, 'midfielder'),
(3548, 142, 'midfielder'),
(3549, 142, 'attacker'),
(3550, 142, 'attacker'),
(3551, 142, 'attacker'),
(3552, 142, 'attacker'),
(3553, 142, 'attacker'),
(3554, 142, 'attacker'),
(3555, 143, 'goalkeeper'),
(3556, 143, 'goalkeeper'),
(3557, 143, 'goalkeeper'),
(3558, 143, 'defender'),
(3559, 143, 'defender'),
(3560, 143, 'defender'),
(3561, 143, 'defender'),
(3562, 143, 'defender'),
(3563, 143, 'defender'),
(3564, 143, 'defender'),
(3565, 143, 'defender'),
(3566, 143, 'defender'),
(3567, 143, 'midfielder'),
(3568, 143, 'midfielder'),
(3569, 143, 'midfielder'),
(3570, 143, 'midfielder'),
(3571, 143, 'midfielder'),
(3572, 143, 'attacker'),
(3573, 143, 'attacker'),
(3574, 143, 'attacker'),
(3575, 143, 'attacker'),
(3576, 143, 'attacker'),
(3577, 143, 'attacker'),
(3578, 143, 'attacker'),
(3579, 144, 'goalkeeper'),
(3580, 144, 'goalkeeper'),
(3581, 144, 'goalkeeper'),
(3582, 144, 'defender'),
(3583, 144, 'defender'),
(3584, 144, 'defender'),
(3585, 144, 'defender'),
(3586, 144, 'defender'),
(3587, 144, 'defender'),
(3588, 144, 'midfielder'),
(3589, 144, 'midfielder'),
(3590, 144, 'midfielder'),
(3591, 144, 'midfielder'),
(3592, 144, 'midfielder'),
(3593, 144, 'midfielder'),
(3594, 144, 'midfielder'),
(3595, 144, 'midfielder'),
(3596, 144, 'midfielder'),
(3597, 144, 'midfielder'),
(3598, 144, 'midfielder'),
(3599, 144, 'attacker'),
(3600, 144, 'attacker'),
(3601, 144, 'attacker'),
(3602, 144, 'attacker'),
(3603, 144, 'attacker'),
(3604, 144, 'attacker'),
(3605, 145, 'goalkeeper'),
(3606, 145, 'goalkeeper'),
(3607, 145, 'goalkeeper'),
(3608, 145, 'defender'),
(3609, 145, 'defender'),
(3610, 145, 'defender'),
(3611, 145, 'defender'),
(3612, 145, 'defender'),
(3613, 145, 'defender'),
(3614, 145, 'midfielder'),
(3615, 145, 'midfielder'),
(3616, 145, 'midfielder'),
(3617, 145, 'midfielder'),
(3618, 145, 'midfielder'),
(3619, 145, 'midfielder'),
(3620, 145, 'midfielder'),
(3621, 145, 'midfielder'),
(3622, 145, 'midfielder'),
(3623, 145, 'midfielder'),
(3624, 145, 'midfielder'),
(3625, 145, 'midfielder'),
(3626, 145, 'attacker'),
(3627, 145, 'attacker'),
(3628, 145, 'attacker'),
(3629, 146, 'goalkeeper'),
(3630, 146, 'goalkeeper'),
(3631, 146, 'goalkeeper'),
(3632, 146, 'goalkeeper'),
(3633, 146, 'defender'),
(3634, 146, 'defender'),
(3635, 146, 'defender'),
(3636, 146, 'defender'),
(3637, 146, 'defender'),
(3638, 146, 'midfielder'),
(3639, 146, 'midfielder'),
(3640, 146, 'midfielder'),
(3641, 146, 'midfielder'),
(3642, 146, 'midfielder'),
(3643, 146, 'midfielder'),
(3644, 146, 'midfielder'),
(3645, 146, 'midfielder'),
(3646, 146, 'attacker'),
(3647, 146, 'attacker'),
(3648, 146, 'attacker'),
(3649, 146, 'attacker'),
(3650, 146, 'attacker'),
(3651, 146, 'attacker'),
(3652, 147, 'goalkeeper'),
(3653, 147, 'goalkeeper'),
(3654, 147, 'goalkeeper'),
(3655, 147, 'defender'),
(3656, 147, 'defender'),
(3657, 147, 'defender'),
(3658, 147, 'defender'),
(3659, 147, 'defender'),
(3660, 147, 'defender'),
(3661, 147, 'defender'),
(3662, 147, 'defender'),
(3663, 147, 'midfielder'),
(3664, 147, 'midfielder'),
(3665, 147, 'midfielder'),
(3666, 147, 'midfielder'),
(3667, 147, 'midfielder'),
(3668, 147, 'midfielder'),
(3669, 147, 'attacker'),
(3670, 147, 'attacker'),
(3671, 147, 'attacker'),
(3672, 147, 'attacker'),
(3673, 148, 'goalkeeper'),
(3674, 148, 'goalkeeper'),
(3675, 148, 'defender'),
(3676, 148, 'defender'),
(3677, 148, 'defender'),
(3678, 148, 'defender'),
(3679, 148, 'defender'),
(3680, 148, 'defender'),
(3681, 148, 'defender'),
(3682, 148, 'midfielder'),
(3683, 148, 'midfielder'),
(3684, 148, 'midfielder'),
(3685, 148, 'midfielder'),
(3686, 148, 'midfielder'),
(3687, 148, 'midfielder'),
(3688, 148, 'midfielder'),
(3689, 148, 'midfielder'),
(3690, 148, 'midfielder'),
(3691, 148, 'attacker'),
(3692, 148, 'attacker'),
(3693, 149, 'goalkeeper'),
(3694, 149, 'goalkeeper'),
(3695, 149, 'defender'),
(3696, 149, 'defender'),
(3697, 149, 'defender'),
(3698, 149, 'defender'),
(3699, 149, 'defender'),
(3700, 149, 'defender'),
(3701, 149, 'defender'),
(3702, 149, 'defender'),
(3703, 149, 'defender'),
(3704, 149, 'midfielder'),
(3705, 149, 'midfielder'),
(3706, 149, 'midfielder'),
(3707, 149, 'midfielder'),
(3708, 149, 'midfielder'),
(3709, 149, 'midfielder'),
(3710, 149, 'midfielder'),
(3711, 149, 'midfielder'),
(3712, 149, 'attacker'),
(3713, 149, 'attacker'),
(3714, 149, 'attacker'),
(3715, 149, 'attacker'),
(3716, 150, 'goalkeeper'),
(3717, 150, 'goalkeeper'),
(3718, 150, 'defender'),
(3719, 150, 'defender'),
(3720, 150, 'defender'),
(3721, 150, 'defender'),
(3722, 150, 'defender'),
(3723, 150, 'defender'),
(3724, 150, 'midfielder'),
(3725, 150, 'midfielder'),
(3726, 150, 'midfielder'),
(3727, 150, 'midfielder'),
(3728, 150, 'midfielder'),
(3729, 150, 'midfielder'),
(3730, 150, 'midfielder'),
(3731, 150, 'midfielder'),
(3732, 150, 'midfielder'),
(3733, 150, 'midfielder'),
(3734, 150, 'attacker'),
(3735, 150, 'attacker'),
(3736, 151, 'goalkeeper'),
(3737, 151, 'goalkeeper'),
(3738, 151, 'goalkeeper'),
(3739, 151, 'defender'),
(3740, 151, 'defender'),
(3741, 151, 'defender'),
(3742, 151, 'defender'),
(3743, 151, 'defender'),
(3744, 151, 'defender'),
(3745, 151, 'defender'),
(3746, 151, 'defender'),
(3747, 151, 'midfielder'),
(3748, 151, 'midfielder'),
(3749, 151, 'midfielder'),
(3750, 151, 'midfielder'),
(3751, 151, 'midfielder'),
(3752, 151, 'midfielder'),
(3753, 151, 'midfielder'),
(3754, 151, 'midfielder'),
(3755, 151, 'midfielder'),
(3756, 151, 'attacker'),
(3757, 151, 'attacker'),
(3758, 151, 'attacker'),
(3759, 151, 'attacker'),
(3760, 152, 'goalkeeper'),
(3761, 152, 'goalkeeper'),
(3762, 152, 'defender'),
(3763, 152, 'defender'),
(3764, 152, 'defender'),
(3765, 152, 'defender'),
(3766, 152, 'defender'),
(3767, 152, 'defender'),
(3768, 152, 'defender'),
(3769, 152, 'defender'),
(3770, 152, 'defender'),
(3771, 152, 'defender'),
(3772, 152, 'defender'),
(3773, 152, 'midfielder'),
(3774, 152, 'midfielder'),
(3775, 152, 'midfielder'),
(3776, 152, 'midfielder'),
(3777, 152, 'midfielder'),
(3778, 152, 'midfielder'),
(3779, 152, 'attacker'),
(3780, 152, 'attacker'),
(3781, 152, 'attacker'),
(3782, 152, 'attacker'),
(3783, 152, 'attacker'),
(3784, 153, NULL),
(3785, 153, 'goalkeeper'),
(3786, 153, 'goalkeeper'),
(3787, 153, 'defender'),
(3788, 153, 'defender'),
(3789, 153, 'defender'),
(3790, 153, 'defender'),
(3791, 153, 'defender'),
(3792, 153, 'defender'),
(3793, 153, 'midfielder'),
(3794, 153, 'midfielder'),
(3795, 153, 'midfielder'),
(3796, 153, 'midfielder'),
(3797, 153, 'midfielder'),
(3798, 153, 'midfielder'),
(3799, 153, 'midfielder'),
(3800, 153, 'attacker'),
(3801, 153, 'attacker'),
(3802, 153, 'attacker'),
(3803, 153, 'attacker'),
(3804, 154, 'goalkeeper'),
(3805, 154, 'goalkeeper'),
(3806, 154, 'defender'),
(3807, 154, 'defender'),
(3808, 154, 'defender'),
(3809, 154, 'defender'),
(3810, 154, 'defender'),
(3811, 154, 'midfielder'),
(3812, 154, 'midfielder'),
(3813, 154, 'midfielder'),
(3814, 154, 'midfielder'),
(3815, 154, 'midfielder'),
(3816, 154, 'midfielder'),
(3817, 154, 'midfielder'),
(3818, 154, 'midfielder'),
(3819, 154, 'midfielder'),
(3820, 154, 'midfielder'),
(3821, 154, 'attacker'),
(3822, 154, 'attacker'),
(3823, 154, 'attacker'),
(3824, 155, 'goalkeeper'),
(3825, 155, 'goalkeeper'),
(3826, 155, 'goalkeeper'),
(3827, 155, 'goalkeeper'),
(3828, 155, 'defender'),
(3829, 155, 'defender'),
(3830, 155, NULL),
(3831, 155, 'defender'),
(3832, 155, 'defender'),
(3833, 155, 'midfielder'),
(3834, 155, 'midfielder'),
(3835, 155, 'midfielder'),
(3836, 155, NULL),
(3837, 155, 'midfielder'),
(3838, 155, NULL),
(3839, 155, 'midfielder'),
(3840, 155, 'midfielder'),
(3841, 155, NULL),
(3842, 155, NULL),
(3843, 155, 'midfielder'),
(3844, 155, 'midfielder'),
(3845, 155, 'attacker'),
(3846, 155, 'attacker'),
(3847, 155, 'attacker'),
(3848, 155, 'attacker'),
(3849, 155, NULL),
(3850, 155, 'attacker'),
(3851, 156, 'goalkeeper'),
(3852, 156, 'goalkeeper'),
(3853, 156, 'defender'),
(3854, 156, 'defender'),
(3855, 156, 'defender'),
(3856, 156, 'defender'),
(3857, 156, 'defender'),
(3858, 156, 'defender'),
(3859, 156, 'defender'),
(3860, 156, 'defender'),
(3861, 156, 'defender'),
(3862, 156, 'midfielder'),
(3863, 156, 'midfielder'),
(3864, 156, 'midfielder'),
(3865, 156, 'midfielder'),
(3866, 156, 'attacker'),
(3867, 156, 'attacker'),
(3868, 156, 'attacker'),
(3869, 156, 'attacker'),
(3870, 156, 'attacker'),
(3871, 156, 'attacker'),
(3872, 157, 'goalkeeper'),
(3873, 157, 'goalkeeper'),
(3874, 157, 'goalkeeper'),
(3875, 157, 'defender'),
(3876, 157, 'defender'),
(3877, 157, 'defender'),
(3878, 157, 'defender'),
(3879, 157, 'defender'),
(3880, 157, 'defender'),
(3881, 157, 'defender'),
(3882, 157, 'defender'),
(3883, 157, 'midfielder'),
(3884, 157, 'midfielder'),
(3885, 157, 'midfielder'),
(3886, 157, 'midfielder'),
(3887, 157, 'midfielder'),
(3888, 157, 'midfielder'),
(3889, 157, 'midfielder'),
(3890, 157, 'attacker'),
(3891, 157, 'attacker'),
(3892, 157, 'attacker'),
(3893, 157, 'attacker'),
(3894, 157, 'attacker'),
(3895, 158, 'goalkeeper'),
(3896, 158, 'goalkeeper'),
(3897, 158, 'goalkeeper'),
(3898, 158, 'defender'),
(3899, 158, 'midfielder'),
(3900, 158, 'midfielder'),
(3901, 158, 'midfielder'),
(3902, 158, 'midfielder'),
(3903, 158, 'midfielder'),
(3904, 158, 'midfielder'),
(3905, 158, 'midfielder'),
(3906, 158, 'midfielder'),
(3907, 158, 'midfielder'),
(3908, 158, 'midfielder'),
(3909, 158, 'midfielder'),
(3910, 158, 'midfielder'),
(3911, 158, 'attacker'),
(3912, 158, 'attacker'),
(3913, 158, 'attacker'),
(3914, 158, 'attacker'),
(3915, 158, 'attacker'),
(3916, 158, 'attacker'),
(3917, 159, 'goalkeeper'),
(3918, 159, 'goalkeeper'),
(3919, 159, 'goalkeeper'),
(3920, 159, 'defender'),
(3921, 159, 'defender'),
(3922, 159, 'defender'),
(3923, 159, 'defender'),
(3924, 159, 'defender'),
(3925, 159, NULL),
(3926, 159, 'midfielder'),
(3927, 159, 'midfielder'),
(3928, 159, 'midfielder'),
(3929, 159, 'midfielder'),
(3930, 159, 'midfielder'),
(3931, 159, 'midfielder'),
(3932, 159, 'attacker'),
(3933, 159, 'attacker'),
(3934, 159, NULL),
(3935, 159, 'attacker'),
(3936, 159, 'attacker'),
(3937, 160, 'goalkeeper'),
(3938, 160, 'goalkeeper'),
(3939, 160, 'defender'),
(3940, 160, 'defender'),
(3941, 160, NULL),
(3942, 160, NULL),
(3943, 160, 'defender'),
(3944, 160, 'defender'),
(3945, 160, 'midfielder'),
(3946, 160, 'midfielder'),
(3947, 160, 'midfielder'),
(3948, 160, 'midfielder'),
(3949, 160, 'midfielder'),
(3950, 160, 'attacker'),
(3951, 160, 'attacker'),
(3952, 160, 'attacker'),
(3953, 160, 'attacker'),
(3954, 160, 'attacker'),
(3955, 160, NULL),
(3956, 161, 'goalkeeper'),
(3957, 161, 'goalkeeper'),
(3958, 161, 'goalkeeper'),
(3959, 161, 'defender'),
(3960, 161, 'defender'),
(3961, 161, 'defender'),
(3962, 161, 'defender'),
(3963, 161, 'defender'),
(3964, 161, 'defender'),
(3965, 161, 'defender'),
(3966, 161, 'defender'),
(3967, 161, 'midfielder'),
(3968, 161, 'midfielder'),
(3969, 161, 'midfielder'),
(3970, 161, NULL),
(3971, 161, 'midfielder'),
(3972, 161, 'midfielder'),
(3973, 161, 'attacker'),
(3974, 161, 'attacker'),
(3975, 161, 'attacker'),
(3976, 162, 'goalkeeper'),
(3977, 162, 'goalkeeper'),
(3978, 162, 'defender'),
(3979, 162, 'defender'),
(3980, 162, 'defender'),
(3981, 162, 'defender'),
(3982, 162, 'defender'),
(3983, 162, 'midfielder'),
(3984, 162, 'midfielder'),
(3985, 162, NULL),
(3986, 162, 'midfielder'),
(3987, 162, 'midfielder'),
(3988, 162, 'attacker'),
(3989, 162, NULL),
(3990, 162, 'attacker'),
(3991, 162, NULL),
(3992, 162, 'attacker'),
(3993, 162, NULL),
(3994, 163, 'goalkeeper'),
(3995, 163, 'goalkeeper'),
(3996, 163, 'goalkeeper'),
(3997, 163, 'goalkeeper'),
(3998, 163, 'defender'),
(3999, 163, 'defender'),
(4000, 163, 'defender'),
(4001, 163, 'defender'),
(4002, 163, NULL),
(4003, 163, 'defender'),
(4004, 163, 'defender'),
(4005, 163, 'midfielder'),
(4006, 163, 'midfielder'),
(4007, 163, NULL),
(4008, 163, 'midfielder'),
(4009, 163, 'midfielder'),
(4010, 163, 'midfielder'),
(4011, 163, 'attacker'),
(4012, 163, 'attacker'),
(4013, 163, 'attacker'),
(4014, 163, 'attacker'),
(4015, 163, 'attacker'),
(4016, 163, 'attacker'),
(4017, 164, 'goalkeeper'),
(4018, 164, 'goalkeeper'),
(4019, 164, 'goalkeeper'),
(4020, 164, 'defender'),
(4021, 164, 'defender'),
(4022, 164, 'defender'),
(4023, 164, 'defender'),
(4024, 164, NULL),
(4025, 164, 'defender'),
(4026, 164, 'defender'),
(4027, 164, 'defender'),
(4028, 164, 'defender'),
(4029, 164, 'defender'),
(4030, 164, 'defender'),
(4031, 164, 'defender'),
(4032, 164, 'defender'),
(4033, 164, 'midfielder'),
(4034, 164, 'midfielder'),
(4035, 164, 'midfielder'),
(4036, 164, 'midfielder'),
(4037, 164, 'midfielder'),
(4038, 164, 'midfielder'),
(4039, 164, 'midfielder'),
(4040, 164, 'attacker'),
(4041, 164, 'attacker'),
(4042, 164, 'attacker'),
(4043, 164, NULL),
(4044, 164, NULL),
(4045, 165, 'goalkeeper'),
(4046, 165, 'goalkeeper'),
(4047, 165, 'goalkeeper'),
(4048, 165, 'defender'),
(4049, 165, 'defender'),
(4050, 165, 'defender'),
(4051, 165, 'defender'),
(4052, 165, 'defender'),
(4053, 165, 'defender'),
(4054, 165, 'defender'),
(4055, 165, 'defender'),
(4056, 165, 'midfielder'),
(4057, 165, 'midfielder'),
(4058, 165, 'midfielder'),
(4059, 165, 'midfielder'),
(4060, 165, 'attacker'),
(4061, 165, 'attacker'),
(4062, 165, 'attacker'),
(4063, 165, 'attacker'),
(4064, 166, 'goalkeeper'),
(4065, 166, 'goalkeeper'),
(4066, 166, 'goalkeeper'),
(4067, 166, 'defender'),
(4068, 166, 'defender'),
(4069, 166, 'defender'),
(4070, 166, 'defender'),
(4071, 166, 'defender'),
(4072, 166, 'defender'),
(4073, 166, 'defender'),
(4074, 166, 'midfielder'),
(4075, 166, 'midfielder'),
(4076, 166, 'midfielder'),
(4077, 166, 'midfielder'),
(4078, 166, 'midfielder'),
(4079, 166, 'midfielder'),
(4080, 166, 'midfielder'),
(4081, 166, 'midfielder'),
(4082, 166, 'midfielder'),
(4083, 166, 'attacker'),
(4084, 166, 'attacker'),
(4085, 166, 'attacker'),
(4086, 167, 'goalkeeper'),
(4087, 167, 'goalkeeper'),
(4088, 167, 'goalkeeper'),
(4089, 167, 'defender'),
(4090, 167, 'defender'),
(4091, 167, 'defender'),
(4092, 167, 'defender'),
(4093, 167, 'defender'),
(4094, 167, 'defender'),
(4095, 167, 'defender'),
(4096, 167, 'midfielder'),
(4097, 167, 'midfielder'),
(4098, 167, 'midfielder'),
(4099, 167, 'midfielder'),
(4100, 167, 'midfielder'),
(4101, 167, 'midfielder'),
(4102, 167, 'attacker'),
(4103, 167, 'attacker'),
(4104, 167, 'attacker'),
(4105, 167, 'attacker'),
(4106, 167, 'attacker'),
(4107, 168, 'goalkeeper'),
(4108, 168, 'goalkeeper'),
(4109, 168, 'defender'),
(4110, 168, 'defender'),
(4111, 168, 'defender'),
(4112, 168, 'defender'),
(4113, 168, 'defender'),
(4114, 168, 'defender'),
(4115, 168, 'defender'),
(4116, 168, 'midfielder'),
(4117, 168, 'midfielder'),
(4118, 168, 'midfielder'),
(4119, 168, 'midfielder'),
(4120, 168, 'midfielder'),
(4121, 168, 'midfielder'),
(4122, 168, 'midfielder'),
(4123, 168, 'attacker'),
(4124, 168, 'attacker'),
(4125, 168, 'attacker'),
(4126, 168, 'attacker'),
(4127, 168, 'attacker'),
(4128, 169, 'goalkeeper'),
(4129, 169, 'goalkeeper'),
(4130, 169, 'goalkeeper'),
(4131, 169, 'defender'),
(4132, 169, 'defender'),
(4133, 169, 'defender'),
(4134, 169, 'defender'),
(4135, 169, 'defender'),
(4136, 169, 'defender'),
(4137, 169, 'defender'),
(4138, 169, 'defender'),
(4139, 169, 'midfielder'),
(4140, 169, 'midfielder'),
(4141, 169, 'midfielder'),
(4142, 169, 'midfielder'),
(4143, 169, 'midfielder'),
(4144, 169, 'midfielder'),
(4145, 169, 'attacker'),
(4146, 169, 'attacker'),
(4147, 169, 'attacker'),
(4148, 169, 'attacker'),
(4149, 169, 'attacker'),
(4150, 169, 'attacker'),
(4151, 170, 'goalkeeper'),
(4152, 170, 'goalkeeper'),
(4153, 170, NULL),
(4154, 170, 'defender'),
(4155, 170, 'defender'),
(4156, 170, 'defender'),
(4157, 170, 'defender'),
(4158, 170, 'defender'),
(4159, 170, 'defender'),
(4160, 170, 'defender'),
(4161, 170, 'midfielder'),
(4162, 170, 'midfielder'),
(4163, 170, 'midfielder'),
(4164, 170, NULL),
(4165, 170, 'midfielder'),
(4166, 170, NULL),
(4167, 170, NULL),
(4168, 170, 'attacker'),
(4169, 170, 'attacker'),
(4170, 170, 'attacker'),
(4171, 170, 'attacker'),
(4172, 170, 'attacker'),
(4173, 171, 'goalkeeper'),
(4174, 171, 'goalkeeper'),
(4175, 171, 'defender'),
(4176, 171, 'defender'),
(4177, 171, NULL),
(4178, 171, 'defender'),
(4179, 171, 'defender'),
(4180, 171, 'defender'),
(4181, 171, 'defender'),
(4182, 171, 'midfielder'),
(4183, 171, 'midfielder'),
(4184, 171, 'midfielder'),
(4185, 171, NULL),
(4186, 171, 'midfielder'),
(4187, 171, 'midfielder'),
(4188, 171, 'midfielder'),
(4189, 171, 'midfielder'),
(4190, 171, 'midfielder'),
(4191, 171, 'midfielder'),
(4192, 171, 'midfielder'),
(4193, 171, 'attacker'),
(4194, 171, 'attacker'),
(4195, 171, 'attacker'),
(4196, 171, NULL),
(4197, 172, 'goalkeeper'),
(4198, 172, 'goalkeeper'),
(4199, 172, 'goalkeeper'),
(4200, 172, 'goalkeeper'),
(4201, 172, 'defender'),
(4202, 172, NULL),
(4203, 172, 'defender'),
(4204, 172, 'defender'),
(4205, 172, 'defender'),
(4206, 172, 'defender'),
(4207, 172, 'defender'),
(4208, 172, 'defender'),
(4209, 172, 'defender'),
(4210, 172, 'defender'),
(4211, 172, 'defender'),
(4212, 172, 'defender'),
(4213, 172, 'defender'),
(4214, 172, 'defender'),
(4215, 172, 'midfielder'),
(4216, 172, 'midfielder'),
(4217, 172, 'midfielder'),
(4218, 172, 'midfielder'),
(4219, 172, 'midfielder'),
(4220, 172, NULL),
(4221, 172, 'midfielder'),
(4222, 172, 'midfielder'),
(4223, 172, 'midfielder'),
(4224, 172, 'midfielder'),
(4225, 172, 'midfielder'),
(4226, 172, 'midfielder'),
(4227, 172, 'midfielder'),
(4228, 172, 'midfielder'),
(4229, 172, 'midfielder'),
(4230, 172, 'attacker'),
(4231, 172, 'attacker'),
(4232, 172, 'attacker'),
(4233, 172, 'attacker'),
(4234, 172, 'attacker'),
(4235, 172, 'attacker'),
(4236, 172, 'attacker'),
(4237, 172, 'attacker'),
(4238, 172, 'attacker'),
(4239, 172, 'attacker'),
(4240, 172, 'attacker'),
(4241, 172, 'attacker'),
(4242, 173, NULL),
(4243, 173, 'goalkeeper'),
(4244, 173, 'goalkeeper'),
(4246, 174, 'goalkeeper'),
(4247, 174, 'goalkeeper'),
(4248, 174, 'goalkeeper'),
(4249, 174, 'defender'),
(4250, 174, 'defender'),
(4251, 174, 'defender'),
(4252, 174, 'defender'),
(4253, 174, 'defender'),
(4254, 174, NULL),
(4255, 174, 'midfielder'),
(4256, 174, 'midfielder'),
(4257, 174, 'midfielder'),
(4258, 174, 'midfielder'),
(4259, 174, 'midfielder'),
(4260, 174, 'midfielder'),
(4261, 174, 'midfielder'),
(4262, 174, 'midfielder'),
(4263, 174, 'midfielder'),
(4264, 174, 'attacker'),
(4265, 174, 'attacker'),
(4266, 174, 'attacker'),
(4267, 174, 'attacker'),
(4268, 174, 'attacker'),
(4269, 175, 'goalkeeper'),
(4270, 175, 'goalkeeper'),
(4271, 175, 'goalkeeper'),
(4272, 175, 'defender'),
(4273, 175, 'defender'),
(4274, 175, 'defender'),
(4275, 175, 'defender'),
(4276, 175, 'defender'),
(4277, 175, 'midfielder'),
(4278, 175, 'midfielder'),
(4279, 175, 'midfielder'),
(4280, 175, 'midfielder'),
(4281, 175, 'midfielder'),
(4282, 175, 'midfielder'),
(4283, 175, 'midfielder'),
(4284, 175, 'attacker'),
(4285, 175, 'attacker'),
(4286, 175, 'attacker'),
(4287, 175, 'attacker'),
(4288, 175, 'attacker'),
(4289, 175, 'attacker'),
(4290, 175, 'attacker'),
(4291, 176, 'goalkeeper'),
(4292, 176, NULL),
(4293, 176, 'defender'),
(4294, 176, 'defender'),
(4295, 176, 'defender'),
(4296, 176, 'defender'),
(4297, 176, 'defender'),
(4298, 176, 'defender'),
(4299, 176, NULL),
(4300, 176, 'defender'),
(4301, 176, NULL),
(4302, 176, 'midfielder'),
(4303, 176, 'midfielder'),
(4304, 176, 'midfielder'),
(4305, 176, 'midfielder'),
(4306, 176, 'midfielder'),
(4307, 176, 'attacker'),
(4308, 176, 'attacker'),
(4309, 177, 'goalkeeper'),
(4310, 177, 'goalkeeper'),
(4311, 177, 'goalkeeper'),
(4312, 177, 'defender'),
(4313, 177, 'defender'),
(4314, 177, 'defender'),
(4315, 177, 'defender'),
(4316, 177, 'defender'),
(4317, 177, 'defender'),
(4318, 177, 'defender'),
(4319, 177, 'midfielder'),
(4320, 177, 'midfielder'),
(4321, 177, 'midfielder'),
(4322, 177, 'midfielder'),
(4323, 177, 'attacker'),
(4324, 177, 'attacker'),
(4325, 177, 'attacker'),
(4326, 177, 'attacker'),
(4327, 177, 'attacker'),
(4328, 177, 'attacker'),
(4329, 178, 'goalkeeper'),
(4330, 178, 'goalkeeper'),
(4331, 178, 'goalkeeper'),
(4332, 178, 'goalkeeper'),
(4333, 178, 'defender'),
(4334, 178, 'defender'),
(4335, 178, 'defender'),
(4336, 178, 'defender'),
(4337, 178, 'defender'),
(4338, 178, 'defender'),
(4339, 178, 'defender'),
(4340, 178, 'defender'),
(4341, 178, 'defender'),
(4342, 178, 'midfielder'),
(4343, 178, 'midfielder'),
(4344, 178, 'midfielder'),
(4345, 178, 'midfielder'),
(4346, 178, 'midfielder'),
(4347, 178, 'midfielder'),
(4348, 178, 'midfielder'),
(4349, 178, 'midfielder'),
(4350, 178, 'attacker'),
(4351, 178, 'attacker'),
(4352, 178, 'attacker'),
(4353, 178, 'attacker'),
(4354, 178, 'attacker'),
(4355, 178, 'attacker'),
(4356, 178, 'attacker'),
(4357, 179, 'goalkeeper'),
(4358, 179, 'goalkeeper'),
(4359, 179, 'goalkeeper'),
(4360, 179, 'defender'),
(4361, 179, NULL),
(4362, 179, 'defender'),
(4363, 179, 'defender'),
(4364, 179, 'defender'),
(4365, 179, 'defender'),
(4366, 179, 'defender'),
(4367, 179, NULL),
(4368, 179, 'defender'),
(4369, 179, 'midfielder');
INSERT INTO `playerPerTeam` (`player_id`, `team_id`, `position`) VALUES
(4370, 179, 'midfielder'),
(4371, 179, NULL),
(4372, 179, 'midfielder'),
(4373, 179, 'midfielder'),
(4374, 179, 'midfielder'),
(4375, 179, NULL),
(4376, 179, 'midfielder'),
(4377, 179, NULL),
(4378, 179, 'midfielder'),
(4379, 179, 'midfielder'),
(4380, 179, 'attacker'),
(4381, 179, 'attacker'),
(4382, 179, 'attacker'),
(4383, 179, NULL),
(4384, 179, 'attacker'),
(4385, 179, 'attacker'),
(4386, 179, 'attacker'),
(4387, 180, NULL),
(4388, 180, NULL),
(4389, 180, 'goalkeeper'),
(4390, 180, 'goalkeeper'),
(4391, 180, 'defender'),
(4392, 180, 'defender'),
(4393, 180, 'defender'),
(4394, 180, 'defender'),
(4395, 180, NULL),
(4396, 180, NULL),
(4397, 180, NULL),
(4398, 180, NULL),
(4399, 180, 'defender'),
(4400, 180, 'defender'),
(4401, 180, NULL),
(4402, 180, 'midfielder'),
(4403, 180, NULL),
(4404, 180, 'midfielder'),
(4405, 180, NULL),
(4406, 180, NULL),
(4407, 180, 'midfielder'),
(4408, 180, 'midfielder'),
(4409, 180, 'midfielder'),
(4410, 180, NULL),
(4411, 180, NULL),
(4412, 180, 'midfielder'),
(4413, 180, NULL),
(4414, 180, 'midfielder'),
(4415, 180, 'midfielder'),
(4416, 180, 'attacker'),
(4417, 180, NULL),
(4418, 180, 'attacker'),
(4419, 180, NULL),
(4420, 180, 'attacker'),
(4421, 180, NULL),
(4422, 180, NULL),
(4423, 181, 'goalkeeper'),
(4424, 181, 'goalkeeper'),
(4425, 181, 'goalkeeper'),
(4426, 181, 'defender'),
(4427, 181, 'defender'),
(4428, 181, 'defender'),
(4429, 181, 'defender'),
(4430, 181, 'defender'),
(4431, 181, 'defender'),
(4432, 181, 'defender'),
(4433, 181, 'defender'),
(4434, 181, 'defender'),
(4435, 181, 'defender'),
(4436, 181, 'midfielder'),
(4437, 181, 'midfielder'),
(4438, 181, 'midfielder'),
(4439, 181, 'midfielder'),
(4440, 181, 'midfielder'),
(4441, 181, 'midfielder'),
(4442, 181, 'attacker'),
(4443, 181, 'attacker'),
(4444, 181, 'attacker'),
(4445, 181, 'attacker'),
(4446, 182, 'goalkeeper'),
(4447, 182, 'goalkeeper'),
(4448, 182, 'defender'),
(4449, 182, 'defender'),
(4450, 182, 'defender'),
(4451, 182, 'defender'),
(4452, 182, 'defender'),
(4453, 182, 'defender'),
(4454, 182, 'defender'),
(4455, 182, 'midfielder'),
(4456, 182, 'midfielder'),
(4457, 182, 'midfielder'),
(4458, 182, 'midfielder'),
(4459, 182, 'midfielder'),
(4460, 182, 'midfielder'),
(4461, 182, 'midfielder'),
(4462, 182, 'attacker'),
(4463, 182, 'attacker'),
(4464, 182, 'attacker'),
(4465, 182, 'attacker'),
(4466, 182, 'attacker'),
(4467, 183, 'goalkeeper'),
(4468, 183, 'goalkeeper'),
(4469, 183, 'goalkeeper'),
(4470, 183, 'defender'),
(4471, 183, 'defender'),
(4472, 183, 'defender'),
(4473, 183, 'defender'),
(4474, 183, 'defender'),
(4475, 183, 'defender'),
(4476, 183, 'midfielder'),
(4477, 183, 'midfielder'),
(4478, 183, 'midfielder'),
(4479, 183, 'midfielder'),
(4480, 183, 'midfielder'),
(4481, 183, 'midfielder'),
(4482, 183, 'attacker'),
(4483, 183, 'attacker'),
(4484, 183, 'attacker'),
(4485, 183, 'attacker'),
(4486, 183, 'attacker'),
(4487, 184, 'goalkeeper'),
(4488, 184, 'goalkeeper'),
(4489, 184, 'defender'),
(4490, 184, 'defender'),
(4491, 184, 'defender'),
(4492, 184, 'defender'),
(4493, 184, 'midfielder'),
(4494, 184, 'midfielder'),
(4495, 184, 'midfielder'),
(4496, 184, 'midfielder'),
(4497, 184, 'midfielder'),
(4498, 184, 'midfielder'),
(4499, 184, 'midfielder'),
(4500, 184, 'midfielder'),
(4501, 184, 'midfielder'),
(4502, 184, 'attacker'),
(4503, 184, 'attacker'),
(4504, 184, 'attacker'),
(4505, 184, 'attacker'),
(4506, 184, ''),
(4507, 184, 'attacker'),
(4508, 185, 'goalkeeper'),
(4509, 185, 'goalkeeper'),
(4510, 185, 'goalkeeper'),
(4511, 185, 'defender'),
(4512, 185, 'defender'),
(4513, 185, 'defender'),
(4514, 185, 'defender'),
(4515, 185, 'defender'),
(4516, 185, 'defender'),
(4517, 185, 'defender'),
(4518, 185, 'defender'),
(4519, 185, 'midfielder'),
(4520, 185, 'midfielder'),
(4521, 185, 'midfielder'),
(4522, 185, 'midfielder'),
(4523, 185, 'midfielder'),
(4524, 185, 'midfielder'),
(4525, 185, 'midfielder'),
(4526, 185, NULL),
(4527, 185, 'midfielder'),
(4528, 185, 'midfielder'),
(4529, 185, 'midfielder'),
(4530, 185, 'attacker'),
(4531, 185, 'attacker'),
(4532, 185, 'attacker'),
(4533, 185, 'attacker'),
(4534, 185, 'attacker'),
(4535, 185, 'attacker'),
(4536, 185, 'attacker'),
(4537, 186, 'goalkeeper'),
(4538, 186, 'goalkeeper'),
(4539, 186, 'goalkeeper'),
(4540, 186, 'defender'),
(4541, 186, 'defender'),
(4542, 186, 'defender'),
(4543, 186, 'defender'),
(4544, 186, 'defender'),
(4545, 186, 'defender'),
(4546, 186, 'defender'),
(4547, 186, 'defender'),
(4548, 186, 'defender'),
(4549, 186, 'midfielder'),
(4550, 186, 'midfielder'),
(4551, 186, 'midfielder'),
(4552, 186, 'midfielder'),
(4553, 186, 'midfielder'),
(4554, 186, 'midfielder'),
(4555, 186, 'attacker'),
(4556, 186, 'attacker'),
(4557, 186, 'attacker'),
(4558, 186, 'attacker'),
(4559, 187, 'goalkeeper'),
(4560, 187, NULL),
(4561, 187, 'goalkeeper'),
(4562, 187, 'defender'),
(4563, 187, NULL),
(4564, 187, 'defender'),
(4565, 187, NULL),
(4566, 187, 'defender'),
(4567, 187, 'midfielder'),
(4568, 187, NULL),
(4569, 187, 'midfielder'),
(4570, 187, 'midfielder'),
(4571, 187, 'midfielder'),
(4572, 187, NULL),
(4573, 187, 'midfielder'),
(4574, 187, 'midfielder'),
(4575, 187, NULL),
(4576, 187, 'attacker'),
(4577, 187, 'attacker'),
(4578, 187, 'attacker'),
(4579, 188, 'goalkeeper'),
(4580, 188, 'goalkeeper'),
(4581, 188, 'goalkeeper'),
(4582, 188, 'defender'),
(4583, 188, 'defender'),
(4584, 188, 'defender'),
(4585, 188, 'defender'),
(4586, 188, 'defender'),
(4587, 188, 'midfielder'),
(4588, 188, 'midfielder'),
(4589, 188, 'midfielder'),
(4590, 188, 'midfielder'),
(4591, 188, 'midfielder'),
(4592, 188, 'midfielder'),
(4593, 188, 'midfielder'),
(4594, 188, 'midfielder'),
(4595, 188, 'attacker'),
(4596, 188, 'attacker'),
(4597, 188, 'attacker'),
(4598, 189, 'goalkeeper'),
(4599, 189, 'goalkeeper'),
(4600, 189, 'goalkeeper'),
(4601, 189, 'defender'),
(4602, 189, 'defender'),
(4603, 189, 'defender'),
(4604, 189, 'defender'),
(4605, 189, 'midfielder'),
(4606, 189, 'midfielder'),
(4607, 189, 'midfielder'),
(4608, 189, 'midfielder'),
(4609, 189, 'midfielder'),
(4610, 189, 'midfielder'),
(4611, 189, 'midfielder'),
(4612, 189, 'midfielder'),
(4613, 189, 'midfielder'),
(4614, 189, 'attacker'),
(4615, 189, 'attacker'),
(4616, 189, 'attacker'),
(4617, 189, 'attacker'),
(4618, 190, 'goalkeeper'),
(4619, 190, 'goalkeeper'),
(4620, 190, 'goalkeeper'),
(4621, 190, 'defender'),
(4622, 190, 'defender'),
(4623, 190, 'defender'),
(4624, 190, 'defender'),
(4625, 190, 'defender'),
(4626, 190, 'defender'),
(4627, 190, 'defender'),
(4628, 190, 'defender'),
(4629, 190, 'midfielder'),
(4630, 190, 'midfielder'),
(4631, 190, 'midfielder'),
(4632, 190, 'midfielder'),
(4633, 190, 'midfielder'),
(4634, 190, 'midfielder'),
(4635, 190, 'midfielder'),
(4636, 190, 'midfielder'),
(4637, 190, 'midfielder'),
(4638, 190, 'attacker'),
(4639, 190, 'attacker'),
(4640, 190, 'attacker'),
(4641, 190, 'attacker'),
(4642, 190, 'attacker'),
(4643, 191, 'goalkeeper'),
(4644, 191, 'goalkeeper'),
(4645, 191, 'goalkeeper'),
(4646, 191, 'goalkeeper'),
(4647, 191, 'goalkeeper'),
(4648, 191, 'goalkeeper'),
(4649, 191, 'defender'),
(4650, 191, 'defender'),
(4651, 191, 'defender'),
(4652, 191, 'defender'),
(4653, 191, 'defender'),
(4654, 191, 'defender'),
(4655, 191, 'defender'),
(4656, 191, 'defender'),
(4657, 191, 'defender'),
(4658, 191, 'midfielder'),
(4659, 191, 'midfielder'),
(4660, 191, 'midfielder'),
(4661, 191, 'midfielder'),
(4662, 191, 'midfielder'),
(4663, 191, 'midfielder'),
(4664, 191, 'midfielder'),
(4665, 191, 'midfielder'),
(4666, 191, 'midfielder'),
(4667, 191, 'midfielder'),
(4668, 191, 'midfielder'),
(4669, 191, 'midfielder'),
(4670, 191, 'midfielder'),
(4671, 191, 'midfielder'),
(4672, 191, 'midfielder'),
(4673, 191, 'midfielder'),
(4674, 191, 'attacker'),
(4675, 191, 'attacker'),
(4676, 191, 'attacker'),
(4677, 191, 'attacker'),
(4678, 192, 'goalkeeper'),
(4679, 192, 'goalkeeper'),
(4680, 192, 'goalkeeper'),
(4681, 192, 'defender'),
(4682, 192, 'defender'),
(4683, 192, 'defender'),
(4684, 192, 'defender'),
(4685, 192, 'defender'),
(4686, 192, 'defender'),
(4687, 192, 'defender'),
(4688, 192, 'defender'),
(4689, 192, 'defender'),
(4690, 192, 'midfielder'),
(4691, 192, 'midfielder'),
(4692, 192, 'midfielder'),
(4693, 192, 'midfielder'),
(4694, 192, 'midfielder'),
(4695, 192, 'midfielder'),
(4696, 192, NULL),
(4697, 192, 'attacker'),
(4698, 192, 'attacker'),
(4699, 192, 'attacker'),
(4700, 192, 'attacker'),
(4701, 192, 'attacker'),
(4702, 192, 'attacker'),
(4703, 193, 'goalkeeper'),
(4704, 193, 'goalkeeper'),
(4705, 193, 'goalkeeper'),
(4706, 193, 'defender'),
(4707, 193, 'defender'),
(4708, 193, 'defender'),
(4709, 193, 'defender'),
(4710, 193, 'defender'),
(4711, 193, 'defender'),
(4712, 193, 'defender'),
(4713, 193, 'midfielder'),
(4714, 193, 'midfielder'),
(4715, 193, 'midfielder'),
(4716, 193, 'midfielder'),
(4717, 193, 'midfielder'),
(4718, 193, 'midfielder'),
(4719, 193, 'midfielder'),
(4720, 193, 'midfielder'),
(4721, 193, 'attacker'),
(4722, 193, 'attacker'),
(4723, 193, 'attacker'),
(4724, 193, 'attacker'),
(4725, 194, 'goalkeeper'),
(4726, 194, 'goalkeeper'),
(4727, 194, 'goalkeeper'),
(4728, 194, 'goalkeeper'),
(4729, 194, 'goalkeeper'),
(4730, 194, 'defender'),
(4731, 194, 'defender'),
(4732, 194, 'defender'),
(4733, 194, 'defender'),
(4734, 194, 'defender'),
(4735, 194, 'defender'),
(4736, 194, 'midfielder'),
(4737, 194, 'midfielder'),
(4738, 194, 'midfielder'),
(4739, 194, 'midfielder'),
(4740, 194, 'midfielder'),
(4741, 194, 'midfielder'),
(4742, 194, 'midfielder'),
(4743, 194, 'midfielder'),
(4744, 194, 'midfielder'),
(4745, 194, 'midfielder'),
(4746, 194, 'midfielder'),
(4747, 194, 'midfielder'),
(4748, 194, 'midfielder'),
(4749, 194, 'midfielder'),
(4750, 194, 'attacker'),
(4751, 194, 'attacker'),
(4752, 194, 'attacker'),
(4753, 194, 'attacker'),
(4754, 195, 'goalkeeper'),
(4755, 195, 'goalkeeper'),
(4756, 195, 'goalkeeper'),
(4757, 195, 'goalkeeper'),
(4758, 195, 'goalkeeper'),
(4759, 195, 'defender'),
(4760, 195, 'defender'),
(4761, 195, 'defender'),
(4762, 195, 'defender'),
(4763, 195, 'defender'),
(4764, 195, 'defender'),
(4765, 195, 'defender'),
(4766, 195, 'defender'),
(4767, 195, 'defender'),
(4768, 195, 'defender'),
(4769, 195, 'defender'),
(4770, 195, 'defender'),
(4771, 195, 'defender'),
(4772, 195, 'midfielder'),
(4773, 195, 'midfielder'),
(4774, 195, 'midfielder'),
(4775, 195, 'midfielder'),
(4776, 195, 'midfielder'),
(4777, 195, 'midfielder'),
(4778, 195, 'midfielder'),
(4779, 195, 'midfielder'),
(4780, 195, 'midfielder'),
(4781, 195, 'attacker'),
(4782, 195, 'attacker'),
(4783, 195, 'attacker'),
(4784, 195, 'attacker'),
(4785, 195, 'attacker'),
(4786, 195, 'attacker'),
(4787, 196, 'goalkeeper'),
(4788, 196, 'goalkeeper'),
(4789, 196, 'goalkeeper'),
(4790, 196, 'defender'),
(4791, 196, 'defender'),
(4792, 196, 'defender'),
(4793, 196, 'defender'),
(4794, 196, 'defender'),
(4795, 196, 'midfielder'),
(4796, 196, 'midfielder'),
(4797, 196, 'midfielder'),
(4798, 196, 'midfielder'),
(4799, 196, 'midfielder'),
(4800, 196, 'midfielder'),
(4801, 196, 'attacker'),
(4802, 196, 'attacker'),
(4803, 196, 'attacker'),
(4804, 196, 'attacker'),
(4805, 196, 'attacker'),
(4806, 196, 'attacker'),
(4807, 196, 'attacker'),
(4808, 196, 'attacker'),
(4809, 196, 'attacker'),
(4810, 197, 'goalkeeper'),
(4811, 197, 'goalkeeper'),
(4812, 197, 'goalkeeper'),
(4813, 197, 'defender'),
(4814, 197, 'defender'),
(4815, 197, 'defender'),
(4816, 197, 'defender'),
(4817, 197, 'defender'),
(4818, 197, 'defender'),
(4819, 197, 'defender'),
(4820, 197, 'defender'),
(4821, 197, 'midfielder'),
(4822, 197, 'midfielder'),
(4823, 197, 'midfielder'),
(4824, 197, 'midfielder'),
(4825, 197, 'midfielder'),
(4826, 197, 'midfielder'),
(4827, 197, 'midfielder'),
(4828, 197, 'attacker'),
(4829, 197, 'attacker'),
(4830, 197, 'attacker'),
(4831, 198, 'goalkeeper'),
(4832, 198, 'goalkeeper'),
(4833, 198, 'defender'),
(4834, 198, 'defender'),
(4835, 198, 'defender'),
(4836, 198, 'defender'),
(4837, 198, 'defender'),
(4838, 198, 'defender'),
(4839, 198, 'defender'),
(4840, 198, 'defender'),
(4841, 198, 'defender'),
(4842, 198, 'defender'),
(4843, 198, 'midfielder'),
(4844, 198, 'midfielder'),
(4845, 198, 'midfielder'),
(4846, 198, 'midfielder'),
(4847, 198, 'midfielder'),
(4848, 198, 'midfielder'),
(4849, 198, 'midfielder'),
(4850, 198, 'attacker'),
(4851, 198, 'attacker'),
(4852, 198, 'attacker'),
(4853, 198, 'attacker'),
(4854, 199, 'goalkeeper'),
(4855, 199, 'goalkeeper'),
(4856, 199, 'defender'),
(4857, 199, 'defender'),
(4858, 199, 'defender'),
(4859, 199, 'defender'),
(4860, 199, 'defender'),
(4861, 199, 'defender'),
(4862, 199, 'defender'),
(4863, 199, 'defender'),
(4864, 199, 'midfielder'),
(4865, 199, 'midfielder'),
(4866, 199, 'midfielder'),
(4867, 199, 'midfielder'),
(4868, 199, 'midfielder'),
(4869, 199, 'attacker'),
(4870, 199, 'attacker'),
(4871, 199, 'attacker'),
(4872, 200, 'goalkeeper'),
(4873, 200, 'goalkeeper'),
(4874, 200, 'goalkeeper'),
(4875, 200, 'defender'),
(4876, 200, 'defender'),
(4877, 200, 'defender'),
(4878, 200, 'defender'),
(4879, 200, 'defender'),
(4880, 200, 'midfielder'),
(4881, 200, 'midfielder'),
(4882, 200, 'midfielder'),
(4883, 200, 'midfielder'),
(4884, 200, 'midfielder'),
(4885, 200, 'midfielder'),
(4886, 200, 'midfielder'),
(4887, 200, 'midfielder'),
(4888, 200, 'midfielder'),
(4889, 200, 'midfielder'),
(4890, 200, 'midfielder'),
(4891, 200, 'attacker'),
(4892, 200, 'attacker'),
(4893, 201, 'midfielder'),
(4894, 201, 'attacker'),
(4895, 202, 'goalkeeper'),
(4896, 202, 'goalkeeper'),
(4897, 202, NULL),
(4898, 202, 'defender'),
(4899, 202, 'defender'),
(4900, 202, 'defender'),
(4901, 202, 'defender'),
(4902, 202, 'defender'),
(4903, 202, 'defender'),
(4904, 202, 'defender'),
(4905, 202, 'midfielder'),
(4906, 202, 'midfielder'),
(4907, 202, 'midfielder'),
(4908, 202, 'midfielder'),
(4909, 202, 'midfielder'),
(4910, 202, 'attacker'),
(4911, 202, 'attacker'),
(4912, 202, 'attacker'),
(4913, 202, 'attacker'),
(4914, 202, 'attacker'),
(4915, 203, 'goalkeeper'),
(4916, 203, 'goalkeeper'),
(4917, 203, 'defender'),
(4918, 203, 'defender'),
(4919, 203, 'defender'),
(4920, 203, 'defender'),
(4921, 203, 'defender'),
(4922, 203, 'defender'),
(4923, 203, 'midfielder'),
(4924, 203, 'midfielder'),
(4925, 203, 'midfielder'),
(4926, 203, 'midfielder'),
(4927, 203, 'midfielder'),
(4928, 203, 'midfielder'),
(4929, 203, 'midfielder'),
(4930, 203, 'midfielder'),
(4931, 203, 'midfielder'),
(4932, 203, 'attacker'),
(4933, 203, 'attacker'),
(4934, 203, NULL),
(4935, 204, 'goalkeeper'),
(4936, 204, 'goalkeeper'),
(4937, 204, 'goalkeeper'),
(4938, 204, 'defender'),
(4939, 204, 'defender'),
(4940, 204, 'defender'),
(4941, 204, 'defender'),
(4942, 204, 'defender'),
(4943, 204, 'defender'),
(4944, 204, 'defender'),
(4945, 204, 'defender'),
(4946, 204, 'defender'),
(4947, 204, 'midfielder'),
(4948, 204, 'midfielder'),
(4949, 204, 'midfielder'),
(4950, 204, 'midfielder'),
(4951, 204, 'midfielder'),
(4952, 204, 'midfielder'),
(4953, 204, 'midfielder'),
(4954, 204, 'midfielder'),
(4955, 204, 'attacker'),
(4956, 204, 'attacker'),
(4957, 204, 'attacker'),
(4958, 205, 'goalkeeper'),
(4959, 205, 'goalkeeper'),
(4960, 205, 'defender'),
(4961, 205, 'defender'),
(4962, 205, 'defender'),
(4963, 205, 'defender'),
(4964, 205, 'defender'),
(4965, 205, 'defender'),
(4966, 205, 'midfielder'),
(4967, 205, 'midfielder'),
(4968, 205, 'midfielder'),
(4969, 205, 'midfielder'),
(4970, 205, 'midfielder'),
(4971, 205, 'midfielder'),
(4972, 205, 'midfielder'),
(4973, 205, 'midfielder'),
(4974, 205, 'midfielder'),
(4975, 205, 'attacker'),
(4976, 205, 'attacker'),
(4977, 205, 'attacker'),
(4978, 205, 'attacker'),
(4979, 206, 'goalkeeper'),
(4980, 206, 'goalkeeper'),
(4981, 206, 'goalkeeper'),
(4982, 206, 'defender'),
(4983, 206, NULL),
(4984, 206, 'defender'),
(4985, 206, 'defender'),
(4986, 206, 'defender'),
(4987, 206, NULL),
(4988, 206, 'defender'),
(4989, 206, 'defender'),
(4990, 206, 'defender'),
(4991, 206, 'defender'),
(4992, 206, 'defender'),
(4993, 206, 'midfielder'),
(4994, 206, 'midfielder'),
(4995, 206, 'midfielder'),
(4996, 206, NULL),
(4997, 206, 'midfielder'),
(4998, 206, 'midfielder'),
(4999, 206, 'midfielder'),
(5000, 206, NULL),
(5001, 206, 'midfielder'),
(5002, 206, 'midfielder'),
(5003, 206, 'attacker'),
(5004, 206, 'attacker'),
(5005, 206, NULL),
(5006, 206, 'attacker'),
(5007, 207, 'goalkeeper'),
(5008, 207, 'goalkeeper'),
(5009, 207, NULL),
(5010, 207, 'defender'),
(5011, 207, NULL),
(5012, 207, 'defender'),
(5013, 207, 'defender'),
(5014, 207, 'defender'),
(5015, 207, NULL),
(5016, 207, 'midfielder'),
(5017, 207, 'midfielder'),
(5018, 207, 'midfielder'),
(5019, 207, 'midfielder'),
(5020, 207, NULL),
(5021, 207, 'midfielder'),
(5022, 207, NULL),
(5023, 207, 'attacker'),
(5024, 207, 'attacker'),
(5025, 207, 'attacker'),
(5026, 207, 'attacker'),
(5027, 208, 'goalkeeper'),
(5028, 208, 'goalkeeper'),
(5029, 208, 'defender'),
(5030, 208, 'defender'),
(5031, 208, 'defender'),
(5032, 208, 'defender'),
(5033, 208, 'defender'),
(5034, 208, 'defender'),
(5035, 208, 'defender'),
(5036, 208, 'defender'),
(5037, 208, 'defender'),
(5038, 208, 'defender'),
(5039, 208, 'defender'),
(5040, 208, 'defender'),
(5041, 208, 'midfielder'),
(5042, 208, 'midfielder'),
(5043, 208, 'midfielder'),
(5044, 208, 'midfielder'),
(5045, 208, 'attacker'),
(5046, 208, 'attacker'),
(5047, 208, 'attacker'),
(5048, 208, 'attacker'),
(5049, 209, 'goalkeeper'),
(5050, 209, 'goalkeeper'),
(5051, 209, 'defender'),
(5052, 209, 'defender'),
(5053, 209, 'defender'),
(5054, 209, 'defender'),
(5055, 209, 'defender'),
(5056, 209, 'defender'),
(5057, 209, 'midfielder'),
(5058, 209, 'midfielder'),
(5059, 209, 'midfielder'),
(5060, 209, 'midfielder'),
(5061, 209, 'midfielder'),
(5062, 209, 'midfielder'),
(5063, 209, 'attacker'),
(5064, 209, 'attacker'),
(5065, 209, 'attacker'),
(5066, 209, 'attacker'),
(5067, 209, 'attacker'),
(5068, 209, 'attacker'),
(5069, 209, 'attacker'),
(5072, 66, 'attacker'),
(5073, 16, 'midfielder'),
(5074, 56, 'defender'),
(5075, 56, 'midfielder'),
(5076, 6, 'defender'),
(5077, 45, 'attacker'),
(5078, 45, 'attacker'),
(5079, 6, 'defender'),
(5080, 6, 'attacker'),
(5081, 29, 'midfielder'),
(5082, 29, 'attacker'),
(5083, 2, 'attacker'),
(5084, 2, 'attacker'),
(5085, 30, 'attacker'),
(5086, 30, 'attacker'),
(5087, 23, 'attacker'),
(5088, 23, 'attacker'),
(5089, 54, 'defender'),
(5090, 9, 'midfielder'),
(5091, 46, 'attacker'),
(5092, 111, 'defender'),
(5093, 54, 'midfielder'),
(5094, 111, 'attacker'),
(5095, 9, 'attacker'),
(5096, 9, 'attacker'),
(5097, 46, 'midfielder'),
(5098, 9, 'attacker'),
(5099, 7, 'defender'),
(5100, 7, 'midfielder'),
(5101, 137, 'midfielder'),
(5102, 7, 'attacker'),
(5103, 3, 'midfielder'),
(5104, 3, 'attacker'),
(5105, 3, 'midfielder'),
(5106, 3, 'attacker'),
(5107, 14, 'midfielder'),
(5108, 1, 'attacker'),
(5109, 14, 'midfielder'),
(5110, 34, 'attacker'),
(5111, 2, 'midfielder'),
(5112, 28, 'attacker'),
(5113, 28, 'attacker'),
(5114, 2, 'attacker'),
(5115, 28, 'attacker'),
(5116, 34, 'attacker'),
(5117, 72, 'defender'),
(5118, 11, 'defender'),
(5119, 11, 'attacker'),
(5120, 26, 'midfielder'),
(5121, 54, 'defender'),
(5122, 54, 'attacker'),
(5123, 11, 'midfielder'),
(5124, 26, 'attacker'),
(5125, 26, 'attacker'),
(5126, 6, 'attacker'),
(5127, 6, 'attacker'),
(5128, 6, 'midfielder'),
(5129, 6, 'attacker'),
(5130, 15, 'attacker'),
(5131, 21, 'attacker'),
(5132, 210, 'attacker'),
(5133, 210, 'midfielder'),
(5134, 21, 'attacker'),
(5135, 21, 'attacker'),
(5136, 19, 'attacker'),
(5137, 37, 'defender'),
(5138, 19, 'midfielder'),
(5139, 3, 'attacker'),
(5140, 3, 'midfielder'),
(5141, 94, 'attacker'),
(5142, 37, 'defender'),
(5143, 3, 'midfielder'),
(5144, 19, 'attacker'),
(5145, 36, 'attacker'),
(5146, 13, 'defender'),
(5147, 9, 'defender'),
(5148, 9, 'attacker'),
(5149, 38, 'midfielder'),
(5150, 38, 'midfielder'),
(5151, 47, 'midfielder'),
(5152, 60, 'attacker'),
(5153, 7, 'attacker'),
(5154, 7, 'attacker'),
(5155, 60, 'defender'),
(5156, 20, 'midfielder'),
(5157, 60, 'attacker'),
(5158, 47, 'attacker'),
(5159, 7, 'attacker'),
(5160, 7, 'midfielder'),
(5161, 7, 'midfielder'),
(5162, 89, 'attacker'),
(5163, 56, 'attacker'),
(5164, 56, 'attacker'),
(5165, 16, 'attacker'),
(5166, 8, 'attacker'),
(5167, 16, 'midfielder'),
(5168, 1, 'attacker'),
(5169, 49, 'attacker'),
(5170, 75, 'attacker'),
(5171, 75, 'midfielder'),
(5172, 49, 'defender'),
(5173, 17, 'defender'),
(5174, 17, 'attacker'),
(5175, 17, 'attacker'),
(5176, 17, 'midfielder'),
(5177, 49, 'midfielder'),
(5178, 1, 'attacker'),
(5179, 1, 'defender'),
(5180, 63, 'midfielder'),
(5181, 5, 'defender'),
(5182, 63, 'midfielder'),
(5183, 63, 'midfielder'),
(5184, 5, 'attacker'),
(5185, 5, 'midfielder'),
(5186, 54, 'attacker'),
(5187, 54, 'defender'),
(5188, 66, 'midfielder'),
(5189, 66, 'midfielder'),
(5190, 1, 'midfielder'),
(5191, 29, 'attacker'),
(5192, 1, 'defender'),
(5193, 54, 'defender'),
(5194, 1, 'attacker'),
(5195, 66, 'attacker'),
(5196, 66, 'attacker'),
(5197, 1, 'midfielder'),
(5198, 66, 'defender'),
(5199, 29, 'midfielder'),
(5200, 54, 'midfielder'),
(5201, 39, 'midfielder'),
(5202, 7, 'midfielder'),
(5203, 34, 'defender'),
(5204, 7, 'defender'),
(5205, 7, 'midfielder'),
(5206, 39, 'midfielder'),
(5207, 34, 'attacker'),
(5208, 39, 'defender'),
(5209, 39, 'midfielder'),
(5210, 7, 'defender'),
(5211, 7, 'defender'),
(5212, 56, 'midfielder'),
(5213, 56, 'midfielder'),
(5214, 13, 'midfielder'),
(5215, 13, 'defender'),
(5216, 13, 'attacker'),
(5217, 3, 'defender'),
(5218, 3, 'defender'),
(5219, 13, 'midfielder'),
(5220, 3, 'midfielder'),
(5221, 72, 'attacker'),
(5222, 72, 'attacker'),
(5223, 72, 'attacker'),
(5224, 50, 'attacker'),
(5225, 65, 'midfielder'),
(5226, 2, 'midfielder'),
(5227, 2, 'attacker'),
(5228, 2, 'defender'),
(5229, 2, 'attacker'),
(5230, 2, 'midfielder'),
(5231, 65, 'attacker'),
(5232, 2, 'midfielder'),
(5233, 65, 'defender'),
(5234, 65, 'midfielder'),
(5235, 6, 'attacker'),
(5236, 11, 'defender'),
(5237, 26, 'midfielder'),
(5238, 45, 'attacker'),
(5239, 11, 'midfielder'),
(5240, 26, 'midfielder'),
(5241, 9, 'attacker'),
(5242, 20, 'midfielder'),
(5243, 19, 'attacker'),
(5244, 19, 'midfielder'),
(5245, 9, 'attacker'),
(5246, 12, 'midfielder'),
(5247, 47, 'attacker'),
(5248, 47, 'midfielder'),
(5249, 12, 'defender'),
(5250, 18, 'midfielder'),
(5251, 18, 'midfielder'),
(5252, 49, 'defender'),
(5253, 12, 'midfielder'),
(5254, 18, 'attacker'),
(5255, 12, 'attacker'),
(5256, 18, 'attacker'),
(5257, 47, 'midfielder'),
(5258, 47, 'midfielder'),
(5259, 7, 'midfielder'),
(5260, 22, 'midfielder'),
(5261, 7, 'defender'),
(5262, 77, 'midfielder'),
(5263, 57, 'midfielder'),
(5264, 77, 'attacker'),
(5265, 57, 'defender'),
(5266, 57, 'attacker'),
(5267, 22, 'midfielder'),
(5268, 7, 'attacker'),
(5269, 77, 'attacker'),
(5270, 57, 'attacker'),
(5271, 57, 'midfielder'),
(5272, 14, 'attacker'),
(5273, 9, 'attacker'),
(5274, 50, 'defender'),
(5275, 40, 'attacker'),
(5276, 40, 'attacker'),
(5277, 9, 'midfielder'),
(5278, 14, 'midfielder'),
(5279, 40, 'midfielder'),
(5280, 23, 'defender'),
(5281, 16, 'attacker'),
(5282, 16, 'defender'),
(5283, 23, 'midfielder'),
(5284, 16, 'attacker'),
(5285, 16, 'defender'),
(5286, 66, 'attacker'),
(5287, 75, 'attacker'),
(5288, 16, 'attacker'),
(5289, 23, 'midfielder'),
(5290, 16, 'midfielder'),
(5291, 45, 'midfielder'),
(5292, 45, 'goalkeeper'),
(5293, 45, 'midfielder'),
(5294, 45, 'attacker'),
(5295, 54, 'defender'),
(5296, 45, 'midfielder'),
(5297, 54, 'attacker'),
(5298, 54, 'attacker'),
(5299, 1, 'midfielder'),
(5300, 73, 'attacker'),
(5301, 1, 'midfielder'),
(5302, 1, 'attacker'),
(5303, 56, 'midfielder'),
(5304, 19, 'attacker'),
(5305, 19, 'attacker'),
(5306, 19, 'midfielder'),
(5307, 15, 'midfielder'),
(5308, 15, 'attacker'),
(5309, 15, 'attacker'),
(5310, 15, 'attacker'),
(5311, 15, 'midfielder'),
(5312, 19, 'defender'),
(5313, 12, 'attacker'),
(5314, 211, 'defender'),
(5315, 2, 'midfielder'),
(5316, 2, 'attacker'),
(5317, 211, 'attacker'),
(5318, 211, 'midfielder'),
(5319, 37, 'midfielder'),
(5320, 37, 'midfielder'),
(5321, 211, 'defender'),
(5322, 11, 'attacker'),
(5323, 11, 'midfielder'),
(5324, 31, 'attacker'),
(5325, 4, 'attacker'),
(5326, 31, 'attacker'),
(5327, 11, 'attacker'),
(5328, 31, 'defender'),
(5329, 11, 'midfielder'),
(5330, 49, 'midfielder'),
(5331, 20, 'midfielder'),
(5332, 82, 'midfielder'),
(5333, 20, 'midfielder'),
(5334, 20, 'attacker'),
(5335, 6, 'attacker'),
(5336, 82, 'midfielder'),
(5337, 47, 'attacker'),
(5338, 6, 'defender'),
(5339, 8, 'midfielder'),
(5340, 13, 'attacker'),
(5341, 31, 'attacker'),
(5342, 31, 'midfielder'),
(5343, 4, 'attacker'),
(5344, 8, 'midfielder'),
(5345, 8, 'attacker'),
(5346, 8, 'attacker'),
(5347, 13, 'defender'),
(5348, 13, 'midfielder'),
(5349, 4, 'midfielder'),
(5350, 4, 'midfielder'),
(5351, 26, 'defender'),
(5352, 50, 'attacker'),
(5353, 50, 'attacker'),
(5354, 26, 'attacker'),
(5355, 7, 'attacker'),
(5356, 7, 'midfielder'),
(5357, 7, 'defender'),
(5358, 18, 'attacker'),
(5359, 26, 'midfielder'),
(5360, 50, 'attacker'),
(5361, 18, 'attacker'),
(5362, 26, 'attacker'),
(5363, 1, 'attacker'),
(5364, 1, 'midfielder'),
(5365, 56, 'defender'),
(5366, 56, 'attacker'),
(5367, 1, 'midfielder'),
(5368, 1, 'midfielder'),
(5369, 68, 'midfielder'),
(5370, 2, 'attacker'),
(5371, 6, 'midfielder'),
(5372, 45, 'attacker'),
(5373, 45, 'attacker'),
(5374, 45, 'attacker'),
(5375, 45, 'attacker'),
(5376, 6, 'attacker'),
(5377, 73, 'attacker'),
(5378, 73, 'midfielder'),
(5379, 73, 'midfielder'),
(5380, 45, 'attacker'),
(5381, 73, 'midfielder'),
(5382, 65, 'midfielder'),
(5383, 9, 'midfielder'),
(5384, 19, 'attacker'),
(5385, 65, 'attacker'),
(5386, 9, 'attacker'),
(5387, 19, 'midfielder'),
(5388, 12, 'attacker'),
(5389, 75, 'midfielder'),
(5390, 15, 'midfielder'),
(5391, 15, 'attacker'),
(5392, 12, 'defender'),
(5393, 77, 'attacker'),
(5394, 75, 'attacker'),
(5395, 77, 'attacker'),
(5396, 15, 'attacker'),
(5397, 9, 'attacker'),
(5398, 212, 'attacker'),
(5399, 212, 'midfielder'),
(5400, 212, 'midfielder'),
(5401, 13, 'defender'),
(5402, 212, 'attacker'),
(5403, 9, 'midfielder'),
(5404, 40, 'attacker'),
(5405, 40, 'midfielder'),
(5406, 13, 'attacker'),
(5407, 31, 'attacker'),
(5408, 31, 'attacker'),
(5409, 6, 'midfielder'),
(5410, 6, 'midfielder'),
(5411, 6, 'defender'),
(5412, 213, 'attacker'),
(5413, 213, 'midfielder'),
(5414, 213, 'midfielder'),
(5415, 213, 'midfielder'),
(5416, 7, 'attacker'),
(5417, 34, 'attacker'),
(5418, 7, 'attacker'),
(5419, 22, 'midfielder'),
(5420, 22, 'attacker'),
(5421, 26, 'midfielder'),
(5422, 26, 'attacker'),
(5423, 34, 'defender'),
(5424, 34, 'attacker'),
(5425, 4, 'attacker'),
(5426, 4, 'midfielder'),
(5427, 214, 'midfielder'),
(5428, 211, 'midfielder'),
(5429, 214, 'attacker'),
(5430, 67, 'midfielder'),
(5431, 214, 'midfielder'),
(5432, 211, 'attacker'),
(5433, 211, 'attacker'),
(5434, 67, 'midfielder'),
(5435, 214, 'midfielder'),
(5436, 4, 'midfielder'),
(5437, 12, 'defender'),
(5438, 12, 'defender'),
(5439, 12, 'midfielder'),
(5440, 12, 'attacker'),
(5441, 5, 'midfielder'),
(5442, 1, 'midfielder'),
(5443, 56, 'attacker'),
(5444, 12, 'midfielder'),
(5445, 1, 'defender'),
(5446, 5, 'attacker'),
(5447, 11, 'attacker'),
(5448, 65, 'midfielder'),
(5449, 15, 'attacker'),
(5450, 24, 'midfielder'),
(5451, 15, 'midfielder'),
(5452, 65, 'attacker'),
(5453, 11, 'defender'),
(5454, 9, 'attacker'),
(5455, 6, 'attacker'),
(5456, 6, 'defender'),
(5457, 56, 'attacker'),
(5458, 73, 'midfielder'),
(5459, 56, 'attacker'),
(5460, 56, 'attacker'),
(5461, 9, 'midfielder'),
(5462, 56, 'midfielder'),
(5463, 19, 'defender'),
(5464, 19, 'attacker'),
(5465, 12, 'attacker'),
(5466, 54, 'attacker'),
(5467, 19, 'attacker'),
(5468, 12, 'attacker'),
(5469, 100, 'attacker'),
(5470, 12, 'midfielder'),
(5471, 54, 'attacker'),
(5472, 12, 'attacker'),
(5473, 16, 'attacker'),
(5474, 213, 'midfielder'),
(5475, 213, 'midfielder'),
(5476, 213, 'attacker'),
(5477, 213, 'midfielder'),
(5478, 213, 'attacker'),
(5479, 213, 'attacker'),
(5480, 213, 'midfielder'),
(5481, 16, 'midfielder'),
(5482, 44, 'attacker'),
(5483, 44, 'midfielder'),
(5484, 213, 'attacker'),
(5485, 16, 'attacker'),
(5486, 16, 'midfielder'),
(5487, 16, 'attacker'),
(5488, 7, 'midfielder'),
(5489, 84, 'attacker'),
(5490, 27, 'attacker'),
(5491, 1, 'attacker'),
(5492, 84, 'attacker'),
(5493, 7, 'defender'),
(5494, 1, 'midfielder'),
(5495, 1, 'attacker'),
(5496, 5, 'attacker'),
(5497, 214, 'attacker'),
(5498, 23, 'attacker'),
(5499, 22, 'midfielder'),
(5500, 23, 'midfielder'),
(5501, 5, 'attacker'),
(5502, 23, 'midfielder'),
(5503, 23, 'attacker'),
(5504, 3, 'midfielder'),
(5505, 72, 'attacker'),
(5506, 77, 'midfielder'),
(5507, 77, 'attacker'),
(5508, 3, 'midfielder');

--
-- Dumping data for table `team`
--

INSERT INTO `team` (`id`, `name`, `country_id`, `coach_id`, `fifapoints`) VALUES
(1, 'Spain', 193, 1, 1460),
(2, 'Germany', 76, 2, 1340),
(3, 'Portugal', 169, 3, 1245),
(4, 'Colombia', 45, 4, 1186),
(5, 'Uruguay', 220, 5, 1181),
(6, 'Argentina', 9, 6, 1174),
(7, 'Brazil', 28, 7, 1174),
(8, 'Switzerland', 200, 8, 1161),
(9, 'Italy', 100, 9, 1115),
(10, 'Greece', 79, 10, 1082),
(11, 'England', 247, 11, 1043),
(12, 'Belgium', 20, 12, 1039),
(13, 'United States', 219, 13, 1015),
(14, 'Chile', 41, 14, 1011),
(15, 'Netherlands', 147, 15, 967),
(16, 'France', 70, 16, 935),
(17, 'Ukraine', 216, 17, 913),
(18, 'Russia', 174, 18, 903),
(19, 'Mexico', 135, 19, 876),
(20, 'Croatia', 51, 20, 871),
(21, 'Côte d''Ivoire', 50, 21, 830),
(22, 'Scotland', 250, 22, 825),
(23, 'Denmark', 55, 23, 819),
(24, 'Egypt', 60, 24, 798),
(25, 'Bosnia-Herzegovina', 26, 25, 795),
(26, 'Sweden', 199, 26, 795),
(27, 'Algeria', 3, 27, 795),
(28, 'Ecuador', 59, 28, 790),
(29, 'Slovenia', 189, 29, 787),
(30, 'Serbia', 248, 30, 759),
(31, 'Romania', 173, 31, 756),
(32, 'Honduras', 91, 32, 754),
(33, 'Armenia', 10, 33, 750),
(34, 'Costa Rica', 49, 34, 744),
(35, 'Panama', 162, 35, 739),
(36, 'Czech Republic', 54, 36, 731),
(37, 'Iran', 96, 37, 715),
(38, 'Ghana', 77, 38, 713),
(39, 'Turkey', 211, 39, 711),
(40, 'Austria', 13, 40, 673),
(41, 'Venezuela', 223, 41, 670),
(42, 'Cape Verde Islands', 37, 42, 665),
(43, 'Peru', 165, 43, 653),
(44, 'Hungary', 92, 44, 623),
(45, 'Nigeria', 153, 45, 620),
(46, 'Slovakia', 188, 46, 616),
(47, 'Japan', 103, 47, 613),
(48, 'Wales', 251, 48, 613),
(49, 'Tunisia', 210, 49, 597),
(50, 'Cameroon', 35, 50, 583),
(51, 'Guinea', 86, 51, 580),
(52, 'Finland', 69, 52, 578),
(53, 'Uzbekistan', 221, 53, 577),
(54, 'Paraguay', 164, 54, 555),
(55, 'Montenegro', 242, 55, 555),
(56, 'Korea Republic', 110, 56, 551),
(57, 'Norway', 157, 57, 551),
(58, 'Iceland', 93, 58, 546),
(59, 'Mali', 127, 59, 545),
(60, 'Australia', 12, 60, 545),
(61, 'Burkina Faso', 32, 61, 528),
(62, 'Libya', 118, 62, 522),
(63, 'Senegal', 183, 63, 511),
(64, 'Jordan', 105, 64, 510),
(65, 'Republic of Ireland', 98, 65, 504),
(66, 'South Africa', 192, 66, 500),
(67, 'UAE', 217, 67, 499),
(68, 'Bolivia', 25, NULL, 497),
(69, 'El Salvador', 61, 68, 488),
(70, 'Albania', 2, 69, 486),
(71, 'Sierra Leone', 186, 70, 484),
(72, 'Poland', 168, 71, 479),
(73, 'Bulgaria', 31, 72, 460),
(74, 'Zambia', 231, 73, 456),
(75, 'Saudi Arabia', 182, 74, 455),
(76, 'Trinidad and Tobago', 209, 75, 454),
(77, 'Morocco', 141, 76, 454),
(78, 'Israel', 99, 77, 450),
(79, 'Haiti', 89, 78, 446),
(80, 'Macedonia FYR', 122, 79, 443),
(81, 'Oman', 158, 80, 418),
(82, 'Jamaica', 101, 81, 414),
(83, 'Belarus', 19, 82, 404),
(84, 'Northern Ireland', 252, 83, 400),
(85, 'Azerbaijan', 14, 84, 398),
(86, 'Uganda', 215, 85, 395),
(87, 'Gabon', 73, 86, 386),
(88, 'Congo DR', 230, 87, 380),
(89, 'Togo', 206, 88, 374),
(90, 'Cuba', 52, 89, 371),
(91, 'Botswana', 27, NULL, 369),
(92, 'Congo', 47, 90, 367),
(93, 'Estonia', 64, 91, 366),
(94, 'Angola', 6, 92, 347),
(95, 'Qatar', 171, 93, 336),
(96, 'China PR', 42, 94, 333),
(97, 'Benin', 22, 95, 332),
(98, 'Zimbabwe', 232, 96, 329),
(99, 'Moldova', 137, 97, 325),
(100, 'Iraq', 97, 98, 324),
(101, 'Ethiopia', 65, 99, 319),
(102, 'Niger', 152, 100, 315),
(103, 'Georgia', 75, 101, 303),
(104, 'Lithuania', 120, 102, 293),
(105, 'Bahrain', 16, 103, 289),
(106, 'Kenya', 107, 104, 284),
(107, 'Central African Republic', 39, 105, 284),
(108, 'Kuwait', 111, 106, 283),
(109, 'Latvia', 114, 107, 273),
(110, 'Canada', 36, 108, 272),
(111, 'New Zealand', 150, 109, 271),
(112, 'Luxembourg', 121, 110, 266),
(113, 'Equatorial Guinea', 62, 111, 261),
(114, 'Mozambique', 142, 112, 252),
(115, 'Lebanon', 115, 113, 251),
(116, 'Vietnam', 224, 114, 242),
(117, 'Sudan', 195, 115, 241),
(118, 'Kazakhstan', 106, 116, 235),
(119, 'Liberia', 117, 117, 234),
(120, 'Namibia', 144, 118, 233),
(121, 'Malawi', 124, NULL, 227),
(122, 'Tanzania', 204, 119, 226),
(123, 'Afghanistan', 1, 120, 226),
(124, 'Guatemala', 84, 121, 224),
(125, 'Burundi', 33, 122, 215),
(126, 'Dominican Republic', 58, 123, 212),
(127, 'Malta', 128, 124, 204),
(128, 'Cyprus', 53, 125, 201),
(129, 'Suriname', 196, 126, 197),
(130, 'Rwanda', 175, 127, 197),
(131, 'Gambia', 74, 128, 190),
(132, 'Syria', 201, 129, 190),
(133, 'Tajikistan', 203, 130, 188),
(134, 'Grenada', 81, 131, 184),
(135, 'St. Vincent / Grenadines', 179, 132, 181),
(136, 'New Caledonia', 149, 133, 174),
(137, 'Korea DPR', 109, 134, 172),
(138, 'Lesotho', 116, NULL, 159),
(139, 'Antigua and Barbuda', 8, 135, 158),
(140, 'Thailand', 205, 136, 156),
(141, 'St. Lucia', 177, 137, 155),
(142, 'Malaysia', 125, 138, 153),
(143, 'Belize', 21, 139, 152),
(144, 'Philippines', 166, 140, 152),
(145, 'Singapore', 187, 141, 144),
(146, 'India', 94, 142, 144),
(147, 'Kyrgyzstan', 112, 143, 143),
(148, 'Puerto Rico', 170, 144, 143),
(149, 'Liechtenstein', 119, 145, 139),
(150, 'Guyana', 88, NULL, 137),
(151, 'Indonesia', 95, 146, 135),
(152, 'Mauritania', 132, 147, 127),
(153, 'Maldives', 126, 148, 124),
(154, 'St. Kitts and Nevis', 176, 149, 124),
(155, 'Aruba', 11, 150, 122),
(156, 'Turkmenistan', 212, 151, 119),
(157, 'Tahiti', 72, 152, 116),
(158, 'Hong Kong', 233, 153, 111),
(159, 'Nepal', 146, 154, 107),
(160, 'Dominica', 57, 155, 103),
(161, 'Pakistan', 159, 156, 102),
(162, 'Barbados', 18, 157, 101),
(163, 'Bangladesh', 17, 158, 98),
(164, 'Palestine', 161, 159, 91),
(165, 'Faroe Islands', 67, 160, 91),
(166, 'São Tomé e Príncipe', 181, 161, 86),
(167, 'Nicaragua', 151, 162, 84),
(168, 'Bermuda', 23, 163, 83),
(169, 'Chad', 40, 164, 80),
(170, 'Chinese Taipei', 202, 165, 78),
(171, 'Guam', 83, 166, 77),
(172, 'Solomon Islands', 190, 167, 75),
(173, 'Sri Lanka', 194, 168, 74),
(174, 'Laos', 113, 169, 73),
(175, 'Myanmar', 143, 170, 73),
(176, 'Mauritius', 133, 171, 67),
(177, 'Seychelles', 185, 172, 66),
(178, 'Curaçao', 255, 173, 65),
(179, 'Swaziland', 198, 174, 64),
(180, 'Yemen', 229, 175, 60),
(181, 'Vanuatu', 222, 176, 55),
(182, 'Fiji', 68, 177, 47),
(183, 'Samoa', 254, 178, 45),
(184, 'Comoros', 46, 179, 43),
(185, 'Guinea-Bissau', 87, NULL, 43),
(186, 'Bahamas', 15, 180, 40),
(187, 'Mongolia', 139, 181, 35),
(188, 'Montserrat', 140, 182, 33),
(189, 'Madagascar', 123, 183, 32),
(190, 'Cambodia', 34, 184, 28),
(191, 'Brunei', 30, 185, 26),
(192, 'Timor-Leste', 238, 186, 26),
(193, 'Tonga', 208, 187, 26),
(194, 'US Virgin Islands', 225, 188, 23),
(195, 'Cayman Islands', 38, 189, 21),
(196, 'Papua New Guinea', 163, NULL, 21),
(197, 'British Virgin Islands', 29, 190, 18),
(198, 'American Samoa', 4, 191, 18),
(199, 'Andorra', 5, 192, 16),
(200, 'Eritrea', 63, 193, 11),
(201, 'South Sudan', 253, 194, 10),
(202, 'Somalia', 191, 195, 8),
(203, 'Macao', 234, 196, 8),
(204, 'Djibouti', 56, 197, 6),
(205, 'Cook Islands', 48, 198, 5),
(206, 'Anguilla', 7, 199, 3),
(207, 'Bhutan', 24, 200, 0),
(208, 'San Marino', 180, NULL, 0),
(209, 'Turks and Caicos Islands', 213, NULL, 0),
(210, 'Serbia and Montenegro', 256, NULL, 0),
(211, 'Yugoslavia', 257, NULL, 0),
(212, 'Czechoslovakia', 258, NULL, 0),
(213, 'USSR', 259, NULL, 0),
(214, 'West Germany', 260, NULL, 0);

--
-- Dumping data for table `teamPerCompetition`
--

INSERT INTO `teamPerCompetition` (`team_id`, `competition_id`) VALUES
(1, 1),
(1, 2),
(1, 3),
(1, 4),
(1, 5),
(1, 6),
(1, 7),
(1, 8),
(2, 1),
(2, 2),
(2, 3),
(2, 4),
(2, 5),
(2, 6),
(3, 1),
(3, 2),
(3, 3),
(3, 4),
(3, 8),
(4, 1),
(4, 5),
(4, 6),
(4, 7),
(5, 1),
(5, 2),
(5, 4),
(5, 7),
(5, 8),
(6, 1),
(6, 2),
(6, 3),
(6, 4),
(6, 5),
(6, 6),
(6, 7),
(6, 8),
(7, 1),
(7, 2),
(7, 3),
(7, 4),
(7, 5),
(7, 6),
(7, 7),
(7, 8),
(8, 1),
(8, 2),
(8, 3),
(8, 6),
(9, 1),
(9, 2),
(9, 3),
(9, 4),
(9, 5),
(9, 6),
(9, 7),
(9, 8),
(10, 1),
(10, 2),
(10, 6),
(11, 1),
(11, 2),
(11, 3),
(11, 4),
(11, 5),
(11, 7),
(11, 8),
(12, 1),
(12, 4),
(12, 5),
(12, 6),
(12, 7),
(12, 8),
(13, 1),
(13, 2),
(13, 3),
(13, 4),
(13, 5),
(13, 6),
(13, 7),
(14, 1),
(14, 2),
(14, 5),
(15, 1),
(15, 2),
(15, 3),
(15, 5),
(15, 6),
(15, 7),
(16, 1),
(16, 2),
(16, 3),
(16, 4),
(16, 5),
(16, 8),
(17, 3),
(18, 1),
(18, 4),
(18, 6),
(19, 1),
(19, 2),
(19, 3),
(19, 4),
(19, 5),
(19, 6),
(19, 8),
(20, 1),
(20, 3),
(20, 4),
(20, 5),
(21, 1),
(21, 2),
(21, 3),
(22, 5),
(22, 7),
(22, 8),
(23, 2),
(23, 4),
(23, 5),
(23, 8),
(24, 7),
(25, 1),
(26, 3),
(26, 4),
(26, 6),
(26, 7),
(27, 1),
(27, 2),
(27, 8),
(28, 1),
(28, 3),
(28, 4),
(29, 2),
(29, 4),
(30, 2),
(31, 5),
(31, 6),
(31, 7),
(32, 1),
(32, 2),
(34, 1),
(34, 3),
(34, 4),
(34, 7),
(36, 3),
(37, 1),
(37, 3),
(37, 5),
(38, 1),
(38, 2),
(38, 3),
(39, 4),
(40, 5),
(40, 7),
(44, 8),
(45, 1),
(45, 2),
(45, 4),
(45, 5),
(45, 6),
(46, 2),
(47, 1),
(47, 2),
(47, 3),
(47, 4),
(47, 5),
(49, 3),
(49, 4),
(49, 5),
(50, 1),
(50, 2),
(50, 4),
(50, 5),
(50, 6),
(50, 7),
(54, 2),
(54, 3),
(54, 4),
(54, 5),
(54, 8),
(56, 1),
(56, 2),
(56, 3),
(56, 4),
(56, 5),
(56, 6),
(56, 7),
(56, 8),
(57, 5),
(57, 6),
(60, 1),
(60, 2),
(60, 3),
(63, 4),
(65, 4),
(65, 6),
(65, 7),
(66, 2),
(66, 4),
(66, 5),
(67, 7),
(68, 6),
(72, 3),
(72, 4),
(72, 8),
(73, 5),
(73, 6),
(73, 8),
(75, 3),
(75, 4),
(75, 5),
(75, 6),
(76, 3),
(77, 5),
(77, 6),
(77, 8),
(82, 5),
(84, 8),
(89, 3),
(94, 3),
(96, 4),
(100, 8),
(110, 8),
(111, 2),
(137, 2),
(210, 3),
(211, 5),
(211, 7),
(212, 7),
(213, 7),
(213, 8),
(214, 7),
(214, 8);

/*!40101 SET CHARACTER_SET_CLIENT=@OLD_CHARACTER_SET_CLIENT */;
/*!40101 SET CHARACTER_SET_RESULTS=@OLD_CHARACTER_SET_RESULTS */;
/*!40101 SET COLLATION_CONNECTION=@OLD_COLLATION_CONNECTION */;
