-- phpMyAdmin SQL Dump
-- version 3.5.8.2
-- http://www.phpmyadmin.net
--
-- Host: localhost
-- Generation Time: Mar 23, 2014 at 05:04 PM
-- Server version: 5.5.36-MariaDB
-- PHP Version: 5.5.10

SET SQL_MODE="NO_AUTO_VALUE_ON_ZERO";
SET time_zone = "+00:00";


/*!40101 SET @OLD_CHARACTER_SET_CLIENT=@@CHARACTER_SET_CLIENT */;
/*!40101 SET @OLD_CHARACTER_SET_RESULTS=@@CHARACTER_SET_RESULTS */;
/*!40101 SET @OLD_COLLATION_CONNECTION=@@COLLATION_CONNECTION */;
/*!40101 SET NAMES utf8 */;

--
-- Database: `coachcenter`
--

--
-- Dumping data for table `coach`
--

INSERT INTO `coach` (`id`, `name`) VALUES
(1, 'Vicente Del Bosque'),
(2, 'Joachim Löw'),
(3, 'Alejandro Javier Sabella'),
(4, 'Paulo Jorge Gomes Bento'),
(5, 'José Néstor Pekerman'),
(6, 'Óscar Washington Tabárez Silva'),
(7, 'Ottmar Hitzfeld'),
(8, 'Claudio Cesare Prandelli'),
(9, 'Luiz Elena Felipe Scolari'),
(10, 'Marc Wilmots'),
(11, 'Louis van Gaal'),
(12, 'Roy Hodgson'),
(13, 'Fernando Manuel Fernandes da Costa Santos'),
(14, 'Jürgen Klinsmann'),
(15, 'Jorge Luis Sampaoli Moya'),
(16, 'Niko Kovač'),
(17, 'Didier Deschamps'),
(18, 'Mikhail Ivanovich Fomenko'),
(19, 'Fabio Capello'),
(20, 'Miguel Ernesto Herrera Aguirre'),
(21, 'Safet Sušić'),
(22, 'Morten Olsen'),
(23, 'Reinaldo Rueda Rivera'),
(24, 'Sabri Lamouchi'),
(25, 'Vahid Halilhodžić'),
(26, 'Shawky Garib'),
(27, 'Erik Hamrén'),
(28, 'Ljubinko Drulović'),
(29, 'Julio César Dely Valdés'),
(30, 'Pavel Vrba'),
(31, 'Srečko Katanec'),
(32, 'Victor Piţurcă'),
(33, 'Ulisses Indalécio Silva Antunes'),
(34, 'Jorge Luis Pinto Afanador'),
(35, 'James Kwasi Appiah'),
(36, 'Luis Fernando Suárez Guzman'),
(37, 'Gordon Strachan'),
(38, 'Fatih Terim'),
(39, 'Manuel Plasencia'),
(40, 'Pablo Javier Bengoechea Dutra'),
(41, 'Bernard Challandes'),
(42, 'Carlos Manuel Brito Leal Queiróz'),
(43, 'Attila Pintér'),
(44, 'Nizar Khanfir'),
(45, 'Marcel Koller'),
(46, 'Branko Brnović'),
(47, 'Stephen Okechukwu Keshi'),
(48, 'Alberto Zaccheroni'),
(49, 'Chris Coleman'),
(50, 'Jan Kozák'),
(51, 'Volker Finke'),
(52, 'Lars Lagerbäck'),
(53, 'Michel Dussuyer'),
(54, 'Giovanni ''Gianni'' De Biasi'),
(55, 'Mirjalol Qosimov'),
(56, 'Henryk Kasperczak'),
(57, 'Per-Mathias Høgmo'),
(58, 'Mika Matti ''Mixu'' Paatelainen'),
(59, 'Víctor Genes'),
(60, 'Myung-Bo Hong'),
(61, 'Mahdi Ali Hassan Redha'),
(62, 'Paul Put'),
(63, 'Angelos Postecoglou'),
(64, 'Gordon Igesund'),
(65, 'Eli Guttmann'),
(66, 'Hossam Hassan Hussein'),
(67, 'Lyuboslav Penev'),
(68, 'Martin O''Neill'),
(69, 'Alain Giresse'),
(70, 'Javier Clemente Lazaro'),
(71, 'Johnny McKinstry'),
(72, 'Adam Nawałka'),
(73, 'Patrice Beaumelle'),
(74, 'Juan Ramón López Caro'),
(75, 'Stephen Hart'),
(76, 'Hassan Benabicha'),
(77, 'Alberto Agustin Castillo Gallardo'),
(78, 'Antonio Israel Blake Cantero'),
(79, 'Winfried Schäfer'),
(80, 'Paul Le Guen'),
(81, 'Boško Đurovski'),
(82, 'Georgi Kondratjev'),
(83, 'Jean-Santos Muntubile Ndiela'),
(84, 'Milutin Sredojević'),
(85, 'Michael Andrew Martin O''Neill'),
(86, 'Claude Le Roy'),
(87, 'Stéphane Bounguendza'),
(88, 'Didier Six'),
(89, 'Neil Emblen'),
(90, 'Berti Vogts'),
(91, 'Magnus Pehrsson'),
(92, 'Walter Benitez'),
(93, 'Didier Ollé-Nicolle'),
(94, 'Romeu Filemon'),
(95, 'Frank Jericho Nagbe'),
(96, 'Alain Perrin'),
(97, 'Temur Ketsbaia'),
(98, 'Djamel Belmadi'),
(99, 'Ian Gorowa'),
(100, 'Hakeem Shakir Al Azzawi'),
(101, 'Gernot Rohr'),
(102, 'Igoris Pankratjevas'),
(103, 'Anthony Hudson'),
(104, 'Hervé Lougoundji'),
(105, 'Ion Caras'),
(106, 'Adel Amrouche'),
(107, 'Jorvan Vieira'),
(108, 'Clemente Domingo Hernández Heres'),
(109, 'Benito Floro Sanz'),
(110, 'Marians Pahars'),
(111, 'João Chissano'),
(112, 'Giuseppe Giannini'),
(113, 'Kim Poulsen'),
(114, 'Alain Moizan'),
(115, 'Andoni Goikoetxea Olaskoaga'),
(116, 'Luc Holtz'),
(117, 'Nikola Kavazović'),
(118, 'Mohamed Abdallah Ahmed'),
(119, 'Pambos Christodoulou'),
(120, 'Ricardo Mannetti'),
(121, 'Van Phuc Hoang'),
(122, 'Sergio Enrique Pardo Valenzuela'),
(123, 'Mohammad Yousef Kargar'),
(124, 'Yury Krasnozhan'),
(125, 'Lotfy Naseem'),
(126, 'Thomas Dooley'),
(127, 'Roberto Gödeken'),
(128, 'Clark John'),
(129, 'Jong-Su Yun'),
(130, 'Pietro Ghedin'),
(131, 'Eric Nshimiyimana'),
(132, 'Peter Pierre Benoit Johnson'),
(133, 'Ahmad Al Shaar'),
(134, 'Eddy Etaeta'),
(135, 'Cornelius Bernard Huggins'),
(136, 'Ian Andrew Mork'),
(137, 'Ong Kim Swee'),
(138, 'Ýazguly Hojageldiýew'),
(139, 'Rolston Williams'),
(140, 'Pan-Gon Kim'),
(141, 'Francis Lastic'),
(142, 'Sergey Dvoryankov'),
(143, 'Surachai Jaturapattarapong'),
(144, 'Bernd Stange'),
(145, 'Jeaustin Campos Madriz'),
(146, 'Rene Pauritsch'),
(147, 'Wim Koevermans'),
(148, 'Alfred Riedl'),
(149, 'Patrice Neveu'),
(150, 'Jeffrey Hazel'),
(151, 'István Urbányi'),
(152, 'Mohammed Al Shamlan'),
(153, 'Ronnie Gustave'),
(154, 'Jack Stefanowski'),
(155, 'Colin Forde'),
(156, 'Giovanni Francesco Zacharias Franken'),
(157, 'Lars Christian Olsen'),
(158, 'Lodewijk de Kruif'),
(159, 'Jacob Moli'),
(160, 'Gustave Clément Nyoumba'),
(161, 'Jamal Mahmoud Abed Mahmoud'),
(162, 'Enrique Llena León'),
(163, 'Andrew Bascome'),
(164, 'Modou Kouta'),
(165, 'Kuei-jen Chen'),
(166, 'Kokichi Kimura'),
(167, 'Gary John White'),
(168, 'Radojko Avramović'),
(169, 'Cláudio Roberto Silveira'),
(170, 'Akbar Ebrahim Patel'),
(171, 'Jan Mak'),
(172, 'Ludwig Alberto'),
(173, 'Harris Bulunga'),
(174, 'Percy Avock'),
(175, 'Juan Carlos Buzzetti'),
(176, 'Malo Vaga'),
(177, 'Ali Mbaé Camara'),
(178, 'Kevin Davies'),
(179, 'Sami Hasan Saleh Al Hadi Al Nash'),
(180, 'Sandagdorj Erdenebat'),
(181, 'Sovannara Prak'),
(182, 'Kenny Dyer'),
(183, 'Franck Rajaonarisamba'),
(184, 'Oh-Son Kwon'),
(185, 'Emerson Ricardo Alcântara'),
(186, 'Chris Williams'),
(187, 'Eustace Bailey'),
(188, 'Carl Brown'),
(189, 'Avondale Williams'),
(190, 'Thomas Rongen'),
(191, 'Jesús Luis Álvarez de Eulate'),
(192, 'Negash Teklit Negassi'),
(193, 'Zoran Đorđević'),
(194, 'Sui Wing Leung'),
(195, 'Alfred Imonje'),
(196, 'Noureddine Gharsalli'),
(197, 'Shane Rufer'),
(198, 'Colin Johnson'),
(199, 'Kazunori Ohara');

--
-- Dumping data for table `continent`
--

INSERT INTO `continent` (`id`, `name`) VALUES
(1, '');

--
-- Dumping data for table `country`
--

INSERT INTO `country` (`id`, `name`, `continent_id`, `abbreviation`) VALUES
(1, 'Afghanistan', 1, 'AFG'),
(2, 'Albania', 1, 'ALB'),
(3, 'Algeria', 1, 'ALG'),
(4, 'American Samoa', 1, 'ASA'),
(5, 'Andorra', 1, 'AND'),
(6, 'Angola', 1, 'ANG'),
(7, 'Anguilla', 1, 'AIA'),
(8, 'Antigua and Barbuda', 1, 'ATG'),
(9, 'Argentina', 1, 'ARG'),
(10, 'Armenia', 1, 'ARM'),
(11, 'Aruba', 1, 'ARU'),
(12, 'Australia', 1, 'AUS'),
(13, 'Austria', 1, 'AUT'),
(14, 'Azerbaijan', 1, 'AZE'),
(15, 'Bahamas', 1, 'BAH'),
(16, 'Bahrain', 1, 'BHR'),
(17, 'Bangladesh', 1, 'BAN'),
(18, 'Barbados', 1, 'BRB'),
(19, 'Belarus', 1, 'BLR'),
(20, 'Belgium', 1, 'BEL'),
(21, 'Belize', 1, 'BLZ'),
(22, 'Benin', 1, 'BEN'),
(23, 'Bermuda', 1, 'BER'),
(24, 'Bhutan', 1, 'BHU'),
(25, 'Bolivia', 1, 'BOL'),
(26, 'Bosnia-Herzegovina', 1, 'BIH'),
(27, 'Botswana', 1, 'BOT'),
(28, 'Brazil', 1, 'BRA'),
(29, 'British Virgin Islands', 1, 'VGB'),
(30, 'Brunei Darussalam', 1, 'BRU'),
(31, 'Bulgaria', 1, 'BUL'),
(32, 'Burkina Faso', 1, 'BFA'),
(33, 'Burundi', 1, 'BDI'),
(34, 'Cambodia', 1, 'CAM'),
(35, 'Cameroon', 1, 'CMR'),
(36, 'Canada', 1, 'CAN'),
(37, 'Cape Verde Islands', 1, 'CPV'),
(38, 'Cayman Islands', 1, 'CAY'),
(39, 'Central African Republic', 1, 'CTA'),
(40, 'Chad', 1, 'CHA'),
(41, 'Chile', 1, 'CHI'),
(42, 'China PR', 1, 'CHN'),
(43, 'Chinese Taipei', 1, 'TPE'),
(44, 'Colombia', 1, 'COL'),
(45, 'Comoros', 1, 'COM'),
(46, 'Congo', 1, 'CGO'),
(47, 'Congo DR', 1, 'COD'),
(48, 'Cook Islands', 1, 'COK'),
(49, 'Costa Rica', 1, 'CRC'),
(50, 'Côte d''Ivoire', 1, 'CIV'),
(51, 'Croatia', 1, 'CRO'),
(52, 'Cuba', 1, 'CUB'),
(53, 'Curaçao', 1, 'CUW'),
(54, 'Cyprus', 1, 'CYP'),
(55, 'Czech Republic', 1, 'CZE'),
(56, 'Denmark', 1, 'DEN'),
(57, 'Djibouti', 1, 'DJI'),
(58, 'Dominica', 1, 'DMA'),
(59, 'Dominican Republic', 1, 'DOM'),
(60, 'Ecuador', 1, 'ECU'),
(61, 'Egypt', 1, 'EGY'),
(62, 'El Salvador', 1, 'SLV'),
(63, 'England', 1, 'ENG'),
(64, 'Equatorial Guinea', 1, 'EQG'),
(65, 'Eritrea', 1, 'ERI'),
(66, 'Estonia', 1, 'EST'),
(67, 'Ethiopia', 1, 'ETH'),
(68, 'Faroe Islands', 1, 'FRO'),
(69, 'Fiji', 1, 'FIJ'),
(70, 'Finland', 1, 'FIN'),
(71, 'France', 1, 'FRA'),
(72, 'Gabon', 1, 'GAB'),
(73, 'Gambia', 1, 'GAM'),
(74, 'Georgia', 1, 'GEO'),
(75, 'Germany', 1, 'GER'),
(76, 'Ghana', 1, 'GHA'),
(77, 'Greece', 1, 'GRE'),
(78, 'Grenada', 1, 'GRN'),
(79, 'Guam', 1, 'GUM'),
(80, 'Guatemala', 1, 'GUA'),
(81, 'Guinea', 1, 'GUI'),
(82, 'Guinea-Bissau', 1, 'GNB'),
(83, 'Guyana', 1, 'GUY'),
(84, 'Haiti', 1, 'HAI'),
(85, 'Honduras', 1, 'HON'),
(86, 'Hong Kong', 1, 'HKG'),
(87, 'Hungary', 1, 'HUN'),
(88, 'Iceland', 1, 'ISL'),
(89, 'India', 1, 'IND'),
(90, 'Indonesia', 1, 'IDN'),
(91, 'Iran', 1, 'IRN'),
(92, 'Iraq', 1, 'IRQ'),
(93, 'Israel', 1, 'ISR'),
(94, 'Italy', 1, 'ITA'),
(95, 'Jamaica', 1, 'JAM'),
(96, 'Japan', 1, 'JPN'),
(97, 'Jordan', 1, 'JOR'),
(98, 'Kazakhstan', 1, 'KAZ'),
(99, 'Kenya', 1, 'KEN'),
(100, 'Korea DPR', 1, 'PRK'),
(101, 'Korea Republic', 1, 'KOR'),
(102, 'Kuwait', 1, 'KUW'),
(103, 'Kyrgyzstan', 1, 'KGZ'),
(104, 'Laos', 1, 'LAO'),
(105, 'Latvia', 1, 'LVA'),
(106, 'Lebanon', 1, 'LIB'),
(107, 'Lesotho', 1, 'LES'),
(108, 'Liberia', 1, 'LBR'),
(109, 'Libya', 1, 'LBY'),
(110, 'Liechtenstein', 1, 'LIE'),
(111, 'Lithuania', 1, 'LTU'),
(112, 'Luxembourg', 1, 'LUX'),
(113, 'Macao', 1, 'MAC'),
(114, 'Macedonia FYR', 1, 'MKD'),
(115, 'Madagascar', 1, 'MAD'),
(116, 'Malawi', 1, 'MWI'),
(117, 'Malaysia', 1, 'MAS'),
(118, 'Maldives', 1, 'MDV'),
(119, 'Mali', 1, 'MLI'),
(120, 'Malta', 1, 'MLT'),
(121, 'Mauritania', 1, 'MTN'),
(122, 'Mauritius', 1, 'MRI'),
(123, 'Mexico', 1, 'MEX'),
(124, 'Moldova', 1, 'MDA'),
(125, 'Mongolia', 1, 'MNG'),
(126, 'Montenegro', 1, 'MNE'),
(127, 'Montserrat', 1, 'MSR'),
(128, 'Morocco', 1, 'MAR'),
(129, 'Mozambique', 1, 'MOZ'),
(130, 'Myanmar', 1, 'MYA'),
(131, 'Namibia', 1, 'NAM'),
(132, 'Nepal', 1, 'NEP'),
(133, 'Netherlands', 1, 'NED'),
(134, 'New Caledonia', 1, 'NCL'),
(135, 'New Zealand', 1, 'NZL'),
(136, 'Nicaragua', 1, 'NCA'),
(137, 'Niger', 1, 'NIG'),
(138, 'Nigeria', 1, 'NGA'),
(139, 'Northern Ireland', 1, 'NIR'),
(140, 'Norway', 1, 'NOR'),
(141, 'Oman', 1, 'OMA'),
(142, 'Pakistan', 1, 'PAK'),
(143, 'Palestine', 1, 'PLE'),
(144, 'Panama', 1, 'PAN'),
(145, 'Papua New Guinea', 1, 'PNG'),
(146, 'Paraguay', 1, 'PAR'),
(147, 'Peru', 1, 'PER'),
(148, 'Philippines', 1, 'PHI'),
(149, 'Poland', 1, 'POL'),
(150, 'Portugal', 1, 'POR'),
(151, 'Puerto Rico', 1, 'PUR'),
(152, 'Qatar', 1, 'QAT'),
(153, 'Ireland Republic', 1, 'IRL'),
(154, 'Romania', 1, 'ROU'),
(155, 'Russia', 1, 'RUS'),
(156, 'Rwanda', 1, 'RWA'),
(157, 'St. Kitts and Nevis', 1, 'SKN'),
(158, 'St. Lucia', 1, 'LCA'),
(159, 'St. Vincent and the Grenadines', 1, 'VIN'),
(160, 'Samoa', 1, 'SAM'),
(161, 'San Marino', 1, 'SMR'),
(162, 'São Tomé e Príncipe', 1, 'STP'),
(163, 'Saudi Arabia', 1, 'KSA'),
(164, 'Scotland', 1, 'SCO'),
(165, 'Senegal', 1, 'SEN'),
(166, 'Serbia', 1, 'SRB'),
(167, 'Seychelles', 1, 'SEY'),
(168, 'Sierra Leone', 1, 'SLE'),
(169, 'Singapore', 1, 'SIN'),
(170, 'Slovakia', 1, 'SVK'),
(171, 'Slovenia', 1, 'SVN'),
(172, 'Solomon Islands', 1, 'SOL'),
(173, 'Somalia', 1, 'SOM'),
(174, 'South Africa', 1, 'RSA'),
(175, 'Spain', 1, 'ESP'),
(176, 'Sri Lanka', 1, 'SRI'),
(177, 'Sudan', 1, 'SDN'),
(178, 'South Sudan', 1, 'SSD'),
(179, 'Suriname', 1, 'SUR'),
(180, 'Swaziland', 1, 'SWZ'),
(181, 'Sweden', 1, 'SWE'),
(182, 'Switzerland', 1, 'SUI'),
(183, 'Syria', 1, 'SYR'),
(184, 'Tahiti', 1, 'TAH'),
(185, 'Tajikistan', 1, 'TJK'),
(186, 'Tanzania', 1, 'TAN'),
(187, 'Thailand', 1, 'THA'),
(188, 'Timor-Leste', 1, 'TLS'),
(189, 'Togo', 1, 'TOG'),
(190, 'Tonga', 1, 'TGA'),
(191, 'Trinidad and Tobago', 1, 'TRI'),
(192, 'Tunisia', 1, 'TUN'),
(193, 'Turkey', 1, 'TUR'),
(194, 'Turkmenistan', 1, 'TKM'),
(195, 'Turks and Caicos Islands', 1, 'TCA'),
(196, 'Uganda', 1, 'UGA'),
(197, 'Ukraine', 1, 'UKR'),
(198, 'United Arab Emirates', 1, 'UAE'),
(199, 'United States', 1, 'USA'),
(200, 'Uruguay', 1, 'URU'),
(201, 'US Virgin Islands', 1, 'VIR'),
(202, 'Uzbekistan', 1, 'UZB'),
(203, 'Vanuatu', 1, 'VAN'),
(204, 'Venezuela', 1, 'VEN'),
(205, 'Vietnam', 1, 'VIE'),
(206, 'Wales', 1, 'WAL'),
(207, 'Yemen', 1, 'YEM'),
(208, 'Zambia', 1, 'ZAM'),
(209, 'Zimbabwe', 1, 'ZIM'),
(210, 'Bonaire', 1, 'BOE'),
(211, 'French Guiana', 1, 'GYF'),
(212, 'Gibraltar', 1, 'GIB'),
(213, 'Guadeloupe', 1, 'GPE'),
(214, 'Martinique', 1, 'MTQ'),
(215, 'Réunion', 1, 'REU'),
(216, 'Sint Maarten', 1, 'SXM'),
(217, 'Tuvalu', 1, 'TUV'),
(218, 'Zanzibar', 1, 'ZAN'),
(219, 'Kosovo', 1, 'KOS'),
(220, 'Federated States of Micronesia', 1, 'FSM'),
(221, 'Niue', 1, 'NIU'),
(222, 'Northern Mariana Islands', 1, 'NMI'),
(223, 'Palau', 1, 'PLW'),
(224, 'Saint-Martin', 1, 'SMT'),
(225, 'Aden', 1, 'ADE'),
(226, 'British Guiana', 1, 'BGU'),
(227, 'British Honduras', 1, 'BHO'),
(228, 'British India', 1, 'BIN'),
(229, 'Bohemia', 1, 'BOH'),
(230, 'Burma', 1, 'BUR'),
(231, 'Ceylon', 1, 'CEY'),
(232, 'Commonwealth of Independent States', 1, 'CIS'),
(233, 'Congo-Kinshasa', 1, 'CKN'),
(234, 'Congo-Brazzaville', 1, 'COB'),
(235, 'Czechoslovakia', 1, 'TCH'),
(236, 'Dahomey', 1, 'DAH'),
(237, 'Dutch East Indies', 1, 'DEI'),
(238, 'East Germany', 1, 'GDR'),
(239, 'Gold Coast', 1, 'GOC'),
(240, 'Ireland', 1, 'EIR'),
(241, 'Netherlands Antilles', 1, 'ANT'),
(242, 'New Hebrides', 1, 'HEB'),
(243, 'North Borneo', 1, 'NBO'),
(244, 'North Vietnam', 1, 'VNO'),
(245, 'North Yemen', 1, 'NYE'),
(246, 'Northern Rhodesia', 1, 'NRH'),
(247, 'Palestine, British Mandate', 1, 'PAL'),
(248, 'Rhodesia', 1, 'RHO'),
(249, 'Saar', 1, 'SAA'),
(250, 'Serbia and Montenegro', 1, 'SCG'),
(251, 'Siam', 1, 'SIA'),
(252, 'Southern Rhodesia', 1, 'SRH'),
(253, 'South Vietnam', 1, 'VSO'),
(254, 'South Yemen', 1, 'SYE'),
(255, 'Soviet Union', 1, 'URS'),
(256, 'Tanganyika', 1, 'TAA'),
(257, 'Taiwan', 1, 'TAI'),
(258, 'United Arab Republic', 1, 'UAR'),
(259, 'Upper Volta', 1, 'UPV'),
(260, 'West Germany', 1, 'FRG'),
(261, 'Western Samoa', 1, 'WSM'),
(262, 'Yugoslavia', 1, 'YUG'),
(263, 'Zaire', 1, 'ZAI'),
(264, 'Bosnia and Herzegovina', 1, 'BIH'),
(265, 'Cape Verde', 1, 'CPV'),
(266, 'South Korea', 1, 'KOR'),
(267, 'Republic of Ireland', 1, 'IRL'),
(268, 'Macau', 1, 'MAC'),
(269, 'Macedonia', 1, 'MKD'),
(270, 'North Korea', 1, 'PRK'),
(271, 'Saint Vincent and the Grenadines', 1, 'VIN'),
(272, 'Saint Lucia', 1, 'LCA'),
(273, 'Saint Kitts and Nevis', 1, 'SKN'),
(274, 'São Tomé and Príncipe', 1, 'STP'),
(275, 'Brunei', 1, 'BRU'),
(276, 'U.S. Virgin Islands', 1, 'VIR');

--
-- Dumping data for table `team`
--

INSERT INTO `team` (`id`, `name`, `country_id`, `coach_id`, `fifapoints`) VALUES
(1, 'Spain', 175, 1, 1510),
(2, 'Germany', 75, 2, 1336),
(3, 'Argentina', 9, 3, 1234),
(4, 'Portugal', 150, 4, 1199),
(5, 'Colombia', 44, 5, 1183),
(6, 'Uruguay', 200, 6, 1126),
(7, 'Switzerland', 182, 7, 1123),
(8, 'Italy', 94, 8, 1112),
(9, 'Brazil', 28, 9, 1104),
(10, 'Belgium', 20, 10, 1084),
(11, 'Netherlands', 133, 11, 1077),
(12, 'England', 63, 12, 1045),
(13, 'Greece', 77, 13, 1038),
(14, 'United States', 199, 14, 1017),
(15, 'Chile', 41, 15, 998),
(16, 'Croatia', 51, 16, 955),
(17, 'France', 71, 17, 929),
(18, 'Ukraine', 197, 18, 911),
(19, 'Russia', 155, 19, 889),
(20, 'Mexico', 123, 20, 888),
(21, 'Bosnia-Herzegovina', 26, 21, 863),
(22, 'Denmark', 56, 22, 858),
(23, 'Ecuador', 60, 23, 855),
(24, 'Côte d''Ivoire', 50, 24, 839),
(25, 'Algeria', 3, 25, 819),
(26, 'Egypt', 61, 26, 790),
(27, 'Sweden', 181, 27, 789),
(28, 'Serbia', 166, 28, 762),
(29, 'Panama', 144, 29, 755),
(30, 'Czech Republic', 55, 30, 748),
(31, 'Slovenia', 171, 31, 746),
(32, 'Romania', 154, 32, 740),
(33, 'Cape Verde Islands', 37, 33, 739),
(34, 'Costa Rica', 49, 34, 732),
(35, 'Ghana', 76, 35, 729),
(36, 'Honduras', 85, 36, 725),
(37, 'Scotland', 164, 37, 721),
(38, 'Turkey', 193, 38, 710),
(39, 'Venezuela', 204, 39, 704),
(40, 'Peru', 147, 40, 703),
(41, 'Armenia', 10, 41, 699),
(42, 'Iran', 91, 42, 692),
(43, 'Hungary', 87, 43, 652),
(44, 'Tunisia', 192, 44, 641),
(45, 'Austria', 13, 45, 641),
(46, 'Montenegro', 126, 46, 639),
(47, 'Nigeria', 138, 47, 626),
(48, 'Japan', 96, 48, 622),
(49, 'Wales', 206, 49, 609),
(50, 'Slovakia', 170, 50, 588),
(51, 'Cameroon', 35, 51, 588),
(52, 'Iceland', 88, 52, 582),
(53, 'Guinea', 81, 53, 572),
(54, 'Albania', 2, 54, 569),
(55, 'Uzbekistan', 202, 55, 565),
(56, 'Mali', 119, 56, 561),
(57, 'Norway', 140, 57, 559),
(58, 'Finland', 70, 58, 556),
(59, 'Paraguay', 146, 59, 554),
(60, 'Korea Republic', 101, 60, 552),
(61, 'UAE', 198, 61, 550),
(62, 'Burkina Faso', 32, 62, 548),
(63, 'Australia', 12, 63, 545),
(64, 'South Africa', 174, 64, 536),
(65, 'Israel', 93, 65, 526),
(66, 'Jordan', 97, 66, 521),
(67, 'Bulgaria', 31, 67, 518),
(68, 'Republic of Ireland', 153, 68, 513),
(69, 'Senegal', 165, 69, 512),
(70, 'Libya', 109, 70, 508),
(71, 'Sierra Leone', 168, 71, 481),
(72, 'Poland', 149, 72, 475),
(73, 'Zambia', 208, 73, 458),
(74, 'Saudi Arabia', 163, 74, 453),
(75, 'Trinidad and Tobago', 191, 75, 446),
(76, 'Morocco', 128, 76, 443),
(77, 'El Salvador', 62, 77, 438),
(78, 'Haiti', 84, 78, 430),
(79, 'Jamaica', 95, 79, 429),
(80, 'Oman', 141, 80, 426),
(81, 'Macedonia FYR', 114, 81, 421),
(82, 'Belarus', 19, 82, 420),
(83, 'Congo DR', 47, 83, 392),
(84, 'Uganda', 196, 84, 391),
(85, 'Northern Ireland', 139, 85, 388),
(86, 'Congo', 46, 86, 382),
(87, 'Gabon', 72, 87, 381),
(88, 'Togo', 189, 88, 377),
(89, 'New Zealand', 135, 89, 373),
(90, 'Azerbaijan', 14, 90, 369),
(91, 'Estonia', 66, 91, 367),
(92, 'Cuba', 52, 92, 362),
(93, 'Benin', 22, 93, 357),
(94, 'Angola', 6, 94, 348),
(95, 'Liberia', 108, 95, 347),
(96, 'China PR', 42, 96, 339),
(97, 'Georgia', 74, 97, 333),
(98, 'Qatar', 152, 98, 330),
(99, 'Zimbabwe', 209, 99, 328),
(100, 'Iraq', 92, 100, 317),
(101, 'Niger', 137, 101, 315),
(102, 'Lithuania', 111, 102, 314),
(103, 'Bahrain', 16, 103, 312),
(104, 'Central African Republic', 39, 104, 310),
(105, 'Moldova', 124, 105, 303),
(106, 'Kenya', 99, 106, 293),
(107, 'Kuwait', 102, 107, 287),
(108, 'Dominican Republic', 59, 108, 282),
(109, 'Canada', 36, 109, 279),
(110, 'Latvia', 105, 110, 265),
(111, 'Mozambique', 129, 111, 258),
(112, 'Lebanon', 106, 112, 254),
(113, 'Tanzania', 186, 113, 253),
(114, 'New Caledonia', 134, 114, 252),
(115, 'Equatorial Guinea', 64, 115, 251),
(116, 'Luxembourg', 112, 116, 242),
(117, 'Tajikistan', 185, 117, 237),
(118, 'Sudan', 177, 118, 236),
(119, 'Cyprus', 54, 119, 236),
(120, 'Namibia', 131, 120, 227),
(121, 'Vietnam', 205, 121, 224),
(122, 'Guatemala', 80, 122, 219),
(123, 'Afghanistan', 1, 123, 213),
(124, 'Kazakhstan', 98, 124, 213),
(125, 'Burundi', 33, 125, 211),
(126, 'Philippines', 148, 126, 200),
(127, 'Suriname', 179, 127, 197),
(128, 'Grenada', 78, 128, 192),
(129, 'Korea DPR', 100, 129, 191),
(130, 'Malta', 120, 130, 186),
(131, 'Rwanda', 156, 131, 186),
(132, 'Gambia', 73, 132, 184),
(133, 'Syria', 183, 133, 183),
(134, 'Tahiti', 184, 134, 179),
(135, 'St. Vincent / Grenadines', 159, 135, 177),
(136, 'Belize', 21, 136, 176),
(137, 'Malaysia', 117, 137, 175),
(138, 'Turkmenistan', 194, 138, 166),
(139, 'Antigua and Barbuda', 8, 139, 159),
(140, 'Hong Kong', 86, 140, 156),
(141, 'St. Lucia', 158, 141, 155),
(142, 'Kyrgyzstan', 103, 142, 155),
(143, 'Thailand', 187, 143, 151),
(144, 'Singapore', 169, 144, 144),
(145, 'Puerto Rico', 151, 145, 143),
(146, 'Liechtenstein', 110, 146, 139),
(147, 'India', 89, 147, 138),
(148, 'Indonesia', 90, 148, 128),
(149, 'Mauritania', 121, 149, 127),
(150, 'St. Kitts and Nevis', 157, 150, 125),
(151, 'Maldives', 118, 151, 114),
(152, 'Pakistan', 142, 152, 107),
(153, 'Dominica', 58, 153, 103),
(154, 'Nepal', 132, 154, 102),
(155, 'Barbados', 18, 155, 101),
(156, 'Aruba', 11, 156, 87),
(157, 'Faroe Islands', 68, 157, 87),
(158, 'Bangladesh', 17, 158, 87),
(159, 'Solomon Islands', 172, 159, 86),
(160, 'São Tomé e Príncipe', 162, 160, 86),
(161, 'Palestine', 143, 161, 85),
(162, 'Nicaragua', 136, 162, 84),
(163, 'Bermuda', 23, 163, 83),
(164, 'Chad', 40, 164, 81),
(165, 'Chinese Taipei', 43, 165, 76),
(166, 'Laos', 104, 166, 73),
(167, 'Guam', 79, 167, 68),
(168, 'Myanmar', 130, 168, 68),
(169, 'Sri Lanka', 176, 169, 68),
(170, 'Mauritius', 122, 170, 66),
(171, 'Seychelles', 167, 171, 66),
(172, 'Curaçao', 53, 172, 65),
(173, 'Swaziland', 180, 173, 63),
(174, 'Vanuatu', 203, 174, 55),
(175, 'Fiji', 69, 175, 47),
(176, 'Samoa', 160, 176, 45),
(177, 'Comoros', 45, 177, 41),
(178, 'Bahamas', 15, 178, 40),
(179, 'Yemen', 207, 179, 40),
(180, 'Mongolia', 125, 180, 38),
(181, 'Cambodia', 34, 181, 33),
(182, 'Montserrat', 127, 182, 33),
(183, 'Madagascar', 115, 183, 30),
(184, 'Brunei', 30, 184, 26),
(185, 'Timor-Leste', 188, 185, 26),
(186, 'Tonga', 190, 186, 26),
(187, 'US Virgin Islands', 201, 187, 23),
(188, 'Cayman Islands', 38, 188, 21),
(189, 'British Virgin Islands', 29, 189, 18),
(190, 'American Samoa', 4, 190, 18),
(191, 'Andorra', 5, 191, 15),
(192, 'Eritrea', 65, 192, 11),
(193, 'South Sudan', 178, 193, 10),
(194, 'Macao', 113, 194, 9),
(195, 'Somalia', 173, 195, 8),
(196, 'Djibouti', 57, 196, 6),
(197, 'Cook Islands', 48, 197, 5),
(198, 'Anguilla', 7, 198, 3),
(199, 'Bhutan', 24, 199, 0);

/*!40101 SET CHARACTER_SET_CLIENT=@OLD_CHARACTER_SET_CLIENT */;
/*!40101 SET CHARACTER_SET_RESULTS=@OLD_CHARACTER_SET_RESULTS */;
/*!40101 SET COLLATION_CONNECTION=@OLD_COLLATION_CONNECTION */;
